{
  "product": "bread_roll",
  "best_params": {
    "subsample": 0.7,
    "reg_lambda": 0.5,
    "reg_alpha": 0,
    "n_estimators": 100,
    "min_child_weight": 1,
    "max_depth": 3,
    "learning_rate": 0.08,
    "gamma": 0,
    "colsample_bytree": 1.0
  },
  "best_cv_mae": 4.436957979202271,
  "metrics": [
    {
      "set": "train",
      "mae": 2.7553904056549072,
      "mape_pct": 8.93175692322949,
      "rmse": 3.5717644942203077,
      "r2": 0.9103362560272217,
      "wape_pct": 8.291077670542883,
      "n": 253
    },
    {
      "set": "val",
      "mae": 4.1462082862854,
      "mape_pct": 13.633203884551065,
      "rmse": 5.300515693191516,
      "r2": 0.8464579582214355,
      "wape_pct": 13.011114667150267,
      "n": 30
    },
    {
      "set": "test",
      "mae": 4.554079055786133,
      "mape_pct": 12.905872542377436,
      "rmse": 6.393037597106526,
      "r2": 0.7200621366500854,
      "wape_pct": 13.800239948311239,
      "n": 30
    }
  ],
  "error_stats": {
    "std_dev": 5.208148077754704,
    "p5": -6.93160228729248,
    "p95": 8.417220497131346,
    "mae": 4.146208540598551,
    "n_samples": 30
  },
  "feature_importance": {
    "day_of_week": 0.44250133633613586,
    "rolling_7d_mean": 0.10319367796182632,
    "weather_rainy": 0.10237423330545425,
    "rainfall": 0.08483534306287766,
    "weather_storm": 0.06638221442699432,
    "weather_cloudy": 0.04023256152868271,
    "temperature": 0.029704837128520012,
    "weather_sunny": 0.029348844662308693,
    "is_public_holiday": 0.02469940111041069,
    "lag_7": 0.019124478101730347,
    "month": 0.0179078821092844,
    "lag_1": 0.015578827820718288,
    "day_of_month": 0.012151608243584633,
    "humidity": 0.011964742094278336,
    "is_weekend": 0.0,
    "is_ramadan": 0.0,
    "is_rainy": 0.0
  },
  "trained_on_rows": 283,
  "test_rows": 30
}