{
  "Fresh": {
    "std_dev": 3.3281972061036247,
    "p5": -3.6473423957824704,
    "p95": 6.438607883453368,
    "mae": 2.654993772506714,
    "n_samples": 60
  }
}