{
  "std_dev": 3.761721573133906,
  "p5": -6.785240745544433,
  "p95": 6.228984451293936,
  "mae": 2.7843050956726074,
  "n_samples": 30
}