{
  "std_dev": 5.208148077754704,
  "p5": -6.93160228729248,
  "p95": 8.417220497131346,
  "mae": 4.146208540598551,
  "n_samples": 30
}