{
  "Fresh": {
    "std_dev": 3.4297388391557577,
    "p5": -4.312578201293945,
    "p95": 5.8177388191223125,
    "mae": 2.677069981892904,
    "n_samples": 120
  }
}