{
  "product": "bread_roll",
  "best_params": {
    "subsample": 1.0,
    "reg_lambda": 2.0,
    "reg_alpha": 0,
    "n_estimators": 300,
    "min_child_weight": 1,
    "max_depth": 4,
    "learning_rate": 0.08,
    "gamma": 0.05,
    "colsample_bytree": 0.6
  },
  "best_cv_mae": 2.5050000667572023,
  "metrics": [
    {
      "set": "train",
      "mae": 1.4926574230194092,
      "mape_pct": 7.686328626245128,
      "rmse": 1.9820316325222274,
      "r2": 0.8721466064453125,
      "wape_pct": 7.297435963211428,
      "n": 506
    },
    {
      "set": "val",
      "mae": 2.654993772506714,
      "mape_pct": 13.729098524674527,
      "rmse": 3.354954992182869,
      "r2": 0.6525892019271851,
      "wape_pct": 12.867498089693283,
      "n": 60
    },
    {
      "set": "test",
      "mae": 2.69114351272583,
      "mape_pct": 13.168392240660173,
      "rmse": 3.4866198505835,
      "r2": 0.6076116561889648,
      "wape_pct": 12.546124047054832,
      "n": 60
    }
  ],
  "error_stats": {
    "Fresh": {
      "std_dev": 3.3281972061036247,
      "p5": -3.6473423957824704,
      "p95": 6.438607883453368,
      "mae": 2.654993772506714,
      "n_samples": 60
    }
  },
  "feature_importance": {
    "weather_rainy": 0.13869866728782654,
    "weather_storm": 0.13066940009593964,
    "rolling_7d_mean": 0.12326586991548538,
    "is_weekend": 0.10064192116260529,
    "rainfall": 0.08885369449853897,
    "weather_sunny": 0.08401253819465637,
    "weather_cloudy": 0.08280689269304276,
    "day_of_week": 0.07538310438394547,
    "is_rainy": 0.03920754790306091,
    "month": 0.02639857679605484,
    "freshness_Fresh": 0.024158284068107605,
    "temperature": 0.017385799437761307,
    "discount_rate": 0.013899493031203747,
    "humidity": 0.012944520451128483,
    "lag_7": 0.011740067042410374,
    "is_public_holiday": 0.010945726186037064,
    "lag_1": 0.010316736064851284,
    "day_of_month": 0.008671185933053493,
    "is_ramadan": 0.0,
    "freshness_Day-1": 0.0
  },
  "trained_on_rows": 566,
  "test_rows": 60
}