{
  "Fresh": {
    "std_dev": 3.7847665083606445,
    "p5": -5.4533994674682615,
    "p95": 7.852194976806641,
    "mae": 2.970598045984904,
    "n_samples": 120
  }
}