{
  "product": "bread_roll",
  "best_params": {
    "subsample": 0.9,
    "reg_lambda": 1.0,
    "reg_alpha": 0.01,
    "n_estimators": 300,
    "min_child_weight": 1,
    "max_depth": 4,
    "learning_rate": 0.05,
    "gamma": 0.1,
    "colsample_bytree": 0.6
  },
  "best_cv_mae": 2.7435123443603517,
  "metrics": [
    {
      "set": "train",
      "mae": 2.0018930435180664,
      "mape_pct": 9.249599943505801,
      "rmse": 2.5788307842224865,
      "r2": 0.8305950164794922,
      "wape_pct": 8.729760637676597,
      "n": 1012
    },
    {
      "set": "val",
      "mae": 2.677069664001465,
      "mape_pct": 11.922224799592017,
      "rmse": 3.5511489191006738,
      "r2": 0.6881074905395508,
      "wape_pct": 12.018271523649398,
      "n": 120
    },
    {
      "set": "test",
      "mae": 2.8180742263793945,
      "mape_pct": 11.613543458184044,
      "rmse": 3.7030013824303727,
      "r2": 0.6579303741455078,
      "wape_pct": 11.70539733818057,
      "n": 120
    }
  ],
  "error_stats": {
    "Fresh": {
      "std_dev": 3.4297388391557577,
      "p5": -4.312578201293945,
      "p95": 5.8177388191223125,
      "mae": 2.677069981892904,
      "n_samples": 120
    }
  },
  "feature_importance": {
    "rainfall": 0.130051389336586,
    "weather_storm": 0.12452469766139984,
    "day_of_week": 0.11272305250167847,
    "rolling_7d_mean": 0.10924398899078369,
    "is_weekend": 0.10554847121238708,
    "weather_rainy": 0.10496584326028824,
    "weather_cloudy": 0.04241076484322548,
    "temperature": 0.04160211980342865,
    "discount_rate": 0.04105387255549431,
    "weather_sunny": 0.027543729171156883,
    "is_public_holiday": 0.026584746316075325,
    "month": 0.022997090592980385,
    "freshness_Fresh": 0.02138967625796795,
    "freshness_Day-1": 0.01597229763865471,
    "humidity": 0.013049849309027195,
    "lag_7": 0.012776900082826614,
    "day_of_month": 0.012063656002283096,
    "is_rainy": 0.01182897575199604,
    "lag_1": 0.009965491481125355,
    "freshness_Discount": 0.009737621061503887,
    "freshness_Day-2": 0.003965774551033974,
    "is_ramadan": 0.0
  },
  "trained_on_rows": 1132,
  "test_rows": 120
}