{
  "product": "bread_coconut",
  "best_params": {
    "subsample": 1.0,
    "reg_lambda": 5.0,
    "reg_alpha": 0.01,
    "n_estimators": 500,
    "min_child_weight": 3,
    "max_depth": 4,
    "learning_rate": 0.01,
    "gamma": 0.2,
    "colsample_bytree": 0.7
  },
  "best_cv_mae": 2.3129369258880614,
  "metrics": [
    {
      "set": "train",
      "mae": 1.4605625867843628,
      "mape_pct": 8.536720950201204,
      "rmse": 1.8504200561579436,
      "r2": 0.8690447807312012,
      "wape_pct": 7.885666103175802,
      "n": 506
    },
    {
      "set": "val",
      "mae": 2.34738826751709,
      "mape_pct": 13.402218582232772,
      "rmse": 3.0917467509656955,
      "r2": 0.6218624711036682,
      "wape_pct": 12.508282652968411,
      "n": 60
    },
    {
      "set": "test",
      "mae": 2.539809465408325,
      "mape_pct": 12.713896668251193,
      "rmse": 3.1970823278532845,
      "r2": 0.6349921226501465,
      "wape_pct": 12.562947615256315,
      "n": 60
    }
  ],
  "error_stats": {
    "Fresh": {
      "std_dev": 3.0900481415292016,
      "p5": -4.593504428863525,
      "p95": 5.218050384521484,
      "mae": 2.347387711207072,
      "n_samples": 60
    }
  },
  "feature_importance": {
    "weather_rainy": 0.11423839628696442,
    "is_rainy": 0.11374913156032562,
    "rolling_7d_mean": 0.10665924847126007,
    "is_weekend": 0.10474243015050888,
    "weather_storm": 0.09458398818969727,
    "weather_cloudy": 0.08331820368766785,
    "day_of_week": 0.07895847409963608,
    "rainfall": 0.0770154595375061,
    "weather_sunny": 0.049840524792671204,
    "temperature": 0.03359787166118622,
    "freshness_Day-1": 0.023938441649079323,
    "freshness_Fresh": 0.022378170862793922,
    "discount_rate": 0.0223380234092474,
    "month": 0.020493553951382637,
    "humidity": 0.013519857078790665,
    "lag_7": 0.013416122645139694,
    "lag_1": 0.010668324306607246,
    "day_of_month": 0.009676405228674412,
    "is_public_holiday": 0.00686735799536109,
    "is_ramadan": 0.0
  },
  "trained_on_rows": 566,
  "test_rows": 60
}