{
  "Fresh": {
    "std_dev": 3.0900481415292016,
    "p5": -4.593504428863525,
    "p95": 5.218050384521484,
    "mae": 2.347387711207072,
    "n_samples": 60
  }
}