{
  "product": "bread_coconut",
  "best_params": {
    "subsample": 0.7,
    "reg_lambda": 1.0,
    "reg_alpha": 0.01,
    "n_estimators": 100,
    "min_child_weight": 7,
    "max_depth": 3,
    "learning_rate": 0.08,
    "gamma": 0.1,
    "colsample_bytree": 0.8
  },
  "best_cv_mae": 2.7558587074279783,
  "metrics": [
    {
      "set": "train",
      "mae": 1.9811758995056152,
      "mape_pct": 8.98039751283873,
      "rmse": 2.931335962007044,
      "r2": 0.8983524441719055,
      "wape_pct": 8.42840957385022,
      "n": 253
    },
    {
      "set": "val",
      "mae": 2.7843048572540283,
      "mape_pct": 12.941436718822793,
      "rmse": 3.7706423688273847,
      "r2": 0.8592240810394287,
      "wape_pct": 12.247676373926424,
      "n": 30
    },
    {
      "set": "test",
      "mae": 3.7135260105133057,
      "mape_pct": 14.739671098996762,
      "rmse": 5.329981147775715,
      "r2": 0.6777476072311401,
      "wape_pct": 15.537764603789048,
      "n": 30
    }
  ],
  "error_stats": {
    "std_dev": 3.761721573133906,
    "p5": -6.785240745544433,
    "p95": 6.228984451293936,
    "mae": 2.7843050956726074,
    "n_samples": 30
  },
  "feature_importance": {
    "is_weekend": 0.6731283068656921,
    "day_of_week": 0.1478092521429062,
    "is_rainy": 0.048421211540699005,
    "rainfall": 0.023549415171146393,
    "rolling_7d_mean": 0.018710773438215256,
    "weather_storm": 0.012786630541086197,
    "weather_rainy": 0.012505417689681053,
    "weather_sunny": 0.012237973511219025,
    "weather_cloudy": 0.011172531172633171,
    "humidity": 0.01007267739623785,
    "temperature": 0.008525252342224121,
    "lag_7": 0.005787892732769251,
    "lag_1": 0.005732442252337933,
    "month": 0.005642395932227373,
    "day_of_month": 0.003917854279279709,
    "is_public_holiday": 0.0,
    "is_ramadan": 0.0
  },
  "trained_on_rows": 283,
  "test_rows": 30
}