{
  "product": "bread_coconut",
  "best_params": {
    "subsample": 0.7,
    "reg_lambda": 1.0,
    "reg_alpha": 0.01,
    "n_estimators": 100,
    "min_child_weight": 7,
    "max_depth": 3,
    "learning_rate": 0.08,
    "gamma": 0.1,
    "colsample_bytree": 0.8
  },
  "best_cv_mae": 2.3730328559875487,
  "metrics": [
    {
      "set": "train",
      "mae": 1.9549468755722046,
      "mape_pct": 9.962712466358239,
      "rmse": 2.5449365833527864,
      "r2": 0.7979260683059692,
      "wape_pct": 9.613247172593839,
      "n": 1012
    },
    {
      "set": "val",
      "mae": 2.970597743988037,
      "mape_pct": 15.270262841297985,
      "rmse": 3.8401930563796025,
      "r2": 0.5178722143173218,
      "wape_pct": 15.041002764480528,
      "n": 120
    },
    {
      "set": "test",
      "mae": 2.592360496520996,
      "mape_pct": 11.476832810152917,
      "rmse": 3.4203236865073747,
      "r2": 0.672963559627533,
      "wape_pct": 11.752295665214952,
      "n": 120
    }
  ],
  "error_stats": {
    "Fresh": {
      "std_dev": 3.7847665083606445,
      "p5": -5.4533994674682615,
      "p95": 7.852194976806641,
      "mae": 2.970598045984904,
      "n_samples": 120
    }
  },
  "feature_importance": {
    "day_of_week": 0.16272059082984924,
    "rolling_7d_mean": 0.1287270188331604,
    "rainfall": 0.12424521893262863,
    "is_weekend": 0.11812448501586914,
    "weather_storm": 0.10841339081525803,
    "temperature": 0.07165452092885971,
    "weather_rainy": 0.04499618336558342,
    "discount_rate": 0.02871049754321575,
    "is_public_holiday": 0.02815205231308937,
    "month": 0.027989473193883896,
    "is_rainy": 0.019344361498951912,
    "weather_cloudy": 0.018720097839832306,
    "weather_sunny": 0.016780469566583633,
    "freshness_Fresh": 0.015841176733374596,
    "freshness_Discount": 0.015018166042864323,
    "lag_7": 0.013864286243915558,
    "day_of_month": 0.013810224831104279,
    "humidity": 0.012276253663003445,
    "lag_1": 0.012131794355809689,
    "freshness_Day-2": 0.011452344246208668,
    "freshness_Day-1": 0.007027423940598965,
    "is_ramadan": 0.0
  },
  "trained_on_rows": 1132,
  "test_rows": 120
}