{
  "product": "chiffon",
  "best_params": {
    "subsample": 0.7,
    "reg_lambda": 1.0,
    "reg_alpha": 0.01,
    "n_estimators": 100,
    "min_child_weight": 7,
    "max_depth": 3,
    "learning_rate": 0.08,
    "gamma": 0.1,
    "colsample_bytree": 0.8
  },
  "best_cv_mae": 1.8545099258422852,
  "metrics": [
    {
      "set": "train",
      "mae": 1.2928611040115356,
      "mape_pct": 9.76279787297105,
      "rmse": 1.6272240604332224,
      "r2": 0.8263057470321655,
      "wape_pct": 8.962704119804478,
      "n": 506
    },
    {
      "set": "val",
      "mae": 1.4253177642822266,
      "mape_pct": 10.982196075596669,
      "rmse": 1.893150723252036,
      "r2": 0.7321805357933044,
      "wape_pct": 9.852427821005543,
      "n": 60
    },
    {
      "set": "test",
      "mae": 1.6768516302108765,
      "mape_pct": 10.898198573733634,
      "rmse": 2.3379627238973977,
      "r2": 0.6651148796081543,
      "wape_pct": 10.935988840849504,
      "n": 60
    }
  ],
  "error_stats": {
    "Fresh": {
      "std_dev": 1.88381769964788,
      "p5": -3.2045209884643553,
      "p95": 3.4857763290405273,
      "mae": 1.425317891438802,
      "n_samples": 60
    }
  },
  "feature_importance": {
    "rolling_7d_mean": 0.14149242639541626,
    "weather_rainy": 0.12995663285255432,
    "is_weekend": 0.10537420958280563,
    "day_of_week": 0.0955272763967514,
    "weather_storm": 0.0900937020778656,
    "rainfall": 0.08071043342351913,
    "weather_cloudy": 0.0646696463227272,
    "weather_sunny": 0.0637359693646431,
    "discount_rate": 0.05223923921585083,
    "freshness_Fresh": 0.040004536509513855,
    "temperature": 0.02955268695950508,
    "month": 0.02528684027493,
    "lag_7": 0.022600729018449783,
    "day_of_month": 0.014175842516124249,
    "is_public_holiday": 0.013528123497962952,
    "lag_1": 0.011905929073691368,
    "humidity": 0.01183483749628067,
    "is_rainy": 0.007310886401683092,
    "is_ramadan": 0.0,
    "freshness_Day-1": 0.0
  },
  "trained_on_rows": 566,
  "test_rows": 60
}