{
  "Fresh": {
    "std_dev": 2.409621703350623,
    "p5": -3.252880096435547,
    "p95": 4.903879880905151,
    "mae": 1.94313534895579,
    "n_samples": 120
  }
}