{
  "product": "chiffon",
  "best_params": {
    "subsample": 0.6,
    "reg_lambda": 2.0,
    "reg_alpha": 0.01,
    "n_estimators": 300,
    "min_child_weight": 3,
    "max_depth": 3,
    "learning_rate": 0.03,
    "gamma": 0.1,
    "colsample_bytree": 1.0
  },
  "best_cv_mae": 2.64719557762146,
  "metrics": [
    {
      "set": "train",
      "mae": 1.5298643112182617,
      "mape_pct": 8.399706613892269,
      "rmse": 2.103631798273238,
      "r2": 0.9168555736541748,
      "wape_pct": 7.719498475709663,
      "n": 253
    },
    {
      "set": "val",
      "mae": 2.5878946781158447,
      "mape_pct": 13.651088574241497,
      "rmse": 3.4079340700121117,
      "r2": 0.8360734581947327,
      "wape_pct": 13.248607323031377,
      "n": 30
    },
    {
      "set": "test",
      "mae": 2.758437156677246,
      "mape_pct": 13.108655110045781,
      "rmse": 3.5295064216897964,
      "r2": 0.7603370547294617,
      "wape_pct": 13.4121747998403,
      "n": 30
    }
  ],
  "error_stats": {
    "std_dev": 3.384153669527447,
    "p5": -4.565099239349365,
    "p95": 6.004662227630606,
    "mae": 2.587894630432129,
    "n_samples": 30
  },
  "feature_importance": {
    "day_of_week": 0.5720265507698059,
    "rolling_7d_mean": 0.09203879535198212,
    "rainfall": 0.0666194036602974,
    "weather_rainy": 0.05367247387766838,
    "weather_storm": 0.03941828012466431,
    "weather_cloudy": 0.032807931303977966,
    "temperature": 0.027345502749085426,
    "weather_sunny": 0.020583506673574448,
    "month": 0.02048889920115471,
    "humidity": 0.020243309438228607,
    "lag_7": 0.019108600914478302,
    "day_of_month": 0.018638020381331444,
    "lag_1": 0.017008665949106216,
    "is_weekend": 0.0,
    "is_public_holiday": 0.0,
    "is_ramadan": 0.0,
    "is_rainy": 0.0
  },
  "trained_on_rows": 283,
  "test_rows": 30
}