{
  "Fresh": {
    "std_dev": 1.88381769964788,
    "p5": -3.2045209884643553,
    "p95": 3.4857763290405273,
    "mae": 1.425317891438802,
    "n_samples": 60
  }
}