{
  "std_dev": 3.384153669527447,
  "p5": -4.565099239349365,
  "p95": 6.004662227630606,
  "mae": 2.587894630432129,
  "n_samples": 30
}