{
  "product": "chiffon",
  "best_params": {
    "subsample": 0.9,
    "reg_lambda": 0.5,
    "reg_alpha": 1.0,
    "n_estimators": 100,
    "min_child_weight": 7,
    "max_depth": 4,
    "learning_rate": 0.08,
    "gamma": 0.2,
    "colsample_bytree": 0.6
  },
  "best_cv_mae": 1.9709299325942993,
  "metrics": [
    {
      "set": "train",
      "mae": 1.396594524383545,
      "mape_pct": 9.141182737156345,
      "rmse": 1.8090745851103507,
      "r2": 0.8370285034179688,
      "wape_pct": 8.748165490928928,
      "n": 1012
    },
    {
      "set": "val",
      "mae": 1.943135380744934,
      "mape_pct": 12.570902593864815,
      "rmse": 2.48520545754858,
      "r2": 0.6069822311401367,
      "wape_pct": 12.570147809956595,
      "n": 120
    },
    {
      "set": "test",
      "mae": 1.8177528381347656,
      "mape_pct": 10.902401651445762,
      "rmse": 2.205234897064916,
      "r2": 0.7567379474639893,
      "wape_pct": 10.676962992051507,
      "n": 120
    }
  ],
  "error_stats": {
    "Fresh": {
      "std_dev": 2.409621703350623,
      "p5": -3.252880096435547,
      "p95": 4.903879880905151,
      "mae": 1.94313534895579,
      "n_samples": 120
    }
  },
  "feature_importance": {
    "weather_storm": 0.13869649171829224,
    "weather_rainy": 0.1188940480351448,
    "rolling_7d_mean": 0.11242148280143738,
    "day_of_week": 0.11228257417678833,
    "is_weekend": 0.10600104182958603,
    "rainfall": 0.09119810163974762,
    "discount_rate": 0.06641240417957306,
    "temperature": 0.03714390844106674,
    "weather_cloudy": 0.03212428838014603,
    "is_public_holiday": 0.02703806571662426,
    "month": 0.023897357285022736,
    "weather_sunny": 0.023517603054642677,
    "freshness_Fresh": 0.019893961027264595,
    "freshness_Day-1": 0.017742600291967392,
    "lag_7": 0.012845159508287907,
    "lag_1": 0.011342030949890614,
    "freshness_Discount": 0.011181401088833809,
    "humidity": 0.011135052889585495,
    "day_of_month": 0.0092465216293931,
    "freshness_Day-2": 0.009243471547961235,
    "is_rainy": 0.007742433343082666,
    "is_ramadan": 0.0
  },
  "trained_on_rows": 1132,
  "test_rows": 120
}