{
  "product": "croissant",
  "best_params": {
    "subsample": 0.9,
    "reg_lambda": 1.0,
    "reg_alpha": 0.01,
    "n_estimators": 300,
    "min_child_weight": 1,
    "max_depth": 4,
    "learning_rate": 0.05,
    "gamma": 0.1,
    "colsample_bytree": 0.6
  },
  "best_cv_mae": 4.098729848861694,
  "metrics": [
    {
      "set": "train",
      "mae": 2.8969640731811523,
      "mape_pct": 8.99889161785001,
      "rmse": 3.6720062881698454,
      "r2": 0.8484747409820557,
      "wape_pct": 8.446349009626779,
      "n": 1012
    },
    {
      "set": "val",
      "mae": 4.6902875900268555,
      "mape_pct": 14.495539397519508,
      "rmse": 5.993392166737184,
      "r2": 0.6045637130737305,
      "wape_pct": 14.23816179101328,
      "n": 120
    },
    {
      "set": "test",
      "mae": 4.142764568328857,
      "mape_pct": 10.867784910950462,
      "rmse": 5.411723458701214,
      "r2": 0.7001098394393921,
      "wape_pct": 11.199183377040134,
      "n": 120
    }
  ],
  "error_stats": {
    "Fresh": {
      "std_dev": 5.911820236971723,
      "p5": -8.11602725982666,
      "p95": 11.530263137817382,
      "mae": 4.690287796656291,
      "n_samples": 120
    }
  },
  "feature_importance": {
    "day_of_week": 0.13136819005012512,
    "rainfall": 0.11638755351305008,
    "weather_storm": 0.10699145495891571,
    "weather_rainy": 0.10426340997219086,
    "is_weekend": 0.10322707891464233,
    "rolling_7d_mean": 0.10298005491495132,
    "discount_rate": 0.05538110062479973,
    "is_public_holiday": 0.044057950377464294,
    "temperature": 0.03659658133983612,
    "weather_cloudy": 0.03467513620853424,
    "weather_sunny": 0.028946172446012497,
    "freshness_Fresh": 0.022887926548719406,
    "month": 0.02171419933438301,
    "freshness_Discount": 0.015605442225933075,
    "is_rainy": 0.015111741609871387,
    "lag_7": 0.014295108616352081,
    "freshness_Day-1": 0.010663793422281742,
    "humidity": 0.010354605503380299,
    "day_of_month": 0.010139340534806252,
    "lag_1": 0.00850080605596304,
    "freshness_Day-2": 0.005852351430803537,
    "is_ramadan": 0.0
  },
  "trained_on_rows": 1132,
  "test_rows": 120
}