{
  "product": "croissant_chocolate",
  "best_params": {
    "subsample": 0.9,
    "reg_lambda": 0.5,
    "reg_alpha": 1.0,
    "n_estimators": 100,
    "min_child_weight": 7,
    "max_depth": 4,
    "learning_rate": 0.08,
    "gamma": 0.2,
    "colsample_bytree": 0.6
  },
  "best_cv_mae": 3.3915560722351072,
  "metrics": [
    {
      "set": "train",
      "mae": 2.2036452293395996,
      "mape_pct": 9.176786063544968,
      "rmse": 2.812823043920451,
      "r2": 0.8342998623847961,
      "wape_pct": 8.550297991829629,
      "n": 506
    },
    {
      "set": "val",
      "mae": 2.9907150268554688,
      "mape_pct": 12.624789829317958,
      "rmse": 3.6713127842107482,
      "r2": 0.6222265362739563,
      "wape_pct": 11.697711969447727,
      "n": 60
    },
    {
      "set": "test",
      "mae": 2.72025465965271,
      "mape_pct": 10.586202310471208,
      "rmse": 3.707570301091622,
      "r2": 0.677176833152771,
      "wape_pct": 10.056394364315276,
      "n": 60
    }
  ],
  "error_stats": {
    "Fresh": {
      "std_dev": 3.6713045740330683,
      "p5": -5.461672592163086,
      "p95": 5.490592765808102,
      "mae": 2.9907150268554688,
      "n_samples": 60
    }
  },
  "feature_importance": {
    "weather_storm": 0.1677088737487793,
    "weather_rainy": 0.13461905717849731,
    "rolling_7d_mean": 0.11327604949474335,
    "day_of_week": 0.09540426731109619,
    "rainfall": 0.0793871060013771,
    "is_weekend": 0.0703158751130104,
    "weather_cloudy": 0.053337834775447845,
    "is_rainy": 0.051895830780267715,
    "freshness_Fresh": 0.03796746954321861,
    "discount_rate": 0.03729042783379555,
    "weather_sunny": 0.03604304790496826,
    "lag_7": 0.021814152598381042,
    "month": 0.019121766090393066,
    "temperature": 0.01851840689778328,
    "lag_1": 0.016102151945233345,
    "humidity": 0.015771450474858284,
    "day_of_month": 0.01148301362991333,
    "is_public_holiday": 0.01041507814079523,
    "freshness_Day-1": 0.009528134949505329,
    "is_ramadan": 0.0
  },
  "trained_on_rows": 566,
  "test_rows": 60
}