{
  "Fresh": {
    "std_dev": 5.298959142996114,
    "p5": -10.580669403076172,
    "p95": 7.806931304931637,
    "mae": 4.115216700236003,
    "n_samples": 60
  }
}