{
  "product": "croissant",
  "best_params": {
    "subsample": 0.7,
    "reg_lambda": 5.0,
    "reg_alpha": 0,
    "n_estimators": 200,
    "min_child_weight": 3,
    "max_depth": 5,
    "learning_rate": 0.08,
    "gamma": 0,
    "colsample_bytree": 0.7
  },
  "best_cv_mae": 3.8361088275909423,
  "metrics": [
    {
      "set": "train",
      "mae": 2.055832624435425,
      "mape_pct": 7.340667086245058,
      "rmse": 2.756429611893303,
      "r2": 0.8904752731323242,
      "wape_pct": 6.666140851207514,
      "n": 506
    },
    {
      "set": "val",
      "mae": 4.1152167320251465,
      "mape_pct": 14.908974715940692,
      "rmse": 5.299113922904462,
      "r2": 0.5556455254554749,
      "wape_pct": 13.210968540083476,
      "n": 60
    },
    {
      "set": "test",
      "mae": 3.367915630340576,
      "mape_pct": 10.660489904428337,
      "rmse": 4.417687040297302,
      "r2": 0.5029153823852539,
      "wape_pct": 10.574303092537345,
      "n": 60
    }
  ],
  "error_stats": {
    "Fresh": {
      "std_dev": 5.298959142996114,
      "p5": -10.580669403076172,
      "p95": 7.806931304931637,
      "mae": 4.115216700236003,
      "n_samples": 60
    }
  },
  "feature_importance": {
    "is_weekend": 0.1425153911113739,
    "weather_storm": 0.12687426805496216,
    "day_of_week": 0.10844849795103073,
    "rolling_7d_mean": 0.09953980147838593,
    "weather_rainy": 0.09345152974128723,
    "weather_cloudy": 0.08819455653429031,
    "weather_sunny": 0.0801846981048584,
    "rainfall": 0.060222093015909195,
    "freshness_Fresh": 0.041200220584869385,
    "temperature": 0.033173128962516785,
    "month": 0.019897781312465668,
    "lag_7": 0.019258761778473854,
    "discount_rate": 0.018244976177811623,
    "humidity": 0.01667339727282524,
    "lag_1": 0.015114598907530308,
    "day_of_month": 0.014594338834285736,
    "is_public_holiday": 0.012016954831779003,
    "is_rainy": 0.005674389656633139,
    "freshness_Day-1": 0.004720559809356928,
    "is_ramadan": 0.0
  },
  "trained_on_rows": 566,
  "test_rows": 60
}