{
  "product": "croissant_chocolate",
  "best_params": {
    "subsample": 0.8,
    "reg_lambda": 1.0,
    "reg_alpha": 0,
    "n_estimators": 200,
    "min_child_weight": 3,
    "max_depth": 5,
    "learning_rate": 0.08,
    "gamma": 0.05,
    "colsample_bytree": 0.7
  },
  "best_cv_mae": 4.020788860321045,
  "metrics": [
    {
      "set": "train",
      "mae": 1.6951284408569336,
      "mape_pct": 6.930050953061582,
      "rmse": 2.4157581485112263,
      "r2": 0.9414209127426147,
      "wape_pct": 6.172531585825128,
      "n": 253
    },
    {
      "set": "val",
      "mae": 5.088236331939697,
      "mape_pct": 19.35437862577481,
      "rmse": 6.990442290495506,
      "r2": 0.6832554936408997,
      "wape_pct": 18.63822576036092,
      "n": 30
    },
    {
      "set": "test",
      "mae": 4.044473171234131,
      "mape_pct": 13.648513709168073,
      "rmse": 5.507971968269906,
      "r2": 0.7339856624603271,
      "wape_pct": 14.325171856840779,
      "n": 30
    }
  ],
  "error_stats": {
    "std_dev": 6.798220975908361,
    "p5": -8.542963218688964,
    "p95": 13.789982223510734,
    "mae": 5.088235632578532,
    "n_samples": 30
  },
  "feature_importance": {
    "is_weekend": 0.5664064884185791,
    "day_of_week": 0.19401729106903076,
    "is_rainy": 0.04913697391748428,
    "weather_rainy": 0.031214987859129906,
    "weather_storm": 0.031018897891044617,
    "rainfall": 0.026412611827254295,
    "rolling_7d_mean": 0.01941729709506035,
    "weather_cloudy": 0.01906030811369419,
    "temperature": 0.015015789307653904,
    "month": 0.01197512075304985,
    "weather_sunny": 0.009748849086463451,
    "humidity": 0.007659594994038343,
    "day_of_month": 0.00600396329537034,
    "lag_7": 0.005501728504896164,
    "lag_1": 0.004896427039057016,
    "is_public_holiday": 0.002513641957193613,
    "is_ramadan": 0.0
  },
  "trained_on_rows": 283,
  "test_rows": 30
}