{
  "std_dev": 6.798220975908361,
  "p5": -8.542963218688964,
  "p95": 13.789982223510734,
  "mae": 5.088235632578532,
  "n_samples": 30
}