{
  "product": "croissant",
  "best_params": {
    "subsample": 0.6,
    "reg_lambda": 0.5,
    "reg_alpha": 0.01,
    "n_estimators": 100,
    "min_child_weight": 1,
    "max_depth": 5,
    "learning_rate": 0.1,
    "gamma": 0.2,
    "colsample_bytree": 0.9
  },
  "best_cv_mae": 5.85332612991333,
  "metrics": [
    {
      "set": "train",
      "mae": 2.047619342803955,
      "mape_pct": 4.9667069324451205,
      "rmse": 3.5950482221189124,
      "r2": 0.9322331547737122,
      "wape_pct": 4.4349597094555175,
      "n": 253
    },
    {
      "set": "val",
      "mae": 6.368597507476807,
      "mape_pct": 14.373833359832371,
      "rmse": 7.705316754067777,
      "r2": 0.7277919054031372,
      "wape_pct": 14.332925835142257,
      "n": 30
    },
    {
      "set": "test",
      "mae": 6.867652893066406,
      "mape_pct": 14.737321531473432,
      "rmse": 8.546629070530573,
      "r2": 0.5947555899620056,
      "wape_pct": 15.104808276000261,
      "n": 30
    }
  ],
  "error_stats": {
    "std_dev": 7.491699351530118,
    "p5": -10.141411209106444,
    "p95": 13.120568466186523,
    "mae": 6.36859671274821,
    "n_samples": 30
  },
  "feature_importance": {
    "is_weekend": 0.6491055488586426,
    "weather_storm": 0.07493413239717484,
    "day_of_week": 0.06673929840326309,
    "rolling_7d_mean": 0.03727484866976738,
    "weather_rainy": 0.03431986644864082,
    "rainfall": 0.02967519499361515,
    "weather_sunny": 0.022754652425646782,
    "weather_cloudy": 0.015492421574890614,
    "is_rainy": 0.013776011765003204,
    "month": 0.010733867064118385,
    "temperature": 0.010675494559109211,
    "humidity": 0.00948422309011221,
    "lag_1": 0.0071051958948373795,
    "lag_7": 0.0068176561035215855,
    "day_of_month": 0.006462145131081343,
    "is_public_holiday": 0.004649429116398096,
    "is_ramadan": 0.0
  },
  "trained_on_rows": 283,
  "test_rows": 30
}