{
  "Fresh": {
    "std_dev": 3.6713045740330683,
    "p5": -5.461672592163086,
    "p95": 5.490592765808102,
    "mae": 2.9907150268554688,
    "n_samples": 60
  }
}