{
  "Fresh": {
    "std_dev": 5.911820236971723,
    "p5": -8.11602725982666,
    "p95": 11.530263137817382,
    "mae": 4.690287796656291,
    "n_samples": 120
  }
}