{
  "product": "croissant_chocolate",
  "best_params": {
    "subsample": 1.0,
    "reg_lambda": 1.0,
    "reg_alpha": 0,
    "n_estimators": 500,
    "min_child_weight": 3,
    "max_depth": 4,
    "learning_rate": 0.1,
    "gamma": 0.2,
    "colsample_bytree": 0.7
  },
  "best_cv_mae": 3.2390115737915037,
  "metrics": [
    {
      "set": "train",
      "mae": 2.544180393218994,
      "mape_pct": 9.463664538491592,
      "rmse": 3.2651416475610513,
      "r2": 0.8276758790016174,
      "wape_pct": 8.963620501662875,
      "n": 1012
    },
    {
      "set": "val",
      "mae": 3.3896381855010986,
      "mape_pct": 12.018677060645585,
      "rmse": 4.398054577164852,
      "r2": 0.6344608664512634,
      "wape_pct": 12.427638555352491,
      "n": 120
    },
    {
      "set": "test",
      "mae": 3.132676601409912,
      "mape_pct": 9.683743942550354,
      "rmse": 4.332871901568898,
      "r2": 0.7435470819473267,
      "wape_pct": 10.215250046356864,
      "n": 120
    }
  ],
  "error_stats": {
    "Fresh": {
      "std_dev": 4.25025009628613,
      "p5": -5.166027164459228,
      "p95": 8.422748470306393,
      "mae": 3.389638415972392,
      "n_samples": 120
    }
  },
  "feature_importance": {
    "weather_storm": 0.16414600610733032,
    "weather_rainy": 0.12178044021129608,
    "is_weekend": 0.11819034069776535,
    "rainfall": 0.10814129561185837,
    "rolling_7d_mean": 0.09826772660017014,
    "day_of_week": 0.09610731899738312,
    "discount_rate": 0.06990043818950653,
    "temperature": 0.0353374183177948,
    "is_public_holiday": 0.0268112625926733,
    "weather_cloudy": 0.025800060480833054,
    "weather_sunny": 0.02413073740899563,
    "month": 0.023934710770845413,
    "freshness_Day-1": 0.014261569827795029,
    "humidity": 0.011165215633809566,
    "freshness_Discount": 0.010045332834124565,
    "freshness_Day-2": 0.009611427783966064,
    "day_of_month": 0.009552576579153538,
    "is_rainy": 0.00932176411151886,
    "lag_7": 0.008172774687409401,
    "freshness_Fresh": 0.007790827192366123,
    "lag_1": 0.007530816365033388,
    "is_ramadan": 0.0
  },
  "trained_on_rows": 1132,
  "test_rows": 120
}