{
  "std_dev": 7.491699351530118,
  "p5": -10.141411209106444,
  "p95": 13.120568466186523,
  "mae": 6.36859671274821,
  "n_samples": 30
}