{
  "Fresh": {
    "std_dev": 4.25025009628613,
    "p5": -5.166027164459228,
    "p95": 8.422748470306393,
    "mae": 3.389638415972392,
    "n_samples": 120
  }
}