{
  "std_dev": 7.777376090343146,
  "p5": -9.559112548828125,
  "p95": 15.474485778808553,
  "mae": 5.199471219380697,
  "n_samples": 30
}