{
  "Fresh": {
    "std_dev": 7.107909889759326,
    "p5": -9.3268461227417,
    "p95": 14.60405330657959,
    "mae": 5.73870833714803,
    "n_samples": 120
  }
}