{
  "product": "donut",
  "best_params": {
    "subsample": 1.0,
    "reg_lambda": 1.0,
    "reg_alpha": 0,
    "n_estimators": 500,
    "min_child_weight": 3,
    "max_depth": 4,
    "learning_rate": 0.1,
    "gamma": 0.2,
    "colsample_bytree": 0.7
  },
  "best_cv_mae": 4.54437403678894,
  "metrics": [
    {
      "set": "train",
      "mae": 3.1111910343170166,
      "mape_pct": 9.11077660707881,
      "rmse": 4.093872767347502,
      "r2": 0.8292742967605591,
      "wape_pct": 8.620901459259974,
      "n": 506
    },
    {
      "set": "val",
      "mae": 4.236701488494873,
      "mape_pct": 12.760504753816898,
      "rmse": 5.054648067550499,
      "r2": 0.6577114462852478,
      "wape_pct": 11.741436964920432,
      "n": 60
    },
    {
      "set": "test",
      "mae": 4.693016529083252,
      "mape_pct": 13.004903842268217,
      "rmse": 6.052881850212092,
      "r2": 0.6756287217140198,
      "wape_pct": 12.1791090519783,
      "n": 60
    }
  ],
  "error_stats": {
    "Fresh": {
      "std_dev": 5.048984816187402,
      "p5": -8.109521579742431,
      "p95": 7.5446964263915985,
      "mae": 4.236701838175455,
      "n_samples": 60
    }
  },
  "feature_importance": {
    "weather_storm": 0.13219194114208221,
    "weather_rainy": 0.12270863354206085,
    "is_weekend": 0.12067969143390656,
    "rainfall": 0.11524222046136856,
    "rolling_7d_mean": 0.11230218410491943,
    "day_of_week": 0.0791691243648529,
    "weather_cloudy": 0.053111832588911057,
    "freshness_Fresh": 0.047681648284196854,
    "weather_sunny": 0.04672957956790924,
    "month": 0.02675630711019039,
    "temperature": 0.02604658529162407,
    "discount_rate": 0.025801129639148712,
    "is_rainy": 0.023886200040578842,
    "humidity": 0.020032566040754318,
    "lag_7": 0.019281664863228798,
    "day_of_month": 0.015058443881571293,
    "lag_1": 0.009570678696036339,
    "freshness_Day-1": 0.003749663243070245,
    "is_public_holiday": 0.0,
    "is_ramadan": 0.0
  },
  "trained_on_rows": 566,
  "test_rows": 60
}