{
  "product": "donut",
  "best_params": {
    "subsample": 0.9,
    "reg_lambda": 1.0,
    "reg_alpha": 0.01,
    "n_estimators": 300,
    "min_child_weight": 1,
    "max_depth": 4,
    "learning_rate": 0.05,
    "gamma": 0.1,
    "colsample_bytree": 0.6
  },
  "best_cv_mae": 4.658462142944336,
  "metrics": [
    {
      "set": "train",
      "mae": 3.5436716079711914,
      "mape_pct": 9.366672293207625,
      "rmse": 4.590285051923264,
      "r2": 0.8258551955223083,
      "wape_pct": 8.898527481837478,
      "n": 1012
    },
    {
      "set": "val",
      "mae": 5.738708019256592,
      "mape_pct": 14.30226134848601,
      "rmse": 7.361699411487653,
      "r2": 0.5459225177764893,
      "wape_pct": 14.574497364185474,
      "n": 120
    },
    {
      "set": "test",
      "mae": 5.295872211456299,
      "mape_pct": 11.940517812669603,
      "rmse": 6.929430142927547,
      "r2": 0.6592241525650024,
      "wape_pct": 12.144175237345463,
      "n": 120
    }
  ],
  "error_stats": {
    "Fresh": {
      "std_dev": 7.107909889759326,
      "p5": -9.3268461227417,
      "p95": 14.60405330657959,
      "mae": 5.73870833714803,
      "n_samples": 120
    }
  },
  "feature_importance": {
    "day_of_week": 0.15593573451042175,
    "is_weekend": 0.14753340184688568,
    "weather_storm": 0.13152770698070526,
    "rainfall": 0.09482849389314651,
    "rolling_7d_mean": 0.08975633978843689,
    "weather_rainy": 0.07192523032426834,
    "is_rainy": 0.045881494879722595,
    "weather_sunny": 0.03777175024151802,
    "temperature": 0.03392533212900162,
    "discount_rate": 0.030911795794963837,
    "is_public_holiday": 0.02670179307460785,
    "weather_cloudy": 0.02623104862868786,
    "month": 0.02514439821243286,
    "freshness_Day-1": 0.014760582707822323,
    "freshness_Fresh": 0.012772293761372566,
    "freshness_Discount": 0.011842677369713783,
    "lag_1": 0.010225859470665455,
    "humidity": 0.009604181163012981,
    "lag_7": 0.00957312062382698,
    "day_of_month": 0.008839497342705727,
    "freshness_Day-2": 0.004307253286242485,
    "is_ramadan": 0.0
  },
  "trained_on_rows": 1132,
  "test_rows": 120
}