{
  "Fresh": {
    "std_dev": 5.048984816187402,
    "p5": -8.109521579742431,
    "p95": 7.5446964263915985,
    "mae": 4.236701838175455,
    "n_samples": 60
  }
}