{
  "product": "donut",
  "best_params": {
    "subsample": 0.7,
    "reg_lambda": 0.5,
    "reg_alpha": 0,
    "n_estimators": 100,
    "min_child_weight": 1,
    "max_depth": 3,
    "learning_rate": 0.08,
    "gamma": 0,
    "colsample_bytree": 1.0
  },
  "best_cv_mae": 4.9078597068786625,
  "metrics": [
    {
      "set": "train",
      "mae": 2.691948652267456,
      "mape_pct": 7.666718693864466,
      "rmse": 3.836285421904615,
      "r2": 0.9263014793395996,
      "wape_pct": 7.09366692613654,
      "n": 253
    },
    {
      "set": "val",
      "mae": 5.1994709968566895,
      "mape_pct": 13.425369525117834,
      "rmse": 7.830509759087093,
      "r2": 0.8088897466659546,
      "wape_pct": 13.889949829155912,
      "n": 30
    },
    {
      "set": "test",
      "mae": 3.184765100479126,
      "mape_pct": 8.613048438677282,
      "rmse": 4.1484777301339095,
      "r2": 0.8809911608695984,
      "wape_pct": 8.447652997220121,
      "n": 30
    }
  ],
  "error_stats": {
    "std_dev": 7.777376090343146,
    "p5": -9.559112548828125,
    "p95": 15.474485778808553,
    "mae": 5.199471219380697,
    "n_samples": 30
  },
  "feature_importance": {
    "day_of_week": 0.5140260457992554,
    "weather_rainy": 0.11395344883203506,
    "weather_storm": 0.07748622447252274,
    "rolling_7d_mean": 0.06988925486803055,
    "rainfall": 0.05760963261127472,
    "weather_cloudy": 0.030896229669451714,
    "weather_sunny": 0.022824343293905258,
    "temperature": 0.022050119936466217,
    "humidity": 0.02156776562333107,
    "lag_1": 0.020387286320328712,
    "day_of_month": 0.017733193933963776,
    "lag_7": 0.016554052010178566,
    "month": 0.015022401697933674,
    "is_weekend": 0.0,
    "is_public_holiday": 0.0,
    "is_ramadan": 0.0,
    "is_rainy": 0.0
  },
  "trained_on_rows": 283,
  "test_rows": 30
}