week_start,product_id,category,weekly_tickets,week_of_year,month,is_holiday_week,lag_1w,lag_4w_avg,lag_8w_avg,is_day1_w,is_top3_w,discount_pct_w,is_member_week,is_new_product_w,is_competitor_w,is_rainy_w,quantity_w
2020-12-28,0,0,288,53,12,1,0.0,0.0,0.0,0,0,0.0,0,0,0,0.0,27
2021-01-04,0,0,604,1,1,1,27.0,27.0,27.0,1,0,0.02666666666666667,1,0,0,0.13333333333333333,70
2021-01-11,0,0,625,2,1,1,70.0,48.5,48.5,1,1,0.049446999598978886,0,0,0,0.16666666666666666,71
2021-01-18,0,0,604,3,1,1,71.0,56.0,56.0,1,0,0.015384615384615385,0,0,0,0.3076923076923077,65
2021-01-25,0,0,636,4,1,1,65.0,58.25,58.25,1,0,0.015384615384615385,0,0,0,0.0,68
2021-02-01,0,0,605,5,2,1,68.0,68.5,60.2,0,0,0.0,0,0,0,0.0,71
2021-02-08,0,0,650,6,2,1,71.0,68.75,62.0,0,0,0.0,1,0,0,0.4166666666666667,71
2021-02-15,0,0,662,7,2,1,71.0,68.75,63.285714285714285,1,0,0.0125,0,0,0,0.0,71
2021-02-22,0,0,838,8,2,1,71.0,70.25,64.25,1,0,0.03529411764705883,0,0,0,0.5882352941176471,72
2021-03-01,0,0,752,9,3,1,72.0,71.25,69.875,1,0,0.016666666666666666,0,0,0,0.9166666666666666,69
2021-03-08,0,0,726,10,3,1,69.0,70.75,69.75,1,0,0.037500000000000006,1,0,0,0.6875,67
2021-03-15,0,0,680,11,3,1,67.0,69.75,69.25,0,0,0.0,0,0,0,0.7777777777777778,70
2021-03-22,0,0,667,12,3,1,70.0,69.5,69.875,1,0,0.03333333333333333,0,0,0,0.6666666666666666,69
2021-03-29,0,0,744,13,3,1,69.0,68.75,70.0,0,0,0.0,0,0,0,0.8666666666666667,65
2021-04-05,0,0,715,14,4,1,65.0,67.75,69.25,0,0,0.0,1,0,0,0.4,67
2021-04-12,0,0,790,15,4,1,67.0,67.75,68.75,1,0,0.028571428571428574,0,0,0,1.0,68
2021-04-19,0,0,813,16,4,1,68.0,67.25,68.375,0,0,0.0,0,0,0,0.7,62
2021-04-26,0,0,753,17,4,1,62.0,65.5,67.125,1,0,0.016666666666666666,0,0,0,0.5833333333333334,70
2021-05-03,0,0,786,18,5,1,70.0,66.75,67.25,0,0,0.0,1,0,0,1.0,69
2021-05-10,0,0,980,19,5,1,69.0,67.25,67.5,1,0,0.014285714285714287,0,0,0,0.7857142857142857,68
2021-05-17,0,0,598,20,5,1,68.0,67.25,67.25,1,0,0.015384615384615385,0,0,0,1.0,67
2021-05-24,0,0,786,21,5,1,67.0,68.5,67.0,1,1,0.03213567927605758,0,0,0,1.0,71
2021-05-31,0,0,759,22,5,1,71.0,68.75,67.75,0,0,0.0,0,0,0,0.6,72
2021-06-07,0,0,771,23,6,1,72.0,69.5,68.375,0,0,0.0,1,0,0,1.0,68
2021-06-14,0,0,803,24,6,1,68.0,69.5,68.375,1,0,0.016666666666666666,0,0,0,1.0,67
2021-06-21,0,0,803,25,6,1,67.0,69.5,69.0,0,0,0.0,0,0,0,1.0,66
2021-06-28,0,0,758,26,6,1,66.0,68.25,68.5,1,0,0.016666666666666666,0,0,0,1.0,67
2021-07-05,0,0,914,27,7,1,67.0,67.0,68.25,1,0,0.013333333333333334,1,0,0,1.0,66
2021-07-12,0,0,1073,28,7,1,66.0,66.5,68.0,1,0,0.014285714285714287,0,0,0,1.0,65
2021-07-19,0,0,1081,29,7,1,65.0,66.0,67.75,0,0,0.0,0,0,0,0.8,71
2021-07-26,0,0,1005,30,7,1,71.0,67.25,67.75,1,0,0.011111111111111112,0,0,0,0.8888888888888888,73
2021-08-02,0,0,1139,31,8,1,73.0,68.75,67.875,1,0,0.02,1,0,0,1.0,68
2021-08-09,0,0,1204,32,8,1,68.0,69.25,67.875,1,0,0.025,0,0,0,1.0,71
2021-08-16,0,0,1094,33,8,1,71.0,70.75,68.375,0,0,0.0,0,0,0,1.0,66
2021-08-23,0,0,1032,34,8,1,66.0,69.5,68.375,0,0,0.0,0,0,0,1.0,68
2021-08-30,0,0,862,35,8,1,68.0,68.25,68.5,1,1,0.05380036498056443,0,0,0,1.0,70
2021-09-06,0,0,798,36,9,1,70.0,68.75,69.0,1,0,0.05714285714285715,1,0,0,0.8571428571428571,72
2021-09-13,0,0,796,37,9,1,72.0,69.0,69.875,1,0,0.037500000000000006,0,0,0,1.0,65
2021-09-20,0,0,694,38,9,1,65.0,68.75,69.125,1,0,0.011111111111111112,0,0,0,0.9444444444444444,72
2021-09-27,0,0,684,39,9,1,72.0,69.75,69.0,0,0,0.0,0,0,0,1.0,67
2021-10-04,0,0,741,40,10,1,67.0,69.0,68.875,0,0,0.0,1,0,0,1.0,72
2021-10-11,0,0,645,41,10,1,72.0,69.0,69.0,1,0,0.04,0,0,0,0.9,63
2021-10-18,0,0,756,42,10,1,63.0,68.5,68.625,1,0,0.02666666666666667,0,0,0,0.26666666666666666,71
2021-10-25,0,0,844,43,10,1,71.0,68.25,69.0,1,0,0.015384615384615385,0,0,0,0.46153846153846156,68
2021-11-01,0,0,775,44,11,1,68.0,68.5,68.75,1,0,0.016666666666666666,0,0,0,0.75,62
2021-11-08,0,0,672,45,11,1,62.0,66.0,67.5,1,0,0.06666666666666667,1,0,0,0.06666666666666667,74
2021-11-15,0,0,601,46,11,1,74.0,68.75,68.625,1,0,0.02666666666666667,0,0,0,0.13333333333333333,69
2021-11-22,0,0,613,47,11,1,69.0,68.25,68.25,1,0,0.010526315789473684,0,0,0,0.3157894736842105,63
2021-11-29,0,0,636,48,11,1,63.0,67.0,67.75,1,0,0.025,0,0,0,0.0,70
2021-12-06,0,0,530,49,12,1,70.0,69.0,67.5,1,0,0.02666666666666667,1,0,0,0.0,74
2021-12-13,0,0,646,50,12,1,74.0,69.0,68.875,1,0,0.016666666666666666,0,0,0,0.25,63
2021-12-20,0,0,708,51,12,1,63.0,67.5,67.875,1,0,0.015384615384615385,0,0,0,0.5384615384615384,67
2021-12-27,0,0,738,52,12,1,67.0,68.5,67.75,1,0,0.013333333333333334,0,0,0,0.13333333333333333,73
2022-01-03,0,0,575,1,1,1,73.0,69.25,69.125,1,0,0.018181818181818184,1,0,0,0.09090909090909091,63
2022-01-10,0,0,589,2,1,1,63.0,66.5,67.75,1,0,0.05714285714285715,0,0,0,0.5,70
2022-01-17,0,0,618,3,1,1,70.0,68.25,67.875,1,0,0.014285714285714287,0,0,0,0.5,69
2022-01-24,0,0,632,4,1,0,69.0,68.75,68.625,1,0,0.05,0,0,0,1.0,67
2022-01-31,0,0,644,5,1,1,67.0,67.25,68.25,1,0,0.028571428571428574,0,0,0,0.7142857142857143,70
2022-02-07,0,0,661,6,2,1,70.0,69.0,67.75,1,0,0.02666666666666667,1,0,0,1.0,63
2022-02-14,0,0,730,7,2,1,63.0,67.25,67.75,0,0,0.0,0,0,0,0.8333333333333334,75
2022-02-21,0,0,741,8,2,1,75.0,68.75,68.75,0,0,0.0,0,0,0,0.3076923076923077,64
2022-02-28,0,0,737,9,2,1,64.0,68.0,67.625,1,0,0.03076923076923077,0,0,0,0.23076923076923078,77
2022-03-07,0,0,667,10,3,1,77.0,69.75,69.375,0,0,0.0,1,0,0,0.46153846153846156,67
2022-03-14,0,0,670,11,3,1,67.0,70.75,69.0,1,0,0.011764705882352941,0,0,0,0.5882352941176471,69
2022-03-21,0,0,694,12,3,1,69.0,69.25,69.0,1,1,0.048344520402640805,0,0,0,1.0,68
2022-03-28,0,0,643,13,3,1,68.0,70.25,69.125,1,0,0.037500000000000006,0,0,0,0.875,64
2022-04-04,0,0,645,14,4,1,64.0,67.0,68.375,0,1,0.02413732157999998,1,0,0,0.07142857142857142,65
2022-04-11,0,0,776,15,4,1,65.0,66.5,68.625,1,0,0.02666666666666667,0,0,0,0.6,70
2022-04-18,0,0,868,16,4,1,70.0,66.75,68.0,1,0,0.011764705882352941,0,0,0,1.0,69
2022-04-25,0,0,761,17,4,1,69.0,67.0,68.625,1,0,0.014285714285714287,0,0,0,1.0,71
2022-05-02,0,0,720,18,5,1,71.0,68.75,67.875,1,0,0.02666666666666667,1,0,0,0.3333333333333333,67
2022-05-09,0,0,731,19,5,1,67.0,69.25,67.875,1,0,0.013333333333333334,0,0,0,1.0,66
2022-05-16,0,0,743,20,5,1,66.0,68.25,67.5,1,0,0.015384615384615385,0,0,0,0.6153846153846154,72
2022-05-23,0,0,999,21,5,1,72.0,69.0,68.0,1,0,0.03076923076923077,0,0,0,1.0,70
2022-05-30,0,0,810,22,5,1,70.0,68.75,68.75,1,0,0.014285714285714287,0,0,0,1.0,70
2022-06-06,0,0,823,23,6,1,70.0,69.5,69.375,1,0,0.013333333333333334,1,0,0,1.0,74
2022-06-13,0,0,793,24,6,1,74.0,71.5,69.875,1,0,0.03529411764705883,0,0,0,1.0,64
2022-06-20,0,0,785,25,6,1,64.0,69.5,69.25,1,0,0.013333333333333334,0,0,0,1.0,71
2022-06-27,0,0,803,26,6,1,71.0,69.75,69.25,1,0,0.025,0,0,0,1.0,77
2022-07-04,0,0,853,27,7,1,77.0,71.5,70.5,1,0,0.0125,1,0,0,1.0,66
2022-07-11,0,0,1185,28,7,1,66.0,69.5,70.5,1,0,0.047058823529411764,0,0,0,1.0,70
2022-07-18,0,0,1067,29,7,1,70.0,71.0,70.25,1,0,0.03157894736842106,0,0,0,0.631578947368421,63
2022-07-25,0,0,1109,30,7,1,63.0,69.0,69.375,0,0,0.0,0,0,0,0.2,66
2022-08-01,0,0,1132,31,8,1,66.0,66.25,68.875,1,0,0.02,0,0,0,0.9,68
2022-08-08,0,0,1222,32,8,1,68.0,66.75,68.125,0,0,0.0,1,0,0,1.0,69
2022-08-15,0,0,1150,33,8,1,69.0,66.5,68.75,1,0,0.05714285714285715,0,0,0,1.0,67
2022-08-22,0,0,985,34,8,1,67.0,67.5,68.25,1,0,0.025,0,0,0,1.0,67
2022-08-29,0,0,740,35,8,1,67.0,67.75,67.0,1,0,0.03076923076923077,0,0,0,0.6153846153846154,63
2022-09-05,0,0,778,36,9,1,63.0,66.5,66.625,1,0,0.02666666666666667,1,0,0,0.5333333333333333,69
2022-09-12,0,0,722,37,9,1,69.0,66.5,66.5,1,0,0.011764705882352941,0,0,0,0.29411764705882354,69
2022-09-19,0,0,662,38,9,1,69.0,67.0,67.25,0,0,0.0,0,0,0,0.75,72
2022-09-26,0,0,651,39,9,1,72.0,68.25,68.0,1,0,0.0125,0,0,0,0.6875,73
2022-10-03,0,0,500,40,10,1,73.0,70.75,68.625,1,0,0.02666666666666667,1,0,0,0.4,70
2022-10-10,0,0,463,41,10,1,70.0,71.0,68.75,1,0,0.025,0,0,0,0.0,65
2022-10-17,0,0,488,42,10,1,65.0,70.0,68.5,1,0,0.07272727272727274,0,0,0,0.45454545454545453,73
2022-10-24,0,0,497,43,10,1,73.0,70.25,69.25,1,0,0.013333333333333334,0,0,0,0.0,67
2022-10-31,0,0,520,44,10,1,67.0,68.75,69.75,1,0,0.0125,0,0,0,0.75,69
2022-11-07,0,0,460,45,11,1,69.0,68.5,69.75,1,0,0.014285714285714287,1,0,0,0.8571428571428571,68
2022-11-14,0,0,451,46,11,1,68.0,69.25,69.625,0,0,0.0,0,0,0,0.6428571428571429,68
2022-11-21,0,0,459,47,11,1,68.0,68.0,69.125,0,0,0.0,0,0,0,0.9,68
2022-11-28,0,0,451,48,11,1,68.0,68.25,68.5,1,0,0.023529411764705882,0,0,0,0.6470588235294118,67
2022-12-05,0,0,411,49,12,1,67.0,67.75,68.125,0,0,0.0,1,0,0,0.0,66
2022-12-12,0,0,469,50,12,1,66.0,67.25,68.25,1,0,0.037500000000000006,0,0,0,0.4375,69
2022-12-19,0,0,479,51,12,1,69.0,67.5,67.75,1,0,0.016666666666666666,0,0,0,0.0,62
2022-12-26,0,0,465,52,12,1,62.0,66.0,67.125,0,0,0.0,0,0,0,0.2,68
2020-12-28,1,0,288,53,12,1,0.0,0.0,0.0,1,0,0.08,0,0,0,0.0,8
2021-01-04,1,0,604,1,1,1,8.0,8.0,8.0,1,0,0.018181818181818184,1,0,0,0.18181818181818182,14
2021-01-11,1,0,625,2,1,1,14.0,11.0,11.0,0,0,0.0,0,0,0,0.14285714285714285,19
2021-01-18,1,0,604,3,1,1,19.0,13.666666666666666,13.666666666666666,0,0,0.0,0,0,0,0.16666666666666666,16
2021-01-25,1,0,636,4,1,1,16.0,14.25,14.25,1,0,0.015384615384615385,0,0,0,0.0,21
2021-02-01,1,0,605,5,2,1,21.0,17.5,15.6,1,1,0.06254100130203939,0,0,0,0.0,17
2021-02-08,1,0,650,6,2,1,17.0,18.25,15.833333333333334,1,0,0.014285714285714287,1,0,0,0.5,21
2021-02-15,1,0,662,7,2,1,21.0,18.75,16.571428571428573,1,0,0.014285714285714287,0,0,0,0.0,18
2021-02-22,1,0,838,8,2,1,18.0,19.25,16.75,1,0,0.010526315789473684,0,0,0,0.7368421052631579,33
2021-03-01,1,0,752,9,3,1,33.0,22.25,19.875,1,0,0.042105263157894736,0,0,0,0.6842105263157895,23
2021-03-08,1,0,726,10,3,1,23.0,23.75,21.0,0,0,0.0,1,0,0,0.5833333333333334,18
2021-03-15,1,0,680,11,3,1,18.0,23.0,20.875,1,0,0.013333333333333334,0,0,0,0.8666666666666667,21
2021-03-22,1,0,667,12,3,1,21.0,23.75,21.5,1,0,0.018181818181818184,0,0,0,0.45454545454545453,16
2021-03-29,1,0,744,13,3,1,16.0,19.5,20.875,1,0,0.023529411764705882,0,0,0,0.8823529411764706,21
2021-04-05,1,0,715,14,4,1,21.0,19.0,21.375,1,0,0.022222222222222223,1,0,0,0.5555555555555556,23
2021-04-12,1,0,790,15,4,1,23.0,20.25,21.625,1,0,0.047058823529411764,0,0,0,1.0,19
2021-04-19,1,0,813,16,4,1,19.0,19.75,21.75,0,0,0.0,0,0,0,0.9444444444444444,28
2021-04-26,1,0,753,17,4,1,28.0,22.75,21.125,1,0,0.010526315789473684,0,0,0,0.5263157894736842,25
2021-05-03,1,0,786,18,5,1,25.0,23.75,21.375,1,0,0.017391304347826087,1,0,0,1.0,31
2021-05-10,1,0,980,19,5,1,31.0,25.75,23.0,1,0,0.02727272727272728,0,0,0,0.9090909090909091,29
2021-05-17,1,0,598,20,5,1,29.0,28.25,24.0,1,0,0.03333333333333333,0,0,0,1.0,19
2021-05-24,1,0,786,21,5,1,19.0,26.0,24.375,0,0,0.0,0,0,0,1.0,24
2021-05-31,1,0,759,22,5,1,24.0,25.75,24.75,1,0,0.02666666666666667,0,0,0,0.5333333333333333,18
2021-06-07,1,0,771,23,6,1,18.0,22.5,24.125,0,1,0.029061939205620346,1,0,0,1.0,16
2021-06-14,1,0,803,24,6,1,16.0,19.25,23.75,0,0,0.0,0,0,0,1.0,23
2021-06-21,1,0,803,25,6,1,23.0,20.25,23.125,1,0,0.03076923076923077,0,0,0,1.0,36
2021-06-28,1,0,758,26,6,1,36.0,23.25,24.5,1,0,0.009523809523809525,0,0,0,1.0,30
2021-07-05,1,0,914,27,7,1,30.0,26.25,24.375,1,0,0.008333333333333333,1,0,0,1.0,36
2021-07-12,1,0,1073,28,7,1,36.0,31.25,25.25,0,0,0.0,0,0,0,1.0,28
2021-07-19,1,0,1081,29,7,1,28.0,32.5,26.375,1,0,0.014814814814814815,0,0,0,0.8518518518518519,33
2021-07-26,1,0,1005,30,7,1,33.0,31.75,27.5,1,0,0.047619047619047616,0,0,0,0.8095238095238095,32
2021-08-02,1,0,1139,31,8,1,32.0,32.25,29.25,0,0,0.0,1,0,0,1.0,40
2021-08-09,1,0,1204,32,8,1,40.0,33.25,32.25,1,0,0.03125,0,0,0,1.0,44
2021-08-16,1,0,1094,33,8,1,44.0,37.25,34.875,1,0,0.02307692307692308,0,0,0,1.0,31
2021-08-23,1,0,1032,34,8,1,31.0,36.75,34.25,1,0,0.006896551724137932,0,0,0,1.0,44
2021-08-30,1,0,862,35,8,1,44.0,39.75,36.0,1,0,0.013793103448275864,0,0,0,1.0,36
2021-09-06,1,0,798,36,9,1,36.0,38.75,36.0,1,0,0.014285714285714287,1,0,0,0.8571428571428571,19
2021-09-13,1,0,796,37,9,1,19.0,32.5,34.875,1,0,0.028571428571428574,0,0,0,1.0,15
2021-09-20,1,0,694,38,9,1,15.0,28.5,32.625,0,0,0.0,0,0,0,0.6875,19
2021-09-27,1,0,684,39,9,1,19.0,22.25,31.0,1,0,0.02666666666666667,0,0,0,1.0,26
2021-10-04,1,0,741,40,10,1,26.0,19.75,29.25,1,0,0.0125,1,0,0,1.0,20
2021-10-11,1,0,645,41,10,1,20.0,20.0,26.25,0,0,0.0,0,0,0,0.9333333333333333,24
2021-10-18,1,0,756,42,10,1,24.0,22.25,25.375,1,0,0.008,0,0,0,0.24,35
2021-10-25,1,0,844,43,10,1,35.0,26.25,24.25,1,0,0.018181818181818184,0,0,0,0.45454545454545453,26
2021-11-01,1,0,775,44,11,1,26.0,26.25,23.0,0,0,0.0,0,0,0,0.9285714285714286,18
2021-11-08,1,0,672,45,11,1,18.0,25.75,22.875,1,0,0.03076923076923077,1,0,0,0.07692307692307693,18
2021-11-15,1,0,601,46,11,1,18.0,24.25,23.25,1,0,0.03529411764705883,0,0,0,0.17647058823529413,24
2021-11-22,1,0,613,47,11,1,24.0,21.5,23.875,1,0,0.013333333333333334,0,0,0,0.2,20
2021-11-29,1,0,636,48,11,1,20.0,20.0,23.125,1,0,0.037500000000000006,0,0,0,0.0,19
2021-12-06,1,0,530,49,12,1,19.0,20.25,23.0,0,0,0.0,1,0,0,0.0,18
2021-12-13,1,0,646,50,12,1,18.0,20.25,22.25,1,0,0.0125,0,0,0,0.1875,21
2021-12-20,1,0,708,51,12,1,21.0,19.5,20.5,1,0,0.028571428571428574,0,0,0,0.5714285714285714,17
2021-12-27,1,0,738,52,12,1,17.0,18.75,19.375,1,0,0.0125,0,0,0,0.25,24
2022-01-03,1,0,575,1,1,1,24.0,20.0,20.125,1,0,0.018181818181818184,1,0,0,0.09090909090909091,15
2022-01-10,1,0,589,2,1,1,15.0,19.25,19.75,0,0,0.0,0,0,0,0.5714285714285714,13
2022-01-17,1,0,618,3,1,1,13.0,17.25,18.375,1,0,0.044444444444444446,0,0,0,0.3333333333333333,13
2022-01-24,1,0,632,4,1,0,13.0,16.25,17.5,1,0,0.015384615384615385,0,0,0,1.0,20
2022-01-31,1,0,644,5,1,1,20.0,15.25,17.625,1,0,0.03636363636363637,0,0,0,0.7272727272727273,15
2022-02-07,1,0,661,6,2,1,15.0,15.25,17.25,1,0,0.0125,1,0,0,1.0,17
2022-02-14,1,0,730,7,2,1,17.0,16.25,16.75,1,0,0.03076923076923077,0,0,0,0.8461538461538461,19
2022-02-21,1,0,741,8,2,1,19.0,17.75,17.0,1,0,0.04,0,0,0,0.3,27
2022-02-28,1,0,737,9,2,1,27.0,19.5,17.375,1,0,0.010526315789473684,0,0,0,0.2631578947368421,28
2022-03-07,1,0,667,10,3,1,28.0,22.75,19.0,1,0,0.022222222222222223,1,0,0,0.3333333333333333,20
2022-03-14,1,0,670,11,3,1,20.0,23.5,19.875,1,0,0.015384615384615385,0,0,0,0.6923076923076923,18
2022-03-21,1,0,694,12,3,1,18.0,23.25,20.5,1,0,0.011764705882352941,0,0,0,1.0,23
2022-03-28,1,0,643,13,3,1,23.0,22.25,20.875,1,0,0.015384615384615385,0,0,0,0.8461538461538461,18
2022-04-04,1,0,645,14,4,1,18.0,19.75,21.25,1,0,0.03636363636363637,1,0,0,0.18181818181818182,16
2022-04-11,1,0,776,15,4,1,16.0,18.75,21.125,0,1,0.03749398895292795,0,0,0,0.5,22
2022-04-18,1,0,868,16,4,1,22.0,19.75,21.5,1,0,0.03636363636363637,0,0,0,1.0,15
2022-04-25,1,0,761,17,4,1,15.0,17.75,20.0,0,0,0.0,0,0,0,1.0,25
2022-05-02,1,0,720,18,5,1,25.0,19.5,19.625,1,0,0.011764705882352941,1,0,0,0.29411764705882354,21
2022-05-09,1,0,731,19,5,1,21.0,20.75,19.75,1,0,0.015384615384615385,0,0,0,1.0,17
2022-05-16,1,0,743,20,5,1,17.0,19.5,19.625,1,0,0.023529411764705882,0,0,0,0.5294117647058824,20
2022-05-23,1,0,999,21,5,1,20.0,20.75,19.25,1,0,0.028571428571428574,0,0,0,1.0,34
2022-05-30,1,0,810,22,5,1,34.0,23.0,21.25,1,0,0.011111111111111112,0,0,0,1.0,21
2022-06-06,1,0,823,23,6,1,21.0,23.0,21.875,0,0,0.0,1,0,0,1.0,31
2022-06-13,1,0,793,24,6,1,31.0,26.5,23.0,1,0,0.014285714285714287,0,0,0,1.0,18
2022-06-20,1,0,785,25,6,1,18.0,26.0,23.375,1,0,0.047619047619047616,0,0,0,1.0,27
2022-06-27,1,0,803,26,6,1,27.0,24.25,23.625,0,0,0.0,0,0,0,1.0,27
2022-07-04,1,0,853,27,7,1,27.0,25.75,24.375,1,0,0.015384615384615385,1,0,0,1.0,19
2022-07-11,1,0,1185,28,7,1,19.0,22.75,24.625,1,0,0.034782608695652174,0,0,0,1.0,36
2022-07-18,1,0,1067,29,7,1,36.0,27.25,26.625,1,0,0.025000000000000005,0,0,0,0.5833333333333334,41
2022-07-25,1,0,1109,30,7,1,41.0,30.75,27.5,1,0,0.024000000000000004,0,0,0,0.16,29
2022-08-01,1,0,1132,31,8,1,29.0,31.25,28.5,1,0,0.02307692307692308,0,0,0,0.7307692307692307,34
2022-08-08,1,0,1222,32,8,1,34.0,35.0,28.875,1,0,0.01666666666666667,1,0,0,1.0,57
2022-08-15,1,0,1150,33,8,1,57.0,40.25,33.75,1,0,0.018181818181818184,0,0,0,1.0,35
2022-08-22,1,0,985,34,8,1,35.0,38.75,34.75,1,0,0.03076923076923077,0,0,0,1.0,39
2022-08-29,1,0,740,35,8,1,39.0,41.25,36.25,1,0,0.014285714285714287,0,0,0,0.42857142857142855,21
2022-09-05,1,0,778,36,9,1,21.0,38.0,36.5,1,0,0.05714285714285715,1,0,0,0.42857142857142855,26
2022-09-12,1,0,722,37,9,1,26.0,30.25,35.25,1,0,0.011111111111111112,0,0,0,0.3888888888888889,24
2022-09-19,1,0,662,38,9,1,24.0,27.5,33.125,1,0,0.01,0,0,0,0.7,24
2022-09-26,1,0,651,39,9,1,24.0,23.75,32.5,1,0,0.03076923076923077,0,0,0,0.7692307692307693,17
2022-10-03,1,0,500,40,10,1,17.0,22.75,30.375,0,0,0.0,1,0,0,0.38461538461538464,25
2022-10-10,1,0,463,41,10,1,25.0,22.5,26.375,0,0,0.0,0,0,0,0.0,19
2022-10-17,1,0,488,42,10,1,19.0,21.25,24.375,1,1,0.06388993068663902,0,0,0,0.5384615384615384,31
2022-10-24,1,0,497,43,10,1,31.0,23.0,23.375,1,0,0.016666666666666666,0,0,0,0.0,30
2022-10-31,1,0,520,44,10,1,30.0,26.25,24.5,1,0,0.04000000000000001,0,0,0,0.6666666666666666,21
2022-11-07,1,0,460,45,11,1,21.0,25.25,23.875,1,0,0.028571428571428574,1,0,0,0.8571428571428571,15
2022-11-14,1,0,451,46,11,1,15.0,24.25,22.75,1,0,0.03333333333333333,0,0,0,0.75,24
2022-11-21,1,0,459,47,11,1,24.0,22.5,22.75,1,0,0.014285714285714287,0,0,0,0.8571428571428571,23
2022-11-28,1,0,451,48,11,1,23.0,20.75,23.5,0,0,0.0,0,0,0,0.625,16
2022-12-05,1,0,411,49,12,1,16.0,19.5,22.375,0,0,0.0,1,0,0,0.0,19
2022-12-12,1,0,469,50,12,1,19.0,20.5,22.375,1,0,0.03333333333333333,0,0,0,0.6666666666666666,23
2022-12-19,1,0,479,51,12,1,23.0,20.25,21.375,1,0,0.06153846153846154,0,0,0,0.0,15
2022-12-26,1,0,465,52,12,1,15.0,18.25,19.5,1,0,0.018181818181818184,0,0,0,0.09090909090909091,16
2020-12-28,2,0,288,53,12,1,0.0,0.0,0.0,0,0,0.0,0,0,0,0.0,2
2021-01-04,2,0,604,1,1,1,2.0,2.0,2.0,1,0,0.03333333333333333,1,0,0,0.16666666666666666,6
2021-01-11,2,0,625,2,1,1,6.0,4.0,4.0,0,0,0.0,0,0,0,0.0,4
2021-01-18,2,0,604,3,1,1,4.0,4.0,4.0,1,0,0.04,0,0,0,0.2,5
2021-01-25,2,0,636,4,1,1,5.0,4.25,4.25,1,0,0.05,0,0,0,0.0,4
2021-02-01,2,0,605,5,2,1,4.0,4.75,4.2,0,1,0.017397068133242714,0,0,0,0.0,7
2021-02-08,2,0,650,6,2,1,7.0,5.0,4.666666666666667,0,0,0.0,0,0,0,0.3333333333333333,6
2021-02-15,2,0,662,7,2,1,6.0,5.5,4.857142857142857,0,0,0.0,0,0,0,0.0,6
2021-02-22,2,0,838,8,2,1,6.0,5.75,5.0,1,0,0.04,0,0,0,0.6,5
2021-03-01,2,0,752,9,3,1,5.0,6.0,5.375,0,0,0.0,0,0,0,0.8,5
2021-03-08,2,0,726,10,3,1,5.0,5.5,5.25,1,0,0.05714285714285715,1,0,0,0.7142857142857143,7
2021-03-15,2,0,680,11,3,1,7.0,5.75,5.625,0,0,0.0,0,0,0,0.7142857142857143,7
2021-03-22,2,0,667,12,3,1,7.0,6.0,5.875,1,0,0.06666666666666667,0,0,0,0.6666666666666666,6
2021-03-29,2,0,744,13,3,1,6.0,6.25,6.125,0,0,0.0,0,0,0,0.75,4
2021-04-05,2,0,715,14,4,1,4.0,6.0,5.75,0,0,0.0,0,0,0,0.5,4
2021-04-12,2,0,790,15,4,1,4.0,5.25,5.5,1,0,0.10000000000000002,0,0,0,1.0,6
2021-04-19,2,0,813,16,4,1,6.0,5.0,5.5,0,0,0.0,0,0,0,1.0,5
2021-04-26,2,0,753,17,4,1,5.0,4.75,5.5,1,0,0.04,0,0,0,0.6,5
2021-05-03,2,0,786,18,5,1,5.0,5.0,5.5,1,0,0.06666666666666667,0,0,0,1.0,3
2021-05-10,2,0,980,19,5,1,3.0,4.75,5.0,0,0,0.0,0,0,0,0.8333333333333334,6
2021-05-17,2,0,598,20,5,1,6.0,4.75,4.875,0,0,0.0,0,0,0,1.0,5
2021-05-24,2,0,786,21,5,1,5.0,4.75,4.75,0,0,0.0,0,0,0,1.0,5
2021-05-31,2,0,759,22,5,1,5.0,4.75,4.875,0,0,0.0,0,0,0,0.6666666666666666,6
2021-06-07,2,0,771,23,6,1,6.0,5.5,5.125,0,0,0.0,0,0,0,1.0,3
2021-06-14,2,0,803,24,6,1,3.0,4.75,4.75,1,0,0.05,0,0,0,1.0,4
2021-06-21,2,0,803,25,6,1,4.0,4.5,4.625,0,0,0.0,0,0,0,1.0,5
2021-06-28,2,0,758,26,6,1,5.0,4.5,4.625,1,0,0.06666666666666667,0,0,0,1.0,6
2021-07-05,2,0,914,27,7,1,6.0,4.5,5.0,0,0,0.0,1,0,0,1.0,6
2021-07-12,2,0,1073,28,7,1,6.0,5.25,5.0,0,0,0.0,0,0,0,1.0,7
2021-07-19,2,0,1081,29,7,1,7.0,6.0,5.25,0,0,0.0,0,0,0,0.8333333333333334,7
2021-07-26,2,0,1005,30,7,1,7.0,6.5,5.5,1,0,0.08,0,0,0,0.8,5
2021-08-02,2,0,1139,31,8,1,5.0,6.25,5.375,1,0,0.028571428571428574,1,0,0,1.0,7
2021-08-09,2,0,1204,32,8,1,7.0,6.5,5.875,0,0,0.0,0,0,0,1.0,5
2021-08-16,2,0,1094,33,8,1,5.0,6.0,6.0,1,0,0.06666666666666667,0,0,0,1.0,6
2021-08-23,2,0,1032,34,8,1,6.0,5.75,6.125,0,0,0.0,0,0,0,1.0,7
2021-08-30,2,0,862,35,8,1,7.0,6.25,6.25,0,0,0.0,0,0,0,1.0,3
2021-09-06,2,0,798,36,9,1,3.0,5.25,5.875,1,0,0.04,1,0,0,0.8,5
2021-09-13,2,0,796,37,9,1,5.0,5.25,5.625,1,0,0.04,0,0,0,1.0,5
2021-09-20,2,0,694,38,9,1,5.0,5.0,5.375,0,0,0.0,0,0,0,0.75,4
2021-09-27,2,0,684,39,9,1,4.0,4.25,5.25,0,0,0.0,0,0,0,1.0,5
2021-10-04,2,0,741,40,10,1,5.0,4.75,5.0,0,0,0.0,1,0,0,1.0,7
2021-10-11,2,0,645,41,10,1,7.0,5.25,5.25,0,0,0.0,0,0,0,0.8,5
2021-10-18,2,0,756,42,10,1,5.0,5.25,5.125,0,0,0.0,0,0,0,0.3333333333333333,6
2021-10-25,2,0,844,43,10,1,6.0,5.75,5.0,1,0,0.06666666666666667,0,0,0,0.5,6
2021-11-01,2,0,775,44,11,1,6.0,6.0,5.375,0,0,0.0,0,0,0,0.8,5
2021-11-08,2,0,672,45,11,1,5.0,5.5,5.375,1,0,0.08,1,0,0,0.2,5
2021-11-15,2,0,601,46,11,1,5.0,5.5,5.375,0,0,0.0,0,0,0,0.25,4
2021-11-22,2,0,613,47,11,1,4.0,5.0,5.375,0,0,0.0,0,0,0,0.2,5
2021-11-29,2,0,636,48,11,1,5.0,4.75,5.375,1,0,0.03333333333333333,0,0,0,0.0,6
2021-12-06,2,0,530,49,12,1,6.0,5.0,5.25,1,0,0.03333333333333333,1,0,0,0.0,6
2021-12-13,2,0,646,50,12,1,6.0,5.25,5.375,1,0,0.03333333333333333,0,0,0,0.16666666666666666,6
2021-12-20,2,0,708,51,12,1,6.0,5.75,5.375,0,0,0.0,0,0,0,0.75,4
2021-12-27,2,0,738,52,12,1,4.0,5.5,5.125,1,0,0.028571428571428574,0,0,0,0.2857142857142857,7
2022-01-03,2,0,575,1,1,1,7.0,5.75,5.375,0,0,0.0,1,0,0,0.25,4
2022-01-10,2,0,589,2,1,1,4.0,5.25,5.25,0,0,0.0,0,0,0,0.6,5
2022-01-17,2,0,618,3,1,1,5.0,5.0,5.375,1,0,0.04,0,0,0,0.4,5
2022-01-24,2,0,632,4,1,0,5.0,5.25,5.375,1,0,0.04,0,0,0,1.0,5
2022-01-31,2,0,644,5,1,1,5.0,4.75,5.25,0,0,0.0,0,0,0,0.6666666666666666,6
2022-02-07,2,0,661,6,2,1,6.0,5.25,5.25,1,0,0.06666666666666667,0,0,0,1.0,6
2022-02-14,2,0,730,7,2,1,6.0,5.5,5.25,0,0,0.0,0,0,0,1.0,5
2022-02-21,2,0,741,8,2,1,5.0,5.5,5.375,0,0,0.0,0,0,0,0.3333333333333333,3
2022-02-28,2,0,737,9,2,1,3.0,5.0,4.875,0,0,0.0,0,0,0,0.3333333333333333,6
2022-03-07,2,0,667,10,3,1,6.0,5.0,5.125,0,0,0.0,1,0,0,0.2857142857142857,7
2022-03-14,2,0,670,11,3,1,7.0,5.25,5.375,0,0,0.0,0,0,0,0.75,4
2022-03-21,2,0,694,12,3,1,4.0,5.0,5.25,1,0,0.06666666666666667,0,0,0,1.0,6
2022-03-28,2,0,643,13,3,1,6.0,5.75,5.375,1,0,0.04,0,0,0,0.8,5
2022-04-04,2,0,645,14,4,1,5.0,5.5,5.25,0,0,0.0,0,0,0,0.2,5
2022-04-11,2,0,776,15,4,1,5.0,5.0,5.125,1,0,0.028571428571428574,0,0,0,0.5714285714285714,7
2022-04-18,2,0,868,16,4,1,7.0,5.75,5.375,0,0,0.0,0,0,0,1.0,4
2022-04-25,2,0,761,17,4,1,4.0,5.25,5.5,1,0,0.08,0,0,0,1.0,5
2022-05-02,2,0,720,18,5,1,5.0,5.25,5.375,0,0,0.0,1,0,0,0.6,5
2022-05-09,2,0,731,19,5,1,5.0,5.25,5.125,0,0,0.0,0,0,0,1.0,4
2022-05-16,2,0,743,20,5,1,4.0,4.5,5.125,1,0,0.08,0,0,0,0.6,5
2022-05-23,2,0,999,21,5,1,5.0,4.75,5.0,1,0,0.04,0,0,0,1.0,5
2022-05-30,2,0,810,22,5,1,5.0,4.75,5.0,1,0,0.03333333333333333,0,0,0,1.0,6
2022-06-06,2,0,823,23,6,1,6.0,5.0,5.125,0,0,0.0,0,0,0,1.0,4
2022-06-13,2,0,793,24,6,1,4.0,5.0,4.75,0,0,0.0,0,0,0,1.0,5
2022-06-20,2,0,785,25,6,1,5.0,5.0,4.875,0,0,0.0,0,0,0,1.0,4
2022-06-27,2,0,803,26,6,1,4.0,4.75,4.75,1,0,0.05,0,0,0,1.0,4
2022-07-04,2,0,853,27,7,1,4.0,4.25,4.625,1,0,0.04,1,0,0,1.0,5
2022-07-11,2,0,1185,28,7,1,5.0,4.5,4.75,0,0,0.0,0,0,0,1.0,5
2022-07-18,2,0,1067,29,7,1,5.0,4.5,4.75,0,0,0.0,0,0,0,0.4,5
2022-07-25,2,0,1109,30,7,1,5.0,4.75,4.75,0,0,0.0,0,0,0,0.14285714285714285,7
2022-08-01,2,0,1132,31,8,1,7.0,5.5,4.875,1,0,0.028571428571428574,0,0,0,0.8571428571428571,7
2022-08-08,2,0,1222,32,8,1,7.0,6.0,5.25,0,0,0.0,1,0,0,1.0,6
2022-08-15,2,0,1150,33,8,1,6.0,6.25,5.375,1,0,0.028571428571428574,0,0,0,1.0,7
2022-08-22,2,0,985,34,8,1,7.0,6.75,5.75,1,0,0.04,0,0,0,1.0,5
2022-08-29,2,0,740,35,8,1,5.0,6.25,5.875,1,0,0.04,0,0,0,0.6,5
2022-09-05,2,0,778,36,9,1,5.0,5.75,5.875,1,0,0.05714285714285715,1,0,0,0.5714285714285714,7
2022-09-12,2,0,722,37,9,1,7.0,6.0,6.125,0,0,0.0,0,0,0,0.5,4
2022-09-19,2,0,662,38,9,1,4.0,5.25,6.0,0,0,0.0,0,0,0,0.75,4
2022-09-26,2,0,651,39,9,1,4.0,5.0,5.625,0,0,0.0,0,0,0,0.6,5
2022-10-03,2,0,500,40,10,1,5.0,5.0,5.375,0,0,0.0,1,0,0,0.3333333333333333,3
2022-10-10,2,0,463,41,10,1,3.0,4.0,5.0,1,0,0.03333333333333333,0,0,0,0.0,6
2022-10-17,2,0,488,42,10,1,6.0,4.5,4.875,1,0,0.05,0,0,0,0.5,4
2022-10-24,2,0,497,43,10,1,4.0,4.5,4.75,0,0,0.0,0,0,0,0.0,4
2022-10-31,2,0,520,44,10,1,4.0,4.25,4.625,1,0,0.028571428571428574,0,0,0,0.7142857142857143,7
2022-11-07,2,0,460,45,11,1,7.0,5.25,4.625,1,0,0.06666666666666667,1,0,0,0.8333333333333334,6
2022-11-14,2,0,451,46,11,1,6.0,5.25,4.875,0,0,0.0,0,0,0,0.8333333333333334,6
2022-11-21,2,0,459,47,11,1,6.0,5.75,5.125,1,0,0.03333333333333333,0,0,0,0.8333333333333334,6
2022-11-28,2,0,451,48,11,1,6.0,6.25,5.25,0,1,0.05416997781658697,0,0,0,0.75,4
2022-12-05,2,0,411,49,12,1,4.0,5.5,5.375,1,0,0.04,1,0,0,0.0,5
2022-12-12,2,0,469,50,12,1,5.0,5.25,5.25,0,0,0.0,0,0,0,0.75,4
2022-12-19,2,0,479,51,12,1,4.0,4.75,5.25,1,0,0.03333333333333333,0,0,0,0.0,6
2022-12-26,2,0,465,52,12,1,6.0,4.75,5.5,1,0,0.04,0,0,0,0.2,5
2020-12-28,3,0,288,53,12,1,0.0,0.0,0.0,1,0,0.02033898305084746,0,0,0,0.0,82
2021-01-04,3,0,604,1,1,1,82.0,82.0,82.0,1,0,0.01652892561983471,1,0,0,0.12396694214876033,166
2021-01-11,3,0,625,2,1,1,166.0,124.0,124.0,1,0,0.0191304347826087,0,0,0,0.17391304347826086,170
2021-01-18,3,0,604,3,1,1,170.0,139.33333333333334,139.33333333333334,1,0,0.018803418803418806,0,0,0,0.29914529914529914,164
2021-01-25,3,0,636,4,1,1,164.0,145.5,145.5,1,0,0.014035087719298246,0,0,0,0.0,169
2021-02-01,3,0,605,5,2,1,169.0,167.25,150.2,1,0,0.013725490196078433,0,0,0,0.0,148
2021-02-08,3,0,650,6,2,1,148.0,162.75,149.83333333333334,1,0,0.017857142857142856,1,0,0,0.29464285714285715,165
2021-02-15,3,0,662,7,2,1,165.0,161.5,152.0,1,0,0.017142857142857144,0,0,0,0.0,193
2021-02-22,3,0,838,8,2,1,193.0,168.75,157.125,1,0,0.01875,0,0,0,0.671875,278
2021-03-01,3,0,752,9,3,1,278.0,196.0,181.625,1,0,0.018867924528301886,0,0,0,0.8616352201257862,249
2021-03-08,3,0,726,10,3,1,249.0,221.25,192.0,1,0,0.015503875968992248,1,0,0,0.6511627906976745,200
2021-03-15,3,0,680,11,3,1,200.0,230.0,195.75,1,0,0.020967741935483872,0,0,0,0.7983870967741935,180
2021-03-22,3,0,667,12,3,1,180.0,226.75,197.75,1,0,0.012403100775193798,0,0,0,0.43410852713178294,198
2021-03-29,3,0,744,13,3,1,198.0,206.75,201.375,1,0,0.014117647058823532,0,0,0,0.8647058823529412,269
2021-04-05,3,0,715,14,4,1,269.0,211.75,216.5,1,0,0.017142857142857144,1,0,0,0.4928571428571429,219
2021-04-12,3,0,790,15,4,1,219.0,216.5,223.25,1,0,0.026845637583892617,0,0,0,1.0,209
2021-04-19,3,0,813,16,4,1,209.0,223.75,225.25,1,0,0.02471910112359551,0,0,0,0.8876404494382022,242
2021-04-26,3,0,753,17,4,1,242.0,234.75,220.75,1,0,0.018300653594771243,0,0,0,0.7581699346405228,213
2021-05-03,3,0,786,18,5,1,213.0,220.75,216.25,1,0,0.014201183431952666,1,0,0,1.0,233
2021-05-10,3,0,980,19,5,1,233.0,224.25,220.375,1,0,0.016091954022988506,0,0,0,0.9042145593869731,386
2021-05-17,3,0,598,20,5,1,386.0,268.5,246.125,1,0,0.012048192771084338,0,0,0,1.0,144
2021-05-24,3,0,786,21,5,1,144.0,244.0,239.375,1,1,0.029319353977262718,0,0,0,1.0,263
2021-05-31,3,0,759,22,5,1,263.0,256.5,238.625,1,0,0.01899441340782123,0,0,0,0.5586592178770949,274
2021-06-07,3,0,771,23,6,1,274.0,266.75,245.5,1,0,0.02236024844720497,1,0,0,1.0,226
2021-06-14,3,0,803,24,6,1,226.0,226.75,247.625,1,0,0.026086956521739136,0,0,0,1.0,244
2021-06-21,3,0,803,25,6,1,244.0,251.75,247.875,1,0,0.018285714285714287,0,0,0,1.0,253
2021-06-28,3,0,758,26,6,1,253.0,249.25,252.875,1,1,0.05366480751670861,0,0,0,1.0,207
2021-07-05,3,0,914,27,7,1,207.0,232.5,249.625,1,0,0.022885572139303485,1,0,0,1.0,292
2021-07-12,3,0,1073,28,7,1,292.0,249.0,237.875,1,0,0.019014084507042256,0,0,0,1.0,433
2021-07-19,3,0,1081,29,7,1,433.0,296.25,274.0,1,0,0.01949458483754513,0,0,0,0.8628158844765343,419
2021-07-26,3,0,1005,30,7,1,419.0,337.75,293.5,1,0,0.022222222222222223,0,0,0,0.8492063492063492,390
2021-08-02,3,0,1139,31,8,1,390.0,383.5,308.0,1,0,0.011214953271028038,1,0,0,1.0,459
2021-08-09,3,0,1204,32,8,1,459.0,425.25,337.125,1,0,0.020958083832335328,0,0,0,1.0,499
2021-08-16,3,0,1094,33,8,1,499.0,441.75,369.0,1,0,0.03194444444444445,0,0,0,1.0,413
2021-08-23,3,0,1032,34,8,1,413.0,440.25,389.0,1,0,0.01948051948051948,0,0,0,1.0,451
2021-08-30,3,0,862,35,8,1,451.0,455.5,419.5,1,0,0.022966507177033496,0,0,0,1.0,291
2021-09-06,3,0,798,36,9,1,291.0,413.5,419.375,1,0,0.01576354679802956,1,0,0,0.7881773399014779,309
2021-09-13,3,0,796,37,9,1,309.0,366.0,403.875,1,0,0.0192090395480226,0,0,0,1.0,248
2021-09-20,3,0,694,38,9,1,248.0,324.75,382.5,1,0,0.025563909774436094,0,0,0,0.8270676691729323,213
2021-09-27,3,0,684,39,9,1,213.0,265.25,360.375,1,0,0.028358208955223882,0,0,0,1.0,190
2021-10-04,3,0,741,40,10,1,190.0,240.0,326.75,1,0,0.017857142857142856,1,0,0,1.0,223
2021-10-11,3,0,645,41,10,1,223.0,218.5,292.25,1,0,0.02280701754385965,0,0,0,0.8157894736842105,169
2021-10-18,3,0,756,42,10,1,169.0,198.75,261.75,1,0,0.02709677419354839,0,0,0,0.2064516129032258,228
2021-10-25,3,0,844,43,10,1,228.0,202.5,233.875,1,0,0.01988950276243094,0,0,0,0.430939226519337,264
2021-11-01,3,0,775,44,11,1,264.0,221.0,230.5,1,0,0.00945945945945946,0,0,0,0.8243243243243243,221
2021-11-08,3,0,672,45,11,1,221.0,220.5,219.5,1,0,0.0171875,1,0,0,0.1171875,231
2021-11-15,3,0,601,46,11,1,231.0,236.0,217.375,1,0,0.02882882882882883,0,0,0,0.1891891891891892,165
2021-11-22,3,0,613,47,11,1,165.0,220.25,211.375,1,0,0.009174311926605505,0,0,0,0.28440366972477066,162
2021-11-29,3,0,636,48,11,1,162.0,194.75,207.875,1,0,0.010619469026548674,0,0,0,0.0,154
2021-12-06,3,0,530,49,12,1,154.0,178.0,199.25,1,0,0.03200000000000001,1,0,0,0.0,111
2021-12-13,3,0,646,50,12,1,111.0,148.0,192.0,1,0,0.025454545454545455,0,0,0,0.14545454545454545,159
2021-12-20,3,0,708,51,12,1,159.0,146.5,183.375,1,0,0.018791946308724834,0,0,0,0.5704697986577181,200
2021-12-27,3,0,738,52,12,1,200.0,156.0,175.375,1,0,0.01927710843373494,0,0,0,0.24096385542168675,249
2022-01-03,3,0,575,1,1,1,249.0,179.75,178.875,1,0,0.02142857142857143,1,0,0,0.2619047619047619,106
2022-01-10,3,0,589,2,1,1,106.0,178.5,163.25,1,0,0.01443298969072165,0,0,0,0.6288659793814433,137
2022-01-17,3,0,618,3,1,1,137.0,173.0,159.75,1,0,0.017094017094017096,0,0,0,0.5811965811965812,162
2022-01-24,3,0,632,4,1,0,162.0,163.5,159.75,1,0,0.022641509433962266,0,0,0,1.0,155
2022-01-31,3,0,644,5,1,1,155.0,140.0,159.875,1,0,0.018032786885245903,0,0,0,0.7295081967213115,167
2022-02-07,3,0,661,6,2,1,167.0,155.25,166.875,1,0,0.01777777777777778,1,0,0,1.0,177
2022-02-14,3,0,730,7,2,1,177.0,165.25,169.125,1,0,0.020125786163522015,0,0,0,0.8490566037735849,225
2022-02-21,3,0,741,8,2,1,225.0,181.0,172.25,1,0,0.0125,0,0,0,0.28125,224
2022-02-28,3,0,737,9,2,1,224.0,198.25,169.125,1,0,0.011111111111111112,0,0,0,0.3333333333333333,197
2022-03-07,3,0,667,10,3,1,197.0,205.75,180.5,1,1,0.031536016881735136,1,0,0,0.3984375,175
2022-03-14,3,0,670,11,3,1,175.0,205.25,185.25,1,0,0.018333333333333333,0,0,0,0.5916666666666667,159
2022-03-21,3,0,694,12,3,1,159.0,188.75,184.875,1,0,0.026356589147286825,0,0,0,1.0,175
2022-03-28,3,0,643,13,3,1,175.0,176.5,187.375,1,0,0.013559322033898306,0,0,0,0.8559322033898306,167
2022-04-04,3,0,645,14,4,1,167.0,169.0,187.375,1,0,0.014634146341463415,1,0,0,0.10569105691056911,179
2022-04-11,3,0,776,15,4,1,179.0,170.0,187.625,1,0,0.02790697674418605,0,0,0,0.563953488372093,249
2022-04-18,3,0,868,16,4,1,249.0,192.5,190.625,1,0,0.016279069767441864,0,0,0,1.0,264
2022-04-25,3,0,761,17,4,1,264.0,214.75,195.625,1,0,0.015584415584415586,0,0,0,1.0,225
2022-05-02,3,0,720,18,5,1,225.0,229.25,199.125,1,0,0.012903225806451613,1,0,0,0.6129032258064516,185
2022-05-09,3,0,731,19,5,1,185.0,230.75,200.375,1,0,0.0273972602739726,0,0,0,1.0,199
2022-05-16,3,0,743,20,5,1,199.0,218.25,205.375,1,0,0.02011173184357542,0,0,0,0.664804469273743,238
2022-05-23,3,0,999,21,5,1,238.0,211.75,213.25,1,0,0.015789473684210527,0,0,0,1.0,314
2022-05-30,3,0,810,22,5,1,314.0,234.0,231.625,1,0,0.01641025641025641,0,0,0,1.0,288
2022-06-06,3,0,823,23,6,1,288.0,259.75,245.25,1,0,0.01702127659574468,1,0,0,1.0,264
2022-06-13,3,0,793,24,6,1,264.0,276.0,247.125,1,1,0.03247241006424352,0,0,0,1.0,242
2022-06-20,3,0,785,25,6,1,242.0,277.0,244.375,1,0,0.02631578947368421,0,0,0,1.0,205
2022-06-27,3,0,803,26,6,1,205.0,249.75,241.875,1,0,0.015873015873015872,0,0,0,1.0,260
2022-07-04,3,0,853,27,7,1,260.0,242.75,251.25,1,0,0.016580310880829015,1,0,0,1.0,265
2022-07-11,3,0,1185,28,7,1,265.0,243.0,259.5,1,0,0.021893491124260357,0,0,0,1.0,529
2022-07-18,3,0,1067,29,7,1,529.0,314.75,295.875,1,0,0.02764227642276423,0,0,0,0.483739837398374,378
2022-07-25,3,0,1109,30,7,1,378.0,358.0,303.875,1,0,0.015646258503401362,0,0,0,0.17006802721088435,418
2022-08-01,3,0,1132,31,8,1,418.0,397.5,320.125,1,0,0.01893939393939394,0,0,0,0.8636363636363636,386
2022-08-08,3,0,1222,32,8,1,386.0,427.75,335.375,1,0,0.02183098591549296,1,0,0,1.0,410
2022-08-15,3,0,1150,33,8,1,410.0,398.0,356.375,1,0,0.01287878787878788,0,0,0,1.0,394
2022-08-22,3,0,985,34,8,1,394.0,402.0,380.0,1,0,0.027488151658767775,0,0,0,1.0,300
2022-08-29,3,0,740,35,8,1,300.0,372.5,385.0,1,0,0.02077922077922078,0,0,0,0.474025974025974,208
2022-09-05,3,0,778,36,9,1,208.0,328.0,377.875,1,0,0.027536231884057974,1,0,0,0.5434782608695652,175
2022-09-12,3,0,722,37,9,1,175.0,269.25,333.625,1,0,0.013888888888888888,0,0,0,0.4513888888888889,207
2022-09-19,3,0,662,38,9,1,207.0,222.5,312.25,1,0,0.011320754716981133,0,0,0,0.6226415094339622,143
2022-09-26,3,0,651,39,9,1,143.0,183.25,277.875,1,0,0.016981132075471698,0,0,0,0.6226415094339622,202
2022-10-03,3,0,500,40,10,1,202.0,181.75,254.875,0,0,0.0,1,0,0,0.45454545454545453,230
2022-10-10,3,0,463,41,10,1,230.0,195.5,232.375,1,0,0.042857142857142864,0,0,0,0.0,169
2022-10-17,3,0,488,42,10,1,169.0,186.0,204.25,0,0,0.0,0,0,0,0.46153846153846156,269
2022-10-24,3,0,497,43,10,1,269.0,217.5,200.375,1,0,0.023529411764705882,0,0,0,0.0,275
2022-10-31,3,0,520,44,10,1,275.0,235.75,208.75,1,0,0.013333333333333334,0,0,0,0.7333333333333333,277
2022-11-07,3,0,460,45,11,1,277.0,247.5,221.5,1,0,0.03333333333333333,1,0,0,0.9166666666666666,244
2022-11-14,3,0,451,46,11,1,244.0,266.25,226.125,1,0,0.03333333333333333,0,0,0,0.6666666666666666,184
2022-11-21,3,0,459,47,11,1,184.0,245.0,231.25,0,0,0.0,0,0,0,0.8461538461538461,162
2022-11-28,3,0,451,48,11,1,162.0,216.75,226.25,0,0,0.0,0,0,0,0.6666666666666666,169
2022-12-05,3,0,411,49,12,1,169.0,189.75,218.625,1,0,0.016666666666666666,1,0,0,0.0,127
2022-12-12,3,0,469,50,12,1,127.0,160.5,213.375,1,0,0.016666666666666666,0,0,0,0.5833333333333334,155
2022-12-19,3,0,479,51,12,1,155.0,153.25,199.125,1,0,0.028571428571428574,0,0,0,0.0,209
2022-12-26,3,0,465,52,12,1,209.0,165.0,190.875,1,0,0.03076923076923077,0,0,0,0.07692307692307693,234
2020-12-28,4,0,288,53,12,1,0.0,0.0,0.0,0,0,0.0,0,0,0,0.0,3
2021-01-04,4,0,604,1,1,1,3.0,3.0,3.0,0,0,0.0,1,0,0,0.14285714285714285,7
2021-01-11,4,0,625,2,1,1,7.0,5.0,5.0,1,0,0.04,0,0,0,0.2,5
2021-01-18,4,0,604,3,1,1,5.0,5.0,5.0,0,0,0.0,0,0,0,0.25,4
2021-01-25,4,0,636,4,1,1,4.0,4.75,4.75,1,0,0.05714285714285715,0,0,0,0.0,7
2021-02-01,4,0,605,5,2,1,7.0,5.75,5.2,1,0,0.05714285714285715,0,0,0,0.0,7
2021-02-08,4,0,650,6,2,1,7.0,5.75,5.5,1,0,0.03333333333333333,1,0,0,0.5,6
2021-02-15,4,0,662,7,2,1,6.0,6.0,5.571428571428571,1,0,0.028571428571428574,0,0,0,0.0,7
2021-02-22,4,0,838,8,2,1,7.0,6.75,5.75,1,0,0.04,0,0,0,0.6,5
2021-03-01,4,0,752,9,3,1,5.0,6.25,6.0,0,0,0.0,0,0,0,1.0,5
2021-03-08,4,0,726,10,3,1,5.0,5.75,5.75,0,0,0.0,0,0,0,0.75,4
2021-03-15,4,0,680,11,3,1,4.0,5.25,5.625,0,0,0.0,0,0,0,0.6666666666666666,6
2021-03-22,4,0,667,12,3,1,6.0,5.0,5.875,0,0,0.0,0,0,0,0.5714285714285714,7
2021-03-29,4,0,744,13,3,1,7.0,5.5,5.875,1,0,0.03333333333333333,0,0,0,0.8333333333333334,7
2021-04-05,4,0,715,14,4,1,7.0,6.0,5.875,1,0,0.03333333333333333,1,0,0,0.5,6
2021-04-12,4,0,790,15,4,1,6.0,6.5,5.875,0,0,0.0,0,0,0,1.0,7
2021-04-19,4,0,813,16,4,1,7.0,6.75,5.875,0,0,0.0,0,0,0,0.8,5
2021-04-26,4,0,753,17,4,1,5.0,6.25,5.875,1,0,0.028571428571428574,0,0,0,0.7142857142857143,7
2021-05-03,4,0,786,18,5,1,7.0,6.25,6.125,1,0,0.05,1,0,0,1.0,4
2021-05-10,4,0,980,19,5,1,4.0,5.75,6.125,1,0,0.028571428571428574,0,0,0,1.0,8
2021-05-17,4,0,598,20,5,1,8.0,6.0,6.375,0,1,0.04013460515369303,0,0,0,1.0,8
2021-05-24,4,0,786,21,5,1,8.0,6.75,6.5,1,0,0.028571428571428574,0,0,0,1.0,7
2021-05-31,4,0,759,22,5,1,7.0,6.75,6.5,1,0,0.03333333333333333,0,0,0,0.6666666666666666,6
2021-06-07,4,0,771,23,6,1,6.0,7.25,6.5,0,0,0.0,1,0,0,1.0,8
2021-06-14,4,0,803,24,6,1,8.0,7.25,6.625,1,0,0.03333333333333333,0,0,0,1.0,6
2021-06-21,4,0,803,25,6,1,6.0,6.75,6.75,0,0,0.0,0,0,0,1.0,7
2021-06-28,4,0,758,26,6,1,7.0,6.75,6.75,0,0,0.0,0,0,0,1.0,7
2021-07-05,4,0,914,27,7,1,7.0,7.0,7.125,0,0,0.0,1,0,0,1.0,9
2021-07-12,4,0,1073,28,7,1,9.0,7.25,7.25,1,0,0.025,0,0,0,1.0,9
2021-07-19,4,0,1081,29,7,1,9.0,8.0,7.375,0,0,0.0,0,0,0,0.8,6
2021-07-26,4,0,1005,30,7,1,6.0,7.75,7.25,1,0,0.06666666666666667,0,0,0,1.0,6
2021-08-02,4,0,1139,31,8,1,6.0,7.5,7.25,1,0,0.028571428571428574,1,0,0,1.0,7
2021-08-09,4,0,1204,32,8,1,7.0,7.0,7.125,1,0,0.028571428571428574,0,0,0,1.0,9
2021-08-16,4,0,1094,33,8,1,9.0,7.0,7.5,1,1,0.0460444636064607,0,0,0,1.0,9
2021-08-23,4,0,1032,34,8,1,9.0,7.75,7.75,1,0,0.05,0,0,0,1.0,10
2021-08-30,4,0,862,35,8,1,10.0,8.75,8.125,0,0,0.0,0,0,0,1.0,5
2021-09-06,4,0,798,36,9,1,5.0,8.25,7.625,0,0,0.0,1,0,0,0.8333333333333334,6
2021-09-13,4,0,796,37,9,1,6.0,7.5,7.25,1,0,0.028571428571428574,0,0,0,1.0,7
2021-09-20,4,0,694,38,9,1,7.0,7.0,7.375,0,0,0.0,0,0,0,0.8571428571428571,7
2021-09-27,4,0,684,39,9,1,7.0,6.25,7.5,1,0,0.028571428571428574,0,0,0,1.0,7
2021-10-04,4,0,741,40,10,1,7.0,6.75,7.5,0,0,0.0,0,0,0,1.0,6
2021-10-11,4,0,645,41,10,1,6.0,6.75,7.125,1,0,0.03333333333333333,0,0,0,0.8333333333333334,6
2021-10-18,4,0,756,42,10,1,6.0,6.5,6.75,0,0,0.0,0,0,0,0.2857142857142857,7
2021-10-25,4,0,844,43,10,1,7.0,6.5,6.375,0,0,0.0,0,0,0,0.42857142857142855,7
2021-11-01,4,0,775,44,11,1,7.0,6.5,6.625,1,0,0.04,0,0,0,0.8,5
2021-11-08,4,0,672,45,11,1,5.0,6.25,6.5,0,0,0.0,1,0,0,0.2,5
2021-11-15,4,0,601,46,11,1,5.0,6.0,6.25,1,0,0.04,0,0,0,0.0,5
2021-11-22,4,0,613,47,11,1,5.0,5.5,6.0,0,0,0.0,0,0,0,0.2857142857142857,7
2021-11-29,4,0,636,48,11,1,7.0,5.5,6.0,0,0,0.0,0,0,0,0.0,5
2021-12-06,4,0,530,49,12,1,5.0,5.5,5.875,1,0,0.04,0,0,0,0.0,5
2021-12-13,4,0,646,50,12,1,5.0,5.5,5.75,0,0,0.0,0,0,0,0.25,4
2021-12-20,4,0,708,51,12,1,4.0,5.25,5.375,0,0,0.0,0,0,0,0.5,6
2021-12-27,4,0,738,52,12,1,6.0,5.0,5.25,1,0,0.028571428571428574,0,0,0,0.2857142857142857,7
2022-01-03,4,0,575,1,1,1,7.0,5.5,5.5,0,0,0.0,1,0,0,0.16666666666666666,6
2022-01-10,4,0,589,2,1,1,6.0,5.75,5.625,1,0,0.05,0,0,0,1.0,4
2022-01-17,4,0,618,3,1,1,4.0,5.75,5.5,1,0,0.05,0,0,0,0.5,4
2022-01-24,4,0,632,4,1,0,4.0,5.25,5.125,0,0,0.0,0,0,0,1.0,5
2022-01-31,4,0,644,5,1,1,5.0,4.75,5.125,0,0,0.0,0,0,0,0.6666666666666666,6
2022-02-07,4,0,661,6,2,1,6.0,4.75,5.25,0,0,0.0,1,0,0,1.0,5
2022-02-14,4,0,730,7,2,1,5.0,5.0,5.375,0,0,0.0,0,0,0,0.8333333333333334,6
2022-02-21,4,0,741,8,2,1,6.0,5.5,5.375,1,0,0.06666666666666667,0,0,0,0.5,6
2022-02-28,4,0,737,9,2,1,6.0,5.75,5.25,1,0,0.05714285714285715,0,0,0,0.2857142857142857,7
2022-03-07,4,0,667,10,3,1,7.0,6.0,5.375,0,0,0.0,1,0,0,0.3333333333333333,6
2022-03-14,4,0,670,11,3,1,6.0,6.25,5.625,1,0,0.04,0,0,0,0.6,5
2022-03-21,4,0,694,12,3,1,5.0,6.0,5.75,0,0,0.0,0,0,0,1.0,5
2022-03-28,4,0,643,13,3,1,5.0,5.75,5.75,0,0,0.0,0,0,0,0.8,5
2022-04-04,4,0,645,14,4,1,5.0,5.25,5.625,1,0,0.04,1,0,0,0.2,5
2022-04-11,4,0,776,15,4,1,5.0,5.0,5.625,1,0,0.028571428571428574,0,0,0,0.7142857142857143,7
2022-04-18,4,0,868,16,4,1,7.0,5.5,5.75,1,0,0.028571428571428574,0,0,0,1.0,7
2022-04-25,4,0,761,17,4,1,7.0,6.0,5.875,0,0,0.0,0,0,0,1.0,4
2022-05-02,4,0,720,18,5,1,4.0,5.75,5.5,0,0,0.0,1,0,0,0.5,6
2022-05-09,4,0,731,19,5,1,6.0,6.0,5.5,0,0,0.0,0,0,0,1.0,4
2022-05-16,4,0,743,20,5,1,4.0,5.25,5.375,0,0,0.0,0,0,0,0.6666666666666666,6
2022-05-23,4,0,999,21,5,1,6.0,5.0,5.5,0,0,0.0,0,0,0,1.0,6
2022-05-30,4,0,810,22,5,1,6.0,5.5,5.625,1,0,0.05,0,0,0,1.0,4
2022-06-06,4,0,823,23,6,1,4.0,5.0,5.5,1,0,0.03333333333333333,1,0,0,1.0,6
2022-06-13,4,0,793,24,6,1,6.0,5.5,5.375,1,0,0.028571428571428574,0,0,0,1.0,7
2022-06-20,4,0,785,25,6,1,7.0,5.75,5.375,0,0,0.0,0,0,0,1.0,5
2022-06-27,4,0,803,26,6,1,5.0,5.5,5.5,1,0,0.04,0,0,0,1.0,5
2022-07-04,4,0,853,27,7,1,5.0,5.75,5.375,0,1,0.03823237075866687,1,0,0,1.0,6
2022-07-11,4,0,1185,28,7,1,6.0,5.75,5.625,1,0,0.025,0,0,0,1.0,8
2022-07-18,4,0,1067,29,7,1,8.0,6.0,5.875,1,0,0.03333333333333333,0,0,0,0.5,7
2022-07-25,4,0,1109,30,7,1,7.0,6.5,6.0,0,0,0.0,0,0,0,0.14285714285714285,9
2022-08-01,4,0,1132,31,8,1,9.0,7.5,6.625,1,0,0.05,0,0,0,0.875,9
2022-08-08,4,0,1222,32,8,1,9.0,8.25,7.0,1,0,0.018181818181818184,1,0,0,1.0,15
2022-08-15,4,0,1150,33,8,1,15.0,10.0,8.0,1,0,0.022222222222222223,0,0,0,1.0,10
2022-08-22,4,0,985,34,8,1,10.0,10.75,8.625,1,0,0.05714285714285715,0,0,0,1.0,8
2022-08-29,4,0,740,35,8,1,8.0,10.5,9.0,1,0,0.10000000000000002,0,0,0,0.6666666666666666,6
2022-09-05,4,0,778,36,9,1,6.0,9.75,9.0,0,0,0.0,1,0,0,0.6,5
2022-09-12,4,0,722,37,9,1,5.0,7.25,8.625,0,0,0.0,0,0,0,0.5,6
2022-09-19,4,0,662,38,9,1,6.0,6.25,8.5,0,0,0.0,0,0,0,0.7142857142857143,7
2022-09-26,4,0,651,39,9,1,7.0,6.0,8.25,1,0,0.05,0,0,0,1.0,4
2022-10-03,4,0,500,40,10,1,4.0,5.5,7.625,0,0,0.0,1,0,0,0.2,5
2022-10-10,4,0,463,41,10,1,5.0,5.5,6.375,1,0,0.08,0,0,0,0.0,5
2022-10-17,4,0,488,42,10,1,5.0,5.25,5.75,0,0,0.0,0,0,0,0.5,7
2022-10-24,4,0,497,43,10,1,7.0,5.25,5.625,0,0,0.0,0,0,0,0.0,7
2022-10-31,4,0,520,44,10,1,7.0,6.0,5.75,0,0,0.0,0,0,0,0.6666666666666666,6
2022-11-07,4,0,460,45,11,1,6.0,6.25,5.875,0,0,0.0,0,0,0,0.8,5
2022-11-14,4,0,451,46,11,1,5.0,6.25,5.75,1,0,0.03333333333333333,0,0,0,0.6666666666666666,6
2022-11-21,4,0,459,47,11,1,6.0,6.0,5.625,1,0,0.04,0,0,0,0.8,5
2022-11-28,4,0,451,48,11,1,5.0,5.5,5.75,1,0,0.05,0,0,0,0.5,4
2022-12-05,4,0,411,49,12,1,4.0,5.0,5.625,0,0,0.0,1,0,0,0.0,4
2022-12-12,4,0,469,50,12,1,4.0,4.75,5.5,1,0,0.028571428571428574,0,0,0,0.5714285714285714,7
2022-12-19,4,0,479,51,12,1,7.0,5.0,5.5,0,0,0.0,0,0,0,0.0,7
2022-12-26,4,0,465,52,12,1,7.0,5.5,5.5,1,0,0.03333333333333333,0,0,0,0.16666666666666666,6
2020-12-28,5,0,288,53,12,1,0.0,0.0,0.0,0,0,0.0,0,0,0,0.0,10
2021-01-04,5,0,604,1,1,1,10.0,10.0,10.0,1,0,0.023529411764705882,1,0,0,0.058823529411764705,22
2021-01-11,5,0,625,2,1,1,22.0,16.0,16.0,1,0,0.02666666666666667,0,0,0,0.26666666666666666,25
2021-01-18,5,0,604,3,1,1,25.0,19.0,19.0,1,0,0.018181818181818184,0,0,0,0.2727272727272727,29
2021-01-25,5,0,636,4,1,1,29.0,21.5,21.5,1,0,0.04615384615384616,0,0,0,0.0,22
2021-02-01,5,0,605,5,2,1,22.0,24.5,21.6,0,0,0.0,0,0,0,0.0,20
2021-02-08,5,0,650,6,2,1,20.0,24.0,21.333333333333332,1,0,0.025,1,0,0,0.375,28
2021-02-15,5,0,662,7,2,1,28.0,24.75,22.285714285714285,1,0,0.016666666666666666,0,0,0,0.0,23
2021-02-22,5,0,838,8,2,1,23.0,23.25,22.375,0,0,0.0,0,0,0,0.6111111111111112,28
2021-03-01,5,0,752,9,3,1,28.0,24.75,24.625,1,0,0.018181818181818184,0,0,0,0.7272727272727273,28
2021-03-08,5,0,726,10,3,1,28.0,26.75,25.375,0,0,0.0,1,0,0,0.7857142857142857,27
2021-03-15,5,0,680,11,3,1,27.0,26.5,25.625,1,0,0.014285714285714287,0,0,0,0.8571428571428571,27
2021-03-22,5,0,667,12,3,1,27.0,27.5,25.375,1,0,0.016666666666666666,0,0,0,0.5833333333333334,26
2021-03-29,5,0,744,13,3,1,26.0,27.0,25.875,1,0,0.0125,0,0,0,0.875,22
2021-04-05,5,0,715,14,4,1,22.0,25.5,26.125,1,0,0.014285714285714287,1,0,0,0.42857142857142855,23
2021-04-12,5,0,790,15,4,1,23.0,24.5,25.5,1,0,0.011764705882352941,0,0,0,1.0,29
2021-04-19,5,0,813,16,4,1,29.0,25.0,26.25,1,0,0.04000000000000001,0,0,0,0.9333333333333333,30
2021-04-26,5,0,753,17,4,1,30.0,26.0,26.5,0,0,0.0,0,0,0,0.6666666666666666,31
2021-05-03,5,0,786,18,5,1,31.0,28.25,26.875,0,1,0.047174474934970574,1,0,0,1.0,31
2021-05-10,5,0,980,19,5,1,31.0,30.25,27.375,1,0,0.0125,0,0,0,0.8125,26
2021-05-17,5,0,598,20,5,1,26.0,29.5,27.25,1,0,0.015384615384615385,0,0,0,1.0,19
2021-05-24,5,0,786,21,5,1,19.0,26.75,26.375,0,0,0.0,0,0,0,1.0,25
2021-05-31,5,0,759,22,5,1,25.0,25.25,26.75,0,0,0.0,0,0,0,0.5714285714285714,23
2021-06-07,5,0,771,23,6,1,23.0,23.25,26.75,1,0,0.0125,1,0,0,1.0,25
2021-06-14,5,0,803,24,6,1,25.0,23.0,26.25,1,0,0.013333333333333334,0,0,0,1.0,26
2021-06-21,5,0,803,25,6,1,26.0,24.75,25.75,1,0,0.013333333333333334,0,0,0,1.0,23
2021-06-28,5,0,758,26,6,1,23.0,24.25,24.75,1,0,0.028571428571428574,0,0,0,1.0,29
2021-07-05,5,0,914,27,7,1,29.0,25.75,24.5,1,0,0.028571428571428574,1,0,0,1.0,24
2021-07-12,5,0,1073,28,7,1,24.0,25.5,24.25,1,0,0.009523809523809525,0,0,0,1.0,24
2021-07-19,5,0,1081,29,7,1,24.0,25.0,24.875,1,0,0.02666666666666667,0,0,0,0.8,33
2021-07-26,5,0,1005,30,7,1,33.0,27.5,25.875,1,0,0.037500000000000006,0,0,0,0.8125,24
2021-08-02,5,0,1139,31,8,1,24.0,26.25,26.0,0,0,0.0,1,0,0,1.0,25
2021-08-09,5,0,1204,32,8,1,25.0,26.5,26.0,1,1,0.04240107990778381,0,0,0,1.0,21
2021-08-16,5,0,1094,33,8,1,21.0,25.75,25.375,1,1,0.019754179831079282,0,0,0,1.0,26
2021-08-23,5,0,1032,34,8,1,26.0,24.0,25.75,1,0,0.013333333333333334,0,0,0,1.0,23
2021-08-30,5,0,862,35,8,1,23.0,23.75,25.0,1,0,0.044444444444444446,0,0,0,1.0,26
2021-09-06,5,0,798,36,9,1,26.0,24.0,25.25,0,0,0.0,1,0,0,0.9411764705882353,25
2021-09-13,5,0,796,37,9,1,25.0,25.0,25.375,1,0,0.025,0,0,0,1.0,21
2021-09-20,5,0,694,38,9,1,21.0,23.75,23.875,1,0,0.016666666666666666,0,0,0,0.75,24
2021-09-27,5,0,684,39,9,1,24.0,24.0,23.875,1,0,0.04000000000000001,0,0,0,1.0,23
2021-10-04,5,0,741,40,10,1,23.0,23.25,23.625,1,0,0.028571428571428574,1,0,0,1.0,33
2021-10-11,5,0,645,41,10,1,33.0,25.25,25.125,1,0,0.013333333333333334,0,0,0,0.8,23
2021-10-18,5,0,756,42,10,1,23.0,25.75,24.75,0,0,0.0,0,0,0,0.2777777777777778,24
2021-10-25,5,0,844,43,10,1,24.0,25.75,24.875,1,0,0.013333333333333334,0,0,0,0.5333333333333333,32
2021-11-01,5,0,775,44,11,1,32.0,28.0,25.625,0,0,0.0,0,0,0,0.7857142857142857,53
2021-11-08,5,0,672,45,11,1,53.0,33.0,29.125,1,0,0.015384615384615385,1,0,0,0.15384615384615385,25
2021-11-15,5,0,601,46,11,1,25.0,33.5,29.625,0,0,0.0,0,0,0,0.1,21
2021-11-22,5,0,613,47,11,1,21.0,32.75,29.25,1,0,0.07692307692307693,0,0,0,0.23076923076923078,26
2021-11-29,5,0,636,48,11,1,26.0,31.25,29.625,1,0,0.04000000000000001,0,0,0,0.0,21
2021-12-06,5,0,530,49,12,1,21.0,23.25,28.125,1,0,0.05454545454545456,1,0,0,0.0,21
2021-12-13,5,0,646,50,12,1,21.0,22.25,27.875,0,0,0.0,0,0,0,0.15384615384615385,24
2021-12-20,5,0,708,51,12,1,24.0,23.0,27.875,1,0,0.014285714285714287,0,0,0,0.5,24
2021-12-27,5,0,738,52,12,1,24.0,22.5,26.875,1,0,0.028571428571428574,0,0,0,0.35714285714285715,34
2022-01-03,5,0,575,1,1,1,34.0,25.75,24.5,1,0,0.03636363636363637,1,0,0,0.18181818181818182,20
2022-01-10,5,0,589,2,1,1,20.0,25.5,23.875,1,0,0.0125,0,0,0,0.5625,25
2022-01-17,5,0,618,3,1,1,25.0,25.75,24.375,1,0,0.042105263157894736,0,0,0,0.47368421052631576,28
2022-01-24,5,0,632,4,1,0,28.0,26.75,24.625,0,0,0.0,0,0,0,1.0,27
2022-01-31,5,0,644,5,1,1,27.0,25.0,25.375,1,0,0.014285714285714287,0,0,0,0.6428571428571429,25
2022-02-07,5,0,661,6,2,1,25.0,26.25,25.875,1,0,0.0125,1,0,0,1.0,26
2022-02-14,5,0,730,7,2,1,26.0,26.5,26.125,1,0,0.05000000000000001,0,0,0,0.9166666666666666,60
2022-02-21,5,0,741,8,2,1,60.0,34.5,30.625,1,0,0.013333333333333334,0,0,0,0.3333333333333333,27
2022-02-28,5,0,737,9,2,1,27.0,34.5,29.75,1,0,0.021052631578947368,0,0,0,0.3157894736842105,25
2022-03-07,5,0,667,10,3,1,25.0,34.5,30.375,1,0,0.03529411764705883,1,0,0,0.23529411764705882,22
2022-03-14,5,0,670,11,3,1,22.0,33.5,30.0,0,0,0.0,0,0,0,0.5555555555555556,22
2022-03-21,5,0,694,12,3,1,22.0,24.0,29.25,1,0,0.014285714285714287,0,0,0,1.0,25
2022-03-28,5,0,643,13,3,1,25.0,23.5,29.0,1,0,0.047058823529411764,0,0,0,0.8235294117647058,25
2022-04-04,5,0,645,14,4,1,25.0,23.5,29.0,1,0,0.037500000000000006,1,0,0,0.125,24
2022-04-11,5,0,776,15,4,1,24.0,24.0,28.75,1,0,0.018181818181818184,0,0,0,0.7272727272727273,25
2022-04-18,5,0,868,16,4,1,25.0,24.75,24.375,0,0,0.0,0,0,0,1.0,28
2022-04-25,5,0,761,17,4,1,28.0,25.5,24.5,1,0,0.02666666666666667,0,0,0,1.0,25
2022-05-02,5,0,720,18,5,1,25.0,25.5,24.5,0,0,0.0,1,0,0,0.4666666666666667,23
2022-05-09,5,0,731,19,5,1,23.0,25.25,24.625,1,0,0.025,0,0,0,1.0,21
2022-05-16,5,0,743,20,5,1,21.0,24.25,24.5,1,0,0.05714285714285715,0,0,0,0.5714285714285714,26
2022-05-23,5,0,999,21,5,1,26.0,23.75,24.625,0,0,0.0,0,0,0,1.0,42
2022-05-30,5,0,810,22,5,1,42.0,28.0,26.75,1,0,0.04615384615384616,0,0,0,1.0,25
2022-06-06,5,0,823,23,6,1,25.0,28.5,26.875,1,0,0.015384615384615385,1,0,0,1.0,26
2022-06-13,5,0,793,24,6,1,26.0,29.75,27.0,0,0,0.0,0,0,0,1.0,28
2022-06-20,5,0,785,25,6,1,28.0,30.25,27.0,0,0,0.0,0,0,0,1.0,26
2022-06-27,5,0,803,26,6,1,26.0,26.25,27.125,1,0,0.014285714285714287,0,0,0,1.0,25
2022-07-04,5,0,853,27,7,1,25.0,26.25,27.375,1,0,0.0125,1,0,0,1.0,30
2022-07-11,5,0,1185,28,7,1,30.0,27.25,28.5,1,0,0.011111111111111112,0,0,0,1.0,33
2022-07-18,5,0,1067,29,7,1,33.0,28.5,29.375,1,0,0.03157894736842106,0,0,0,0.47368421052631576,78
2022-07-25,5,0,1109,30,7,1,78.0,41.5,33.875,1,0,0.04,0,0,0,0.1,26
2022-08-01,5,0,1132,31,8,1,26.0,41.75,34.0,1,0,0.011764705882352941,0,0,0,0.7647058823529411,36
2022-08-08,5,0,1222,32,8,1,36.0,43.25,35.25,1,0,0.02666666666666667,1,0,0,1.0,33
2022-08-15,5,0,1150,33,8,1,33.0,43.25,35.875,1,0,0.022222222222222223,0,0,0,1.0,30
2022-08-22,5,0,985,34,8,1,30.0,31.25,36.375,1,0,0.03157894736842106,0,0,0,1.0,25
2022-08-29,5,0,740,35,8,1,25.0,31.0,36.375,1,0,0.04615384615384616,0,0,0,0.6153846153846154,26
2022-09-05,5,0,778,36,9,1,26.0,28.5,35.875,1,0,0.025,1,0,0,0.625,28
2022-09-12,5,0,722,37,9,1,28.0,27.25,35.25,1,1,0.07523239183537649,0,0,0,0.5,23
2022-09-19,5,0,662,38,9,1,23.0,25.5,28.375,1,0,0.04000000000000001,0,0,0,0.7333333333333333,24
2022-09-26,5,0,651,39,9,1,24.0,25.25,28.125,0,0,0.0,0,0,0,0.6428571428571429,23
2022-10-03,5,0,500,40,10,1,23.0,24.5,26.5,1,0,0.014285714285714287,1,0,0,0.35714285714285715,28
2022-10-10,5,0,463,41,10,1,28.0,24.5,25.875,1,0,0.018181818181818184,0,0,0,0.0,22
2022-10-17,5,0,488,42,10,1,22.0,24.25,24.875,1,0,0.03333333333333334,0,0,0,0.4444444444444444,29
2022-10-24,5,0,497,43,10,1,29.0,25.5,25.375,1,0,0.03333333333333333,0,0,0,0.0,30
2022-10-31,5,0,520,44,10,1,30.0,27.25,25.875,1,0,0.021052631578947368,0,0,0,0.7368421052631579,55
2022-11-07,5,0,460,45,11,1,55.0,34.0,29.25,1,0,0.037500000000000006,1,0,0,0.875,23
2022-11-14,5,0,451,46,11,1,23.0,34.25,29.25,1,0,0.03529411764705883,0,0,0,0.6470588235294118,21
2022-11-21,5,0,459,47,11,1,21.0,32.25,28.875,0,0,0.0,0,0,0,0.7272727272727273,24
2022-11-28,5,0,451,48,11,1,24.0,30.75,29.0,1,0,0.028571428571428574,0,0,0,0.7857142857142857,21
2022-12-05,5,0,411,49,12,1,21.0,22.25,28.125,0,0,0.0,1,0,0,0.0,22
2022-12-12,5,0,469,50,12,1,22.0,22.0,28.125,1,0,0.015384615384615385,0,0,0,0.46153846153846156,23
2022-12-19,5,0,479,51,12,1,23.0,22.5,27.375,1,0,0.014285714285714287,0,0,0,0.0,27
2022-12-26,5,0,465,52,12,1,27.0,23.25,27.0,1,0,0.04000000000000001,0,0,0,0.06666666666666667,29
2020-12-28,6,0,288,53,12,1,0.0,0.0,0.0,1,0,0.028571428571428574,0,0,0,0.0,8
2021-01-04,6,0,604,1,1,1,8.0,8.0,8.0,1,0,0.05454545454545456,1,0,0,0.09090909090909091,12
2021-01-11,6,0,625,2,1,1,12.0,10.0,10.0,1,0,0.05454545454545456,0,0,0,0.2727272727272727,13
2021-01-18,6,0,604,3,1,1,13.0,11.0,11.0,1,0,0.018181818181818184,0,0,0,0.2727272727272727,13
2021-01-25,6,0,636,4,1,1,13.0,11.5,11.5,1,0,0.016666666666666666,0,0,0,0.0,13
2021-02-01,6,0,605,5,2,1,13.0,12.75,11.8,1,0,0.02,0,0,0,0.0,13
2021-02-08,6,0,650,6,2,1,13.0,13.0,12.0,0,0,0.0,1,0,0,0.3333333333333333,14
2021-02-15,6,0,662,7,2,1,14.0,13.25,12.285714285714286,0,0,0.0,0,0,0,0.0,16
2021-02-22,6,0,838,8,2,1,16.0,14.0,12.75,1,0,0.03571428571428571,0,0,0,0.7142857142857143,27
2021-03-01,6,0,752,9,3,1,27.0,17.5,15.125,1,0,0.023529411764705882,0,0,0,0.8235294117647058,18
2021-03-08,6,0,726,10,3,1,18.0,18.75,15.875,1,0,0.014285714285714287,1,0,0,0.6428571428571429,14
2021-03-15,6,0,680,11,3,1,14.0,18.75,16.0,1,0,0.03333333333333333,0,0,0,0.75,14
2021-03-22,6,0,667,12,3,1,14.0,18.25,16.125,0,0,0.0,0,0,0,0.5555555555555556,12
2021-03-29,6,0,744,13,3,1,12.0,14.5,16.0,1,0,0.01,0,0,0,0.65,21
2021-04-05,6,0,715,14,4,1,21.0,15.25,17.0,1,0,0.02666666666666667,1,0,0,0.4,17
2021-04-12,6,0,790,15,4,1,17.0,16.0,17.375,1,0,0.02727272727272728,0,0,0,1.0,22
2021-04-19,6,0,813,16,4,1,22.0,18.0,18.125,0,0,0.0,0,0,0,0.8571428571428571,23
2021-04-26,6,0,753,17,4,1,23.0,20.75,17.625,0,0,0.0,0,0,0,0.5384615384615384,14
2021-05-03,6,0,786,18,5,1,14.0,19.0,17.125,1,0,0.014285714285714287,1,0,0,1.0,15
2021-05-10,6,0,980,19,5,1,15.0,18.5,17.25,1,0,0.011764705882352941,0,0,0,0.9117647058823529,40
2021-05-17,6,0,598,20,5,1,40.0,23.0,20.5,1,0,0.030000000000000006,0,0,0,1.0,21
2021-05-24,6,0,786,21,5,1,21.0,22.5,21.625,1,0,0.011111111111111112,0,0,0,1.0,18
2021-05-31,6,0,759,22,5,1,18.0,23.5,21.25,1,0,0.0125,0,0,0,0.625,17
2021-06-07,6,0,771,23,6,1,17.0,24.0,21.25,1,0,0.0125,1,0,0,1.0,16
2021-06-14,6,0,803,24,6,1,16.0,18.0,20.5,0,0,0.0,0,0,0,1.0,15
2021-06-21,6,0,803,25,6,1,15.0,16.5,19.5,0,0,0.0,0,0,0,1.0,18
2021-06-28,6,0,758,26,6,1,18.0,16.5,20.0,1,0,0.01,0,0,0,1.0,20
2021-07-05,6,0,914,27,7,1,20.0,17.25,20.625,1,0,0.020689655172413796,1,0,0,1.0,32
2021-07-12,6,0,1073,28,7,1,32.0,21.25,19.625,1,0,0.025531914893617023,0,0,0,1.0,48
2021-07-19,6,0,1081,29,7,1,48.0,29.5,23.0,1,0,0.020833333333333332,0,0,0,0.8125,49
2021-07-26,6,0,1005,30,7,1,49.0,37.25,26.875,1,0,0.03333333333333333,0,0,0,0.875,55
2021-08-02,6,0,1139,31,8,1,55.0,46.0,31.625,1,0,0.02040816326530612,1,0,0,1.0,54
2021-08-09,6,0,1204,32,8,1,54.0,51.5,36.375,1,0,0.01153846153846154,0,0,0,1.0,55
2021-08-16,6,0,1094,33,8,1,55.0,53.25,41.375,1,0,0.02,0,0,0,1.0,41
2021-08-23,6,0,1032,34,8,1,41.0,51.25,44.25,1,0,0.013793103448275864,0,0,0,1.0,29
2021-08-30,6,0,862,35,8,1,29.0,44.75,45.375,1,0,0.02666666666666667,0,0,0,1.0,15
2021-09-06,6,0,798,36,9,1,15.0,35.0,43.25,1,0,0.02666666666666667,1,0,0,0.7333333333333333,15
2021-09-13,6,0,796,37,9,1,15.0,25.0,39.125,1,0,0.01,0,0,0,1.0,22
2021-09-20,6,0,694,38,9,1,22.0,20.25,35.75,0,0,0.0,0,0,0,0.6923076923076923,13
2021-09-27,6,0,684,39,9,1,13.0,16.25,30.5,1,0,0.015384615384615385,0,0,0,1.0,15
2021-10-04,6,0,741,40,10,1,15.0,16.25,25.625,1,0,0.015384615384615385,1,0,0,1.0,15
2021-10-11,6,0,645,41,10,1,15.0,16.25,20.625,1,0,0.015384615384615385,0,0,0,0.9230769230769231,14
2021-10-18,6,0,756,42,10,1,14.0,14.25,17.25,0,0,0.0,0,0,0,0.1875,16
2021-10-25,6,0,844,43,10,1,16.0,15.0,15.625,1,0,0.026086956521739136,0,0,0,0.6521739130434783,26
2021-11-01,6,0,775,44,11,1,26.0,17.75,17.0,1,0,0.02,0,0,0,0.7,20
2021-11-08,6,0,672,45,11,1,20.0,19.0,17.625,0,0,0.0,1,0,0,0.15384615384615385,13
2021-11-15,6,0,601,46,11,1,13.0,18.75,16.5,1,0,0.014285714285714287,0,0,0,0.42857142857142855,17
2021-11-22,6,0,613,47,11,1,17.0,19.0,17.0,1,0,0.016666666666666666,0,0,0,0.25,13
2021-11-29,6,0,636,48,11,1,13.0,15.75,16.75,0,0,0.0,0,0,0,0.0,15
2021-12-06,6,0,530,49,12,1,15.0,14.5,16.75,1,0,0.05454545454545456,1,0,0,0.0,14
2021-12-13,6,0,646,50,12,1,14.0,14.75,16.75,1,0,0.03333333333333333,0,0,0,0.25,14
2021-12-20,6,0,708,51,12,1,14.0,14.0,16.5,1,0,0.021052631578947368,0,0,0,0.631578947368421,19
2021-12-27,6,0,738,52,12,1,19.0,15.5,15.625,1,0,0.026086956521739136,0,0,0,0.30434782608695654,25
2022-01-03,6,0,575,1,1,1,25.0,18.0,16.25,0,0,0.0,1,0,0,0.16666666666666666,15
2022-01-10,6,0,589,2,1,1,15.0,18.25,16.5,1,0,0.025,0,0,0,0.625,10
2022-01-17,6,0,618,3,1,1,10.0,17.25,15.625,0,0,0.0,0,0,0,0.5833333333333334,16
2022-01-24,6,0,632,4,1,0,16.0,16.5,16.0,1,0,0.015384615384615385,0,0,0,1.0,14
2022-01-31,6,0,644,5,1,1,14.0,13.75,15.875,1,0,0.016666666666666666,0,0,0,0.6666666666666666,16
2022-02-07,6,0,661,6,2,1,16.0,14.0,16.125,1,0,0.028571428571428574,1,0,0,1.0,16
2022-02-14,6,0,730,7,2,1,16.0,15.5,16.375,1,1,0.02169887934181381,0,0,0,0.8125,16
2022-02-21,6,0,741,8,2,1,16.0,15.5,16.0,1,0,0.025,0,0,0,0.1875,20
2022-02-28,6,0,737,9,2,1,20.0,17.0,15.375,1,0,0.016666666666666666,0,0,0,0.5,13
2022-03-07,6,0,667,10,3,1,13.0,16.25,15.125,1,0,0.03636363636363637,1,0,0,0.36363636363636365,13
2022-03-14,6,0,670,11,3,1,13.0,15.5,15.5,1,0,0.014285714285714287,0,0,0,0.6428571428571429,16
2022-03-21,6,0,694,12,3,1,16.0,15.5,15.5,1,0,0.014285714285714287,0,0,0,1.0,17
2022-03-28,6,0,643,13,3,1,17.0,14.75,15.875,1,0,0.022222222222222223,0,0,0,0.7777777777777778,15
2022-04-04,6,0,645,14,4,1,15.0,15.25,15.75,1,0,0.02,1,0,0,0.2,13
2022-04-11,6,0,776,15,4,1,13.0,15.25,15.375,1,0,0.028571428571428574,0,0,0,0.7619047619047619,22
2022-04-18,6,0,868,16,4,1,22.0,16.75,16.125,1,0,0.018750000000000003,0,0,0,1.0,30
2022-04-25,6,0,761,17,4,1,30.0,20.0,17.375,1,0,0.021052631578947368,0,0,0,1.0,21
2022-05-02,6,0,720,18,5,1,21.0,21.5,18.375,1,0,0.03157894736842106,1,0,0,0.631578947368421,21
2022-05-09,6,0,731,19,5,1,21.0,23.5,19.375,1,0,0.02666666666666667,0,0,0,1.0,15
2022-05-16,6,0,743,20,5,1,15.0,21.75,19.25,1,0,0.025,0,0,0,0.75,18
2022-05-23,6,0,999,21,5,1,18.0,18.75,19.375,1,0,0.023809523809523808,0,0,0,1.0,44
2022-05-30,6,0,810,22,5,1,44.0,24.5,23.0,1,0,0.009090909090909092,0,0,0,1.0,20
2022-06-06,6,0,823,23,6,1,20.0,24.25,23.875,1,0,0.015384615384615385,1,0,0,1.0,26
2022-06-13,6,0,793,24,6,1,26.0,27.0,24.375,1,0,0.015384615384615385,0,0,0,1.0,15
2022-06-20,6,0,785,25,6,1,15.0,26.25,22.5,1,0,0.025,0,0,0,1.0,17
2022-06-27,6,0,803,26,6,1,17.0,19.5,22.0,1,0,0.01904761904761905,0,0,0,1.0,21
2022-07-04,6,0,853,27,7,1,21.0,19.75,22.0,1,0,0.022222222222222223,1,0,0,1.0,21
2022-07-11,6,0,1185,28,7,1,21.0,18.5,22.75,1,1,0.07712364864456756,0,0,0,1.0,40
2022-07-18,6,0,1067,29,7,1,40.0,24.75,25.5,1,0,0.02790697674418605,0,0,0,0.4186046511627907,41
2022-07-25,6,0,1109,30,7,1,41.0,30.75,25.125,1,0,0.01666666666666667,0,0,0,0.2222222222222222,35
2022-08-01,6,0,1132,31,8,1,35.0,34.25,27.0,1,0,0.028070175438596492,0,0,0,0.8421052631578947,60
2022-08-08,6,0,1222,32,8,1,60.0,44.0,31.25,1,0,0.03571428571428571,1,0,0,1.0,57
2022-08-15,6,0,1150,33,8,1,57.0,48.25,36.5,1,0,0.04081632653061224,0,0,0,1.0,51
2022-08-22,6,0,985,34,8,1,51.0,50.75,40.75,1,0,0.013793103448275864,0,0,0,1.0,30
2022-08-29,6,0,740,35,8,1,30.0,49.5,41.875,1,0,0.03333333333333333,0,0,0,0.3333333333333333,14
2022-09-05,6,0,778,36,9,1,14.0,38.0,41.0,0,0,0.0,1,0,0,0.5,18
2022-09-12,6,0,722,37,9,1,18.0,28.25,38.25,0,0,0.0,0,0,0,0.6,19
2022-09-19,6,0,662,38,9,1,19.0,20.25,35.5,0,0,0.0,0,0,0,0.5,13
2022-09-26,6,0,651,39,9,1,13.0,16.0,32.75,1,0,0.02666666666666667,0,0,0,0.6666666666666666,16
2022-10-03,6,0,500,40,10,1,16.0,16.5,27.25,0,0,0.0,1,0,0,0.3333333333333333,19
2022-10-10,6,0,463,41,10,1,19.0,16.75,22.5,1,0,0.05,0,0,0,0.0,16
2022-10-17,6,0,488,42,10,1,16.0,16.0,18.125,1,0,0.044444444444444446,0,0,0,0.3333333333333333,16
2022-10-24,6,0,497,43,10,1,16.0,16.75,16.375,1,0,0.03333333333333333,0,0,0,0.0,18
2022-10-31,6,0,520,44,10,1,18.0,17.25,16.875,1,0,0.07692307692307693,0,0,0,0.6923076923076923,26
2022-11-07,6,0,460,45,11,1,26.0,19.0,17.875,0,0,0.0,1,0,0,0.8571428571428571,13
2022-11-14,6,0,451,46,11,1,13.0,18.25,17.125,1,0,0.03636363636363637,0,0,0,0.7272727272727273,14
2022-11-21,6,0,459,47,11,1,14.0,17.75,17.25,0,0,0.0,0,0,0,0.9,16
2022-11-28,6,0,451,48,11,1,16.0,17.25,17.25,0,0,0.0,0,0,0,0.75,15
2022-12-05,6,0,411,49,12,1,15.0,14.5,16.75,1,0,0.06666666666666668,1,0,0,0.0,11
2022-12-12,6,0,469,50,12,1,11.0,14.0,16.125,1,0,0.02,0,0,0,0.5,11
2022-12-19,6,0,479,51,12,1,11.0,13.25,15.5,0,0,0.0,0,0,0,0.0,15
2022-12-26,6,0,465,52,12,1,15.0,13.0,15.125,1,0,0.037500000000000006,0,0,0,0.0625,27
2020-12-28,7,0,288,53,12,1,0.0,0.0,0.0,0,0,0.0,0,0,0,0.0,3
2021-01-04,7,0,604,1,1,1,3.0,3.0,3.0,1,0,0.05714285714285715,1,0,0,0.14285714285714285,7
2021-01-11,7,0,625,2,1,1,7.0,5.0,5.0,0,0,0.0,0,0,0,0.0,5
2021-01-18,7,0,604,3,1,1,5.0,5.0,5.0,0,0,0.0,0,0,0,0.2,5
2021-01-25,7,0,636,4,1,1,5.0,5.0,5.0,1,0,0.028571428571428574,0,0,0,0.0,7
2021-02-01,7,0,605,5,2,1,7.0,6.0,5.4,0,0,0.0,0,0,0,0.0,6
2021-02-08,7,0,650,6,2,1,6.0,5.75,5.5,1,1,0.07302062918126276,0,0,0,0.4,5
2021-02-15,7,0,662,7,2,1,5.0,5.75,5.428571428571429,0,0,0.0,0,0,0,0.0,3
2021-02-22,7,0,838,8,2,1,3.0,5.25,5.125,0,0,0.0,0,0,0,0.0,2
2021-03-01,7,0,752,9,3,1,2.0,4.0,5.0,0,0,0.0,0,0,0,0.8,5
2021-03-08,7,0,726,10,3,1,5.0,3.75,4.75,1,0,0.04,0,0,0,0.8,5
2021-03-15,7,0,680,11,3,1,5.0,3.75,4.75,0,0,0.0,0,0,0,0.6666666666666666,6
2021-03-22,7,0,667,12,3,1,6.0,4.5,4.875,1,0,0.04,0,0,0,0.4,5
2021-03-29,7,0,744,13,3,1,5.0,5.25,4.625,0,1,0.0643407888310056,0,0,0,1.0,2
2021-04-05,7,0,715,14,4,1,2.0,4.5,4.125,1,0,0.04,1,0,0,0.6,5
2021-04-12,7,0,790,15,4,1,5.0,4.5,4.125,0,0,0.0,0,0,0,1.0,7
2021-04-19,7,0,813,16,4,1,7.0,4.75,4.625,1,0,0.05,0,0,0,1.0,4
2021-04-26,7,0,753,17,4,1,4.0,4.5,4.875,0,0,0.0,0,0,0,0.6666666666666666,3
2021-05-03,7,0,786,18,5,1,3.0,4.75,4.625,0,0,0.0,1,0,0,1.0,4
2021-05-10,7,0,980,19,5,1,4.0,4.5,4.5,1,0,0.028571428571428574,0,0,0,0.8571428571428571,7
2021-05-17,7,0,598,20,5,1,7.0,4.5,4.625,0,0,0.0,0,0,0,1.0,6
2021-05-24,7,0,786,21,5,1,6.0,5.0,4.75,0,0,0.0,0,0,0,1.0,6
2021-05-31,7,0,759,22,5,1,6.0,5.75,5.25,0,0,0.0,0,0,0,0.6666666666666666,3
2021-06-07,7,0,771,23,6,1,3.0,5.5,5.0,1,0,0.08,0,0,0,1.0,5
2021-06-14,7,0,803,24,6,1,5.0,5.0,4.75,1,0,0.05,0,0,0,1.0,4
2021-06-21,7,0,803,25,6,1,4.0,4.5,4.75,1,0,0.06666666666666667,0,0,0,1.0,6
2021-06-28,7,0,758,26,6,1,6.0,4.5,5.125,0,0,0.0,0,0,0,1.0,6
2021-07-05,7,0,914,27,7,1,6.0,5.25,5.375,1,0,0.05,1,0,0,1.0,4
2021-07-12,7,0,1073,28,7,1,4.0,5.0,5.0,1,0,0.02,0,0,0,1.0,13
2021-07-19,7,0,1081,29,7,1,13.0,7.25,5.875,0,0,0.0,0,0,0,0.8571428571428571,7
2021-07-26,7,0,1005,30,7,1,7.0,7.5,6.0,1,0,0.04,0,0,0,0.8,5
2021-08-02,7,0,1139,31,8,1,5.0,7.25,6.25,1,0,0.03333333333333333,1,0,0,1.0,6
2021-08-09,7,0,1204,32,8,1,6.0,7.75,6.375,0,0,0.0,0,0,0,1.0,7
2021-08-16,7,0,1094,33,8,1,7.0,6.25,6.75,0,0,0.0,0,0,0,1.0,5
2021-08-23,7,0,1032,34,8,1,5.0,5.75,6.625,0,0,0.0,0,0,0,1.0,4
2021-08-30,7,0,862,35,8,1,4.0,5.5,6.375,1,0,0.08,0,0,0,1.0,5
2021-09-06,7,0,798,36,9,1,5.0,5.25,6.5,0,0,0.0,1,0,0,0.8571428571428571,7
2021-09-13,7,0,796,37,9,1,7.0,5.25,5.75,1,0,0.04,0,0,0,1.0,5
2021-09-20,7,0,694,38,9,1,5.0,5.25,5.5,0,0,0.0,0,0,0,0.8,5
2021-09-27,7,0,684,39,9,1,5.0,5.5,5.5,1,1,0.08554131615858171,0,0,0,1.0,5
2021-10-04,7,0,741,40,10,1,5.0,5.5,5.375,0,0,0.0,0,0,0,1.0,4
2021-10-11,7,0,645,41,10,1,4.0,4.75,5.0,0,0,0.0,0,0,0,1.0,3
2021-10-18,7,0,756,42,10,1,3.0,4.25,4.75,1,0,0.04,0,0,0,0.4,5
2021-10-25,7,0,844,43,10,1,5.0,4.25,4.875,0,0,0.0,0,0,0,0.5,6
2021-11-01,7,0,775,44,11,1,6.0,4.5,5.0,0,0,0.0,0,0,0,0.75,4
2021-11-08,7,0,672,45,11,1,4.0,4.5,4.625,1,0,0.04,1,0,0,0.2,5
2021-11-15,7,0,601,46,11,1,5.0,5.0,4.625,1,0,0.05,0,0,0,0.25,4
2021-11-22,7,0,613,47,11,1,4.0,4.75,4.5,0,0,0.0,0,0,0,0.3333333333333333,6
2021-11-29,7,0,636,48,11,1,6.0,4.75,4.625,1,0,0.05714285714285715,0,0,0,0.0,7
2021-12-06,7,0,530,49,12,1,7.0,5.5,5.0,0,0,0.0,1,0,0,0.0,6
2021-12-13,7,0,646,50,12,1,6.0,5.75,5.375,0,0,0.0,0,0,0,0.16666666666666666,6
2021-12-20,7,0,708,51,12,1,6.0,6.25,5.5,1,0,0.06666666666666667,0,0,0,0.5,6
2021-12-27,7,0,738,52,12,1,6.0,6.25,5.5,1,0,0.05,0,0,0,0.25,4
2022-01-03,7,0,575,1,1,1,4.0,5.5,5.5,1,0,0.028571428571428574,1,0,0,0.14285714285714285,7
2022-01-10,7,0,589,2,1,1,7.0,5.75,5.75,1,0,0.05,0,0,0,0.25,4
2022-01-17,7,0,618,3,1,1,4.0,5.25,5.75,0,0,0.0,0,0,0,0.6,5
2022-01-24,7,0,632,4,1,0,5.0,5.0,5.625,0,0,0.0,0,0,0,1.0,7
2022-01-31,7,0,644,5,1,1,7.0,5.75,5.625,0,0,0.0,0,0,0,0.8,5
2022-02-07,7,0,661,6,2,1,5.0,5.25,5.5,0,0,0.0,1,0,0,1.0,5
2022-02-14,7,0,730,7,2,1,5.0,5.5,5.375,1,0,0.04,0,0,0,1.0,5
2022-02-21,7,0,741,8,2,1,5.0,5.5,5.25,1,0,0.03333333333333333,0,0,0,0.3333333333333333,7
2022-02-28,7,0,737,9,2,1,7.0,5.5,5.625,0,0,0.0,0,0,0,0.3333333333333333,8
2022-03-07,7,0,667,10,3,1,8.0,6.25,5.75,0,0,0.0,1,0,0,0.2857142857142857,7
2022-03-14,7,0,670,11,3,1,7.0,6.75,6.125,0,0,0.0,0,0,0,0.7142857142857143,8
2022-03-21,7,0,694,12,3,1,8.0,7.5,6.5,0,0,0.0,0,0,0,1.0,5
2022-03-28,7,0,643,13,3,1,5.0,7.0,6.25,1,0,0.08,0,0,0,0.8,5
2022-04-04,7,0,645,14,4,1,5.0,6.25,6.25,0,0,0.0,1,0,0,0.1111111111111111,11
2022-04-11,7,0,776,15,4,1,11.0,7.25,7.0,0,0,0.0,0,0,0,0.5,6
2022-04-18,7,0,868,16,4,1,6.0,6.75,7.125,1,0,0.03333333333333333,0,0,0,1.0,4
2022-04-25,7,0,761,17,4,1,4.0,6.5,6.75,0,0,0.0,0,0,0,1.0,5
2022-05-02,7,0,720,18,5,1,5.0,6.5,6.375,0,0,0.0,1,0,0,0.42857142857142855,7
2022-05-09,7,0,731,19,5,1,7.0,5.5,6.375,0,0,0.0,0,0,0,1.0,6
2022-05-16,7,0,743,20,5,1,6.0,5.5,6.125,1,0,0.05714285714285715,0,0,0,0.5714285714285714,7
2022-05-23,7,0,999,21,5,1,7.0,6.25,6.375,0,0,0.0,0,0,0,1.0,4
2022-05-30,7,0,810,22,5,1,4.0,6.0,6.25,0,0,0.0,0,0,0,1.0,6
2022-06-06,7,0,823,23,6,1,6.0,5.75,5.625,1,0,0.04,0,0,0,1.0,5
2022-06-13,7,0,793,24,6,1,5.0,5.5,5.5,1,0,0.04,0,0,0,1.0,5
2022-06-20,7,0,785,25,6,1,5.0,5.0,5.625,0,0,0.0,0,0,0,1.0,6
2022-06-27,7,0,803,26,6,1,6.0,5.5,5.75,1,0,0.03333333333333333,0,0,0,1.0,6
2022-07-04,7,0,853,27,7,1,6.0,5.5,5.625,0,0,0.0,1,0,0,1.0,7
2022-07-11,7,0,1185,28,7,1,7.0,6.0,5.75,1,1,0.06241363622712542,0,0,0,1.0,7
2022-07-18,7,0,1067,29,7,1,7.0,6.5,5.75,1,0,0.05,0,0,0,0.75,4
2022-07-25,7,0,1109,30,7,1,4.0,6.0,5.75,0,0,0.0,0,0,0,0.16666666666666666,6
2022-08-01,7,0,1132,31,8,1,6.0,6.0,5.75,1,0,0.06666666666666667,0,0,0,0.8333333333333334,6
2022-08-08,7,0,1222,32,8,1,6.0,5.75,5.875,1,0,0.03333333333333333,1,0,0,1.0,6
2022-08-15,7,0,1150,33,8,1,6.0,5.5,6.0,1,0,0.03333333333333333,0,0,0,1.0,6
2022-08-22,7,0,985,34,8,1,6.0,6.0,6.0,0,0,0.0,0,0,0,1.0,5
2022-08-29,7,0,740,35,8,1,5.0,5.75,5.875,0,0,0.0,0,0,0,0.5,4
2022-09-05,7,0,778,36,9,1,4.0,5.25,5.5,0,0,0.0,1,0,0,0.5,4
2022-09-12,7,0,722,37,9,1,4.0,4.75,5.125,0,0,0.0,0,0,0,0.42857142857142855,7
2022-09-19,7,0,662,38,9,1,7.0,5.0,5.5,0,0,0.0,0,0,0,1.0,4
2022-09-26,7,0,651,39,9,1,4.0,4.75,5.25,1,0,0.028571428571428574,0,0,0,0.7142857142857143,7
2022-10-03,7,0,500,40,10,1,7.0,5.5,5.375,1,0,0.028571428571428574,1,0,0,0.42857142857142855,7
2022-10-10,7,0,463,41,10,1,7.0,6.25,5.5,0,0,0.0,0,0,0,0.0,6
2022-10-17,7,0,488,42,10,1,6.0,6.0,5.5,0,0,0.0,0,0,0,0.25,4
2022-10-24,7,0,497,43,10,1,4.0,6.0,5.375,1,0,0.028571428571428574,0,0,0,0.0,7
2022-10-31,7,0,520,44,10,1,7.0,6.0,5.75,0,0,0.0,0,0,0,0.6666666666666666,6
2022-11-07,7,0,460,45,11,1,6.0,5.75,6.0,0,0,0.0,0,0,0,0.75,4
2022-11-14,7,0,451,46,11,1,4.0,5.25,5.625,0,0,0.0,0,0,0,0.8,5
2022-11-21,7,0,459,47,11,1,5.0,5.5,5.75,0,0,0.0,0,0,0,0.8,5
2022-11-28,7,0,451,48,11,1,5.0,5.0,5.5,0,0,0.0,0,0,0,0.6666666666666666,6
2022-12-05,7,0,411,49,12,1,6.0,5.0,5.375,0,0,0.0,1,0,0,0.0,5
2022-12-12,7,0,469,50,12,1,5.0,5.25,5.25,0,0,0.0,0,0,0,0.5714285714285714,7
2022-12-19,7,0,479,51,12,1,7.0,5.75,5.625,1,0,0.10000000000000002,0,0,0,0.0,6
2022-12-26,7,0,465,52,12,1,6.0,6.0,5.5,0,0,0.0,0,0,0,0.2,5
2020-12-28,8,0,288,53,12,1,0.0,0.0,0.0,0,0,0.0,0,0,0,0.0,19
2021-01-04,8,0,604,1,1,1,19.0,19.0,19.0,1,0,0.014285714285714287,1,0,0,0.21428571428571427,43
2021-01-11,8,0,625,2,1,1,43.0,31.0,31.0,1,0,0.02,0,0,0,0.1,43
2021-01-18,8,0,604,3,1,1,43.0,35.0,35.0,1,0,0.014285714285714287,0,0,0,0.2857142857142857,46
2021-01-25,8,0,636,4,1,1,46.0,37.75,37.75,0,0,0.0,0,0,0,0.0,49
2021-02-01,8,0,605,5,2,1,49.0,45.25,40.0,1,0,0.013333333333333334,0,0,0,0.0,48
2021-02-08,8,0,650,6,2,1,48.0,46.5,41.333333333333336,0,0,0.0,1,0,0,0.35714285714285715,48
2021-02-15,8,0,662,7,2,1,48.0,47.75,42.285714285714285,1,0,0.015384615384615385,0,0,0,0.0,46
2021-02-22,8,0,838,8,2,1,46.0,47.75,42.75,0,0,0.0,0,0,0,0.46153846153846156,48
2021-03-01,8,0,752,9,3,1,48.0,47.5,46.375,1,0,0.03076923076923077,0,0,0,0.8461538461538461,52
2021-03-08,8,0,726,10,3,1,52.0,48.5,47.5,1,0,0.037500000000000006,1,0,0,0.6875,49
2021-03-15,8,0,680,11,3,1,49.0,48.75,48.25,1,0,0.025,0,0,0,0.6875,49
2021-03-22,8,0,667,12,3,1,49.0,49.5,48.625,1,0,0.013333333333333334,0,0,0,0.6,46
2021-03-29,8,0,744,13,3,1,46.0,49.0,48.25,0,0,0.0,0,0,0,0.8125,43
2021-04-05,8,0,715,14,4,1,43.0,46.75,47.625,1,0,0.011111111111111112,1,0,0,0.5,50
2021-04-12,8,0,790,15,4,1,50.0,47.0,47.875,0,0,0.0,0,0,0,1.0,46
2021-04-19,8,0,813,16,4,1,46.0,46.25,47.875,1,0,0.03636363636363637,0,0,0,0.7272727272727273,48
2021-04-26,8,0,753,17,4,1,48.0,46.75,47.875,1,0,0.04000000000000001,0,0,0,0.7333333333333333,45
2021-05-03,8,0,786,18,5,1,45.0,47.25,47.0,1,0,0.025,1,0,0,1.0,46
2021-05-10,8,0,980,19,5,1,46.0,46.25,46.625,1,0,0.025,0,0,0,0.9375,44
2021-05-17,8,0,598,20,5,1,44.0,45.75,46.0,1,0,0.015384615384615385,0,0,0,1.0,53
2021-05-24,8,0,786,21,5,1,53.0,47.0,46.875,0,0,0.0,0,0,0,1.0,47
2021-05-31,8,0,759,22,5,1,47.0,47.5,47.375,1,0,0.014285714285714287,0,0,0,0.7142857142857143,45
2021-06-07,8,0,771,23,6,1,45.0,47.25,46.75,1,0,0.028571428571428574,1,0,0,1.0,48
2021-06-14,8,0,803,24,6,1,48.0,48.25,47.0,1,0,0.0125,0,0,0,1.0,47
2021-06-21,8,0,803,25,6,1,47.0,46.75,46.875,0,0,0.0,0,0,0,1.0,43
2021-06-28,8,0,758,26,6,1,43.0,45.75,46.625,1,0,0.03333333333333333,0,0,0,1.0,51
2021-07-05,8,0,914,27,7,1,51.0,47.25,47.25,1,0,0.016666666666666666,1,0,0,1.0,46
2021-07-12,8,0,1073,28,7,1,46.0,46.75,47.5,1,0,0.013333333333333334,0,0,0,1.0,45
2021-07-19,8,0,1081,29,7,1,45.0,46.25,46.5,1,0,0.014285714285714287,0,0,0,0.8571428571428571,50
2021-07-26,8,0,1005,30,7,1,50.0,48.0,46.875,0,0,0.0,0,0,0,0.9285714285714286,45
2021-08-02,8,0,1139,31,8,1,45.0,46.5,46.875,0,0,0.0,1,0,0,1.0,44
2021-08-09,8,0,1204,32,8,1,44.0,46.0,46.375,1,0,0.0625,0,0,0,1.0,49
2021-08-16,8,0,1094,33,8,1,49.0,47.0,46.625,1,0,0.04000000000000001,0,0,0,1.0,48
2021-08-23,8,0,1032,34,8,1,48.0,46.5,47.25,1,0,0.05333333333333334,0,0,0,1.0,45
2021-08-30,8,0,862,35,8,1,45.0,46.5,46.5,1,0,0.044444444444444446,0,0,0,1.0,47
2021-09-06,8,0,798,36,9,1,47.0,47.25,46.625,1,0,0.037500000000000006,1,0,0,0.875,49
2021-09-13,8,0,796,37,9,1,49.0,47.25,47.125,0,0,0.0,0,0,0,1.0,45
2021-09-20,8,0,694,38,9,1,45.0,46.5,46.5,1,0,0.015384615384615385,0,0,0,0.9230769230769231,46
2021-09-27,8,0,684,39,9,1,46.0,46.75,46.625,0,0,0.0,0,0,0,1.0,46
2021-10-04,8,0,741,40,10,1,46.0,46.5,46.875,1,0,0.02666666666666667,1,0,0,1.0,46
2021-10-11,8,0,645,41,10,1,46.0,45.75,46.5,1,0,0.014285714285714287,0,0,0,0.8571428571428571,45
2021-10-18,8,0,756,42,10,1,45.0,45.75,46.125,1,0,0.028571428571428574,0,0,0,0.35714285714285715,49
2021-10-25,8,0,844,43,10,1,49.0,46.5,46.625,1,0,0.02,0,0,0,0.5,47
2021-11-01,8,0,775,44,11,1,47.0,46.75,46.625,1,0,0.037500000000000006,0,0,0,0.8125,51
2021-11-08,8,0,672,45,11,1,51.0,48.0,46.875,0,0,0.0,1,0,0,0.1875,46
2021-11-15,8,0,601,46,11,1,46.0,48.25,47.0,1,1,0.053950048835521014,0,0,0,0.07142857142857142,45
2021-11-22,8,0,613,47,11,1,45.0,47.25,46.875,1,0,0.014285714285714287,0,0,0,0.35714285714285715,46
2021-11-29,8,0,636,48,11,1,46.0,47.0,46.875,1,1,0.06095363687407876,0,0,0,0.0,43
2021-12-06,8,0,530,49,12,1,43.0,45.0,46.5,1,0,0.015384615384615385,1,0,0,0.0,45
2021-12-13,8,0,646,50,12,1,45.0,44.75,46.5,1,0,0.03076923076923077,0,0,0,0.23076923076923078,52
2021-12-20,8,0,708,51,12,1,52.0,46.5,46.875,0,0,0.0,0,0,0,0.7272727272727273,47
2021-12-27,8,0,738,52,12,1,47.0,46.75,46.875,1,0,0.014285714285714287,0,0,0,0.35714285714285715,47
2022-01-03,8,0,575,1,1,1,47.0,47.75,46.375,1,0,0.037500000000000006,1,0,0,0.125,45
2022-01-10,8,0,589,2,1,1,45.0,47.75,46.25,1,0,0.037500000000000006,0,0,0,0.625,47
2022-01-17,8,0,618,3,1,1,47.0,46.5,46.5,1,0,0.013333333333333334,0,0,0,0.4666666666666667,48
2022-01-24,8,0,632,4,1,0,48.0,46.75,46.75,0,0,0.0,0,0,0,1.0,46
2022-01-31,8,0,644,5,1,1,46.0,46.5,47.125,1,0,0.02666666666666667,0,0,0,0.7333333333333333,42
2022-02-07,8,0,661,6,2,1,42.0,45.75,46.75,0,0,0.0,1,0,0,1.0,45
2022-02-14,8,0,730,7,2,1,45.0,45.25,45.875,0,0,0.0,0,0,0,0.8461538461538461,50
2022-02-21,8,0,741,8,2,1,50.0,45.75,46.25,1,0,0.014285714285714287,0,0,0,0.5,46
2022-02-28,8,0,737,9,2,1,46.0,45.75,46.125,1,0,0.028571428571428574,0,0,0,0.14285714285714285,40
2022-03-07,8,0,667,10,3,1,40.0,45.25,45.5,1,0,0.03333333333333333,1,0,0,0.3333333333333333,45
2022-03-14,8,0,670,11,3,1,45.0,45.25,45.25,0,0,0.0,0,0,0,0.6666666666666666,48
2022-03-21,8,0,694,12,3,1,48.0,44.75,45.25,1,0,0.014285714285714287,0,0,0,1.0,49
2022-03-28,8,0,643,13,3,1,49.0,45.5,45.625,1,0,0.037500000000000006,0,0,0,0.9375,44
2022-04-04,8,0,645,14,4,1,44.0,46.5,45.875,0,0,0.0,1,0,0,0.23076923076923078,51
2022-04-11,8,0,776,15,4,1,51.0,48.0,46.625,0,0,0.0,0,0,0,0.5333333333333333,46
2022-04-18,8,0,868,16,4,1,46.0,47.5,46.125,0,1,0.027600773193321045,0,0,0,1.0,47
2022-04-25,8,0,761,17,4,1,47.0,47.0,46.25,1,0,0.05333333333333334,0,0,0,1.0,45
2022-05-02,8,0,720,18,5,1,45.0,47.25,46.875,1,0,0.016666666666666666,1,0,0,0.3333333333333333,45
2022-05-09,8,0,731,19,5,1,45.0,45.75,46.875,0,0,0.0,0,0,0,1.0,46
2022-05-16,8,0,743,20,5,1,46.0,45.75,46.625,1,0,0.028571428571428574,0,0,0,0.6428571428571429,46
2022-05-23,8,0,999,21,5,1,46.0,45.5,46.25,1,0,0.023529411764705882,0,0,0,1.0,52
2022-05-30,8,0,810,22,5,1,52.0,47.25,47.25,1,0,0.021052631578947368,0,0,0,1.0,47
2022-06-06,8,0,823,23,6,1,47.0,47.75,46.75,1,0,0.02666666666666667,1,0,0,1.0,42
2022-06-13,8,0,793,24,6,1,42.0,46.75,46.25,1,1,0.035114168751750205,0,0,0,1.0,46
2022-06-20,8,0,785,25,6,1,46.0,46.75,46.125,1,0,0.022222222222222223,0,0,0,1.0,42
2022-06-27,8,0,803,26,6,1,42.0,44.25,45.75,1,0,0.014285714285714287,0,0,0,1.0,45
2022-07-04,8,0,853,27,7,1,45.0,43.75,45.75,0,1,0.051972522422534376,1,0,0,1.0,46
2022-07-11,8,0,1185,28,7,1,46.0,44.75,45.75,1,0,0.04615384615384616,0,0,0,1.0,47
2022-07-18,8,0,1067,29,7,1,47.0,45.0,45.875,0,0,0.0,0,0,0,0.46153846153846156,48
2022-07-25,8,0,1109,30,7,1,48.0,46.5,45.375,1,0,0.03333333333333334,0,0,0,0.16666666666666666,47
2022-08-01,8,0,1132,31,8,1,47.0,47.0,45.375,0,0,0.0,0,0,0,0.9090909090909091,46
2022-08-08,8,0,1222,32,8,1,46.0,47.0,45.875,1,0,0.011111111111111112,1,0,0,1.0,51
2022-08-15,8,0,1150,33,8,1,51.0,48.0,46.5,1,0,0.02666666666666667,0,0,0,1.0,43
2022-08-22,8,0,985,34,8,1,43.0,46.75,46.625,1,0,0.011764705882352941,0,0,0,1.0,45
2022-08-29,8,0,740,35,8,1,45.0,46.25,46.625,1,0,0.042857142857142864,0,0,0,0.5714285714285714,44
2022-09-05,8,0,778,36,9,1,44.0,45.75,46.375,1,0,0.037500000000000006,1,0,0,0.625,44
2022-09-12,8,0,722,37,9,1,44.0,44.0,46.0,1,0,0.028571428571428574,0,0,0,0.35714285714285715,43
2022-09-19,8,0,662,38,9,1,43.0,44.0,45.375,1,0,0.02666666666666667,0,0,0,0.7333333333333333,46
2022-09-26,8,0,651,39,9,1,46.0,44.25,45.25,1,0,0.06000000000000001,0,0,0,0.8,46
2022-10-03,8,0,500,40,10,1,46.0,44.75,45.25,1,0,0.04000000000000001,1,0,0,0.3333333333333333,46
2022-10-10,8,0,463,41,10,1,46.0,45.25,44.625,0,0,0.0,0,0,0,0.0,49
2022-10-17,8,0,488,42,10,1,49.0,46.75,45.375,0,0,0.0,0,0,0,0.4666666666666667,46
2022-10-24,8,0,497,43,10,1,46.0,46.75,45.5,1,0,0.06666666666666667,0,0,0,0.0,50
2022-10-31,8,0,520,44,10,1,50.0,47.75,46.25,1,0,0.03076923076923077,0,0,0,0.6153846153846154,43
2022-11-07,8,0,460,45,11,1,43.0,47.0,46.125,1,0,0.08333333333333333,1,0,0,0.8333333333333334,47
2022-11-14,8,0,451,46,11,1,47.0,46.5,46.625,0,0,0.0,0,0,0,0.75,47
2022-11-21,8,0,459,47,11,1,47.0,46.75,46.75,0,0,0.0,0,0,0,0.9090909090909091,46
2022-11-28,8,0,451,48,11,1,46.0,45.75,46.75,1,0,0.04615384615384616,0,0,0,0.8461538461538461,45
2022-12-05,8,0,411,49,12,1,45.0,46.25,46.625,1,0,0.018181818181818184,1,0,0,0.0,47
2022-12-12,8,0,469,50,12,1,47.0,46.25,46.375,1,0,0.03076923076923077,0,0,0,0.46153846153846156,48
2022-12-19,8,0,479,51,12,1,48.0,46.5,46.625,1,0,0.028571428571428574,0,0,0,0.0,50
2022-12-26,8,0,465,52,12,1,50.0,47.5,46.625,1,0,0.013333333333333334,0,0,0,0.13333333333333333,38
2020-12-28,9,0,288,53,12,1,0.0,0.0,0.0,0,0,0.0,0,0,0,0.0,7
2021-01-04,9,0,604,1,1,1,7.0,7.0,7.0,1,0,0.04615384615384616,1,0,0,0.23076923076923078,17
2021-01-11,9,0,625,2,1,1,17.0,12.0,12.0,1,0,0.016666666666666666,0,0,0,0.16666666666666666,19
2021-01-18,9,0,604,3,1,1,19.0,14.333333333333334,14.333333333333334,1,0,0.02,0,0,0,0.4,19
2021-01-25,9,0,636,4,1,1,19.0,15.5,15.5,1,0,0.015384615384615385,0,0,0,0.0,16
2021-02-01,9,0,605,5,2,1,16.0,17.75,15.6,1,0,0.02,0,0,0,0.0,16
2021-02-08,9,0,650,6,2,1,16.0,17.5,15.666666666666666,1,0,0.015384615384615385,1,0,0,0.46153846153846156,17
2021-02-15,9,0,662,7,2,1,17.0,17.0,15.857142857142858,1,0,0.018181818181818184,0,0,0,0.0,17
2021-02-22,9,0,838,8,2,1,17.0,16.5,16.0,1,0,0.02,0,0,0,0.6,16
2021-03-01,9,0,752,9,3,1,16.0,16.5,17.125,1,0,0.03076923076923077,0,0,0,0.7692307692307693,17
2021-03-08,9,0,726,10,3,1,17.0,16.75,17.125,1,0,0.03076923076923077,1,0,0,0.7692307692307693,18
2021-03-15,9,0,680,11,3,1,18.0,17.0,17.0,1,0,0.02,0,0,0,0.7,18
2021-03-22,9,0,667,12,3,1,18.0,17.25,16.875,0,0,0.0,0,0,0,0.45454545454545453,17
2021-03-29,9,0,744,13,3,1,17.0,17.5,17.0,0,0,0.0,0,0,0,0.9285714285714286,20
2021-04-05,9,0,715,14,4,1,20.0,18.25,17.5,0,0,0.0,1,0,0,0.4,19
2021-04-12,9,0,790,15,4,1,19.0,18.5,17.75,1,0,0.06666666666666667,0,0,0,1.0,15
2021-04-19,9,0,813,16,4,1,15.0,17.75,17.5,1,0,0.015384615384615385,0,0,0,0.8461538461538461,16
2021-04-26,9,0,753,17,4,1,16.0,17.5,17.5,1,0,0.04,0,0,0,0.7,16
2021-05-03,9,0,786,18,5,1,16.0,16.5,17.375,1,0,0.015384615384615385,1,0,0,1.0,17
2021-05-10,9,0,980,19,5,1,17.0,16.0,17.25,1,0,0.028571428571428574,0,0,0,0.9285714285714286,19
2021-05-17,9,0,598,20,5,1,19.0,17.0,17.375,1,0,0.03333333333333333,0,0,0,1.0,17
2021-05-24,9,0,786,21,5,1,17.0,17.25,17.375,0,0,0.0,0,0,0,1.0,17
2021-05-31,9,0,759,22,5,1,17.0,17.5,17.0,1,0,0.018181818181818184,0,0,0,0.5454545454545454,17
2021-06-07,9,0,771,23,6,1,17.0,17.5,16.75,0,0,0.0,1,0,0,1.0,20
2021-06-14,9,0,803,24,6,1,20.0,17.75,17.375,1,0,0.02666666666666667,0,0,0,1.0,18
2021-06-21,9,0,803,25,6,1,18.0,18.0,17.625,1,0,0.025,0,0,0,1.0,20
2021-06-28,9,0,758,26,6,1,20.0,18.75,18.125,1,0,0.028571428571428574,0,0,0,1.0,16
2021-07-05,9,0,914,27,7,1,16.0,18.5,18.0,1,0,0.015384615384615385,1,0,0,1.0,17
2021-07-12,9,0,1073,28,7,1,17.0,17.75,17.75,1,0,0.05000000000000001,0,0,0,1.0,17
2021-07-19,9,0,1081,29,7,1,17.0,17.5,17.75,0,0,0.0,0,0,0,0.9230769230769231,17
2021-07-26,9,0,1005,30,7,1,17.0,16.75,17.75,1,0,0.016666666666666666,0,0,0,0.75,18
2021-08-02,9,0,1139,31,8,1,18.0,17.25,17.875,1,0,0.018181818181818184,1,0,0,1.0,18
2021-08-09,9,0,1204,32,8,1,18.0,17.5,17.625,1,0,0.015384615384615385,0,0,0,1.0,17
2021-08-16,9,0,1094,33,8,1,17.0,17.5,17.5,1,0,0.028571428571428574,0,0,0,1.0,19
2021-08-23,9,0,1032,34,8,1,19.0,18.0,17.375,1,0,0.014285714285714287,0,0,0,1.0,17
2021-08-30,9,0,862,35,8,1,17.0,17.75,17.5,1,0,0.04,0,0,0,1.0,19
2021-09-06,9,0,798,36,9,1,19.0,18.0,17.75,0,0,0.0,1,0,0,0.8181818181818182,17
2021-09-13,9,0,796,37,9,1,17.0,18.0,17.75,1,0,0.010526315789473684,0,0,0,1.0,21
2021-09-20,9,0,694,38,9,1,21.0,18.5,18.25,1,0,0.014285714285714287,0,0,0,0.8571428571428571,19
2021-09-27,9,0,684,39,9,1,19.0,19.0,18.375,1,0,0.05000000000000001,0,0,0,1.0,19
2021-10-04,9,0,741,40,10,1,19.0,19.0,18.5,1,0,0.028571428571428574,1,0,0,1.0,18
2021-10-11,9,0,645,41,10,1,18.0,19.25,18.625,1,0,0.0125,0,0,0,0.875,19
2021-10-18,9,0,756,42,10,1,19.0,18.75,18.625,1,0,0.07272727272727274,0,0,0,0.36363636363636365,18
2021-10-25,9,0,844,43,10,1,18.0,18.5,18.75,0,0,0.0,0,0,0,0.42857142857142855,18
2021-11-01,9,0,775,44,11,1,18.0,18.25,18.625,1,0,0.023529411764705882,0,0,0,0.8235294117647058,21
2021-11-08,9,0,672,45,11,1,21.0,19.0,19.125,0,0,0.0,1,0,0,0.2,16
2021-11-15,9,0,601,46,11,1,16.0,18.25,18.5,1,0,0.05333333333333334,0,0,0,0.2,19
2021-11-22,9,0,613,47,11,1,19.0,18.5,18.5,0,0,0.0,0,0,0,0.25,17
2021-11-29,9,0,636,48,11,1,17.0,18.25,18.25,1,0,0.016666666666666666,0,0,0,0.0,19
2021-12-06,9,0,530,49,12,1,19.0,17.75,18.375,0,0,0.0,1,0,0,0.0,17
2021-12-13,9,0,646,50,12,1,17.0,18.0,18.125,1,0,0.018181818181818184,0,0,0,0.2727272727272727,16
2021-12-20,9,0,708,51,12,1,16.0,17.25,17.875,1,0,0.018181818181818184,0,0,0,0.5454545454545454,18
2021-12-27,9,0,738,52,12,1,18.0,17.5,17.875,0,0,0.0,0,0,0,0.3333333333333333,16
2022-01-03,9,0,575,1,1,1,16.0,16.75,17.25,1,0,0.015384615384615385,1,0,0,0.23076923076923078,18
2022-01-10,9,0,589,2,1,1,18.0,17.0,17.5,1,0,0.014285714285714287,0,0,0,0.5714285714285714,18
2022-01-17,9,0,618,3,1,1,18.0,17.5,17.375,0,0,0.0,0,0,0,0.3333333333333333,16
2022-01-24,9,0,632,4,1,0,16.0,17.0,17.25,0,0,0.0,0,0,0,1.0,17
2022-01-31,9,0,644,5,1,1,17.0,17.25,17.0,0,0,0.0,0,0,0,0.6666666666666666,19
2022-02-07,9,0,661,6,2,1,19.0,17.5,17.25,1,0,0.016666666666666666,1,0,0,1.0,18
2022-02-14,9,0,730,7,2,1,18.0,17.5,17.5,1,0,0.028571428571428574,0,0,0,0.9285714285714286,17
2022-02-21,9,0,741,8,2,1,17.0,17.75,17.375,0,0,0.0,0,0,0,0.36363636363636365,18
2022-02-28,9,0,737,9,2,1,18.0,18.0,17.625,1,0,0.018181818181818184,0,0,0,0.45454545454545453,19
2022-03-07,9,0,667,10,3,1,19.0,18.0,17.75,0,0,0.0,1,0,0,0.26666666666666666,19
2022-03-14,9,0,670,11,3,1,19.0,18.25,17.875,0,0,0.0,0,0,0,0.5,16
2022-03-21,9,0,694,12,3,1,16.0,18.0,17.875,1,1,0.045768599410121985,0,0,0,1.0,17
2022-03-28,9,0,643,13,3,1,17.0,17.75,17.875,0,0,0.0,0,0,0,0.7777777777777778,16
2022-04-04,9,0,645,14,4,1,16.0,17.0,17.5,1,0,0.03333333333333333,1,0,0,0.08333333333333333,20
2022-04-11,9,0,776,15,4,1,20.0,17.25,17.75,0,0,0.0,0,0,0,0.6923076923076923,18
2022-04-18,9,0,868,16,4,1,18.0,17.75,17.875,1,0,0.03076923076923077,0,0,0,1.0,20
2022-04-25,9,0,761,17,4,1,20.0,18.5,18.125,1,0,0.06666666666666667,0,0,0,1.0,19
2022-05-02,9,0,720,18,5,1,19.0,19.25,18.125,1,0,0.05333333333333334,1,0,0,0.4,19
2022-05-09,9,0,731,19,5,1,19.0,19.0,18.125,1,0,0.02,0,0,0,1.0,19
2022-05-16,9,0,743,20,5,1,19.0,19.25,18.5,1,0,0.014285714285714287,0,0,0,0.5714285714285714,16
2022-05-23,9,0,999,21,5,1,16.0,18.25,18.375,1,0,0.023529411764705882,0,0,0,1.0,18
2022-05-30,9,0,810,22,5,1,18.0,18.0,18.625,1,0,0.03333333333333333,0,0,0,1.0,16
2022-06-06,9,0,823,23,6,1,16.0,17.25,18.125,1,0,0.014285714285714287,1,0,0,1.0,19
2022-06-13,9,0,793,24,6,1,19.0,17.25,18.25,1,0,0.03333333333333333,0,0,0,1.0,19
2022-06-20,9,0,785,25,6,1,19.0,18.0,18.125,1,0,0.03333333333333333,0,0,0,1.0,15
2022-06-27,9,0,803,26,6,1,15.0,17.25,17.625,1,0,0.013333333333333334,0,0,0,1.0,18
2022-07-04,9,0,853,27,7,1,18.0,17.75,17.5,1,0,0.016666666666666666,1,0,0,1.0,18
2022-07-11,9,0,1185,28,7,1,18.0,17.5,17.375,0,0,0.0,0,0,0,1.0,16
2022-07-18,9,0,1067,29,7,1,16.0,16.75,17.375,1,0,0.016666666666666666,0,0,0,0.5,20
2022-07-25,9,0,1109,30,7,1,20.0,18.0,17.625,0,0,0.0,0,0,0,0.2,19
2022-08-01,9,0,1132,31,8,1,19.0,18.25,18.0,1,0,0.02666666666666667,0,0,0,0.8666666666666667,17
2022-08-08,9,0,1222,32,8,1,17.0,18.0,17.75,1,0,0.04615384615384616,1,0,0,1.0,18
2022-08-15,9,0,1150,33,8,1,18.0,18.5,17.625,1,0,0.025,0,0,0,1.0,20
2022-08-22,9,0,985,34,8,1,20.0,18.5,18.25,1,0,0.03636363636363637,0,0,0,1.0,18
2022-08-29,9,0,740,35,8,1,18.0,18.25,18.25,1,0,0.018181818181818184,0,0,0,0.6363636363636364,20
2022-09-05,9,0,778,36,9,1,20.0,19.0,18.5,1,0,0.05000000000000001,1,0,0,0.5833333333333334,18
2022-09-12,9,0,722,37,9,1,18.0,19.0,18.75,1,0,0.02,0,0,0,0.3,19
2022-09-19,9,0,662,38,9,1,19.0,18.75,18.625,1,0,0.025,0,0,0,0.75,15
2022-09-26,9,0,651,39,9,1,15.0,18.0,18.125,0,0,0.0,0,0,0,0.7777777777777778,16
2022-10-03,9,0,500,40,10,1,16.0,17.0,18.0,1,0,0.014285714285714287,1,0,0,0.35714285714285715,20
2022-10-10,9,0,463,41,10,1,20.0,17.5,18.25,0,0,0.0,0,0,0,0.0,20
2022-10-17,9,0,488,42,10,1,20.0,17.75,18.25,0,0,0.0,0,0,0,0.4444444444444444,17
2022-10-24,9,0,497,43,10,1,17.0,18.25,18.125,1,0,0.013333333333333334,0,0,0,0.0,18
2022-10-31,9,0,520,44,10,1,18.0,18.75,17.875,0,0,0.0,0,0,0,0.7,17
2022-11-07,9,0,460,45,11,1,17.0,18.0,17.75,0,0,0.0,1,0,0,0.9,16
2022-11-14,9,0,451,46,11,1,16.0,17.0,17.375,0,0,0.0,0,0,0,0.8,16
2022-11-21,9,0,459,47,11,1,16.0,16.75,17.5,1,0,0.05000000000000001,0,0,0,0.8333333333333334,15
2022-11-28,9,0,451,48,11,1,15.0,16.0,17.375,0,0,0.0,0,0,0,0.8181818181818182,20
2022-12-05,9,0,411,49,12,1,20.0,16.75,17.375,1,0,0.03636363636363637,1,0,0,0.0,17
2022-12-12,9,0,469,50,12,1,17.0,17.0,17.0,1,0,0.015384615384615385,0,0,0,0.5384615384615384,16
2022-12-19,9,0,479,51,12,1,16.0,17.0,16.875,1,0,0.05454545454545456,0,0,0,0.0,19
2022-12-26,9,0,465,52,12,1,19.0,18.0,17.0,1,0,0.05000000000000001,0,0,0,0.16666666666666666,16
2020-12-28,10,0,288,53,12,1,0.0,0.0,0.0,1,0,0.04,0,0,0,0.0,9
2021-01-04,10,0,604,1,1,1,9.0,9.0,9.0,0,0,0.0,1,0,0,0.18181818181818182,18
2021-01-11,10,0,625,2,1,1,18.0,13.5,13.5,0,0,0.0,0,0,0,0.16666666666666666,16
2021-01-18,10,0,604,3,1,1,16.0,14.333333333333334,14.333333333333334,1,0,0.028571428571428574,0,0,0,0.2857142857142857,16
2021-01-25,10,0,636,4,1,1,16.0,14.75,14.75,1,0,0.02,0,0,0,0.0,18
2021-02-01,10,0,605,5,2,1,18.0,17.0,15.4,1,0,0.02666666666666667,0,0,0,0.0,19
2021-02-08,10,0,650,6,2,1,19.0,17.25,16.0,1,0,0.05454545454545456,1,0,0,0.45454545454545453,17
2021-02-15,10,0,662,7,2,1,17.0,17.5,16.142857142857142,1,0,0.016666666666666666,0,0,0,0.0,18
2021-02-22,10,0,838,8,2,1,18.0,18.0,16.375,0,0,0.0,0,0,0,0.5454545454545454,16
2021-03-01,10,0,752,9,3,1,16.0,17.5,17.25,1,0,0.015384615384615385,0,0,0,0.9230769230769231,18
2021-03-08,10,0,726,10,3,1,18.0,17.25,17.25,1,0,0.03636363636363637,1,0,0,0.7272727272727273,20
2021-03-15,10,0,680,11,3,1,20.0,18.0,17.75,0,0,0.0,0,0,0,0.7,19
2021-03-22,10,0,667,12,3,1,19.0,18.25,18.125,1,0,0.0125,0,0,0,0.5625,18
2021-03-29,10,0,744,13,3,1,18.0,18.75,18.125,1,0,0.014285714285714287,0,0,0,0.7857142857142857,19
2021-04-05,10,0,715,14,4,1,19.0,19.0,18.125,1,0,0.03076923076923077,1,0,0,0.38461538461538464,18
2021-04-12,10,0,790,15,4,1,18.0,18.5,18.25,1,0,0.018181818181818184,0,0,0,1.0,18
2021-04-19,10,0,813,16,4,1,18.0,18.25,18.25,1,0,0.015384615384615385,0,0,0,0.7692307692307693,19
2021-04-26,10,0,753,17,4,1,19.0,18.5,18.625,0,0,0.0,0,0,0,0.8333333333333334,19
2021-05-03,10,0,786,18,5,1,19.0,18.5,18.75,1,0,0.018181818181818184,1,0,0,1.0,19
2021-05-10,10,0,980,19,5,1,19.0,18.75,18.625,1,0,0.05333333333333334,0,0,0,0.8666666666666667,18
2021-05-17,10,0,598,20,5,1,18.0,18.75,18.5,1,0,0.015384615384615385,0,0,0,1.0,17
2021-05-24,10,0,786,21,5,1,17.0,18.25,18.375,0,0,0.0,0,0,0,1.0,17
2021-05-31,10,0,759,22,5,1,17.0,17.75,18.125,0,0,0.0,0,0,0,0.7777777777777778,18
2021-06-07,10,0,771,23,6,1,18.0,17.5,18.125,1,0,0.013333333333333334,1,0,0,1.0,19
2021-06-14,10,0,803,24,6,1,19.0,17.75,18.25,1,0,0.03076923076923077,0,0,0,1.0,17
2021-06-21,10,0,803,25,6,1,17.0,17.75,18.0,1,0,0.02,0,0,0,1.0,20
2021-06-28,10,0,758,26,6,1,20.0,18.5,18.125,1,0,0.03333333333333333,0,0,0,1.0,18
2021-07-05,10,0,914,27,7,1,18.0,18.5,18.0,0,0,0.0,1,0,0,1.0,18
2021-07-12,10,0,1073,28,7,1,18.0,18.25,18.0,0,0,0.0,0,0,0,1.0,17
2021-07-19,10,0,1081,29,7,1,17.0,18.25,18.0,1,0,0.015384615384615385,0,0,0,0.8461538461538461,18
2021-07-26,10,0,1005,30,7,1,18.0,17.75,18.125,0,0,0.0,0,0,0,0.8888888888888888,17
2021-08-02,10,0,1139,31,8,1,17.0,17.5,18.0,1,0,0.011111111111111112,1,0,0,1.0,20
2021-08-09,10,0,1204,32,8,1,20.0,18.0,18.125,0,0,0.0,0,0,0,1.0,17
2021-08-16,10,0,1094,33,8,1,17.0,18.0,18.125,0,0,0.0,0,0,0,1.0,18
2021-08-23,10,0,1032,34,8,1,18.0,18.0,17.875,0,0,0.0,0,0,0,1.0,17
2021-08-30,10,0,862,35,8,1,17.0,18.0,17.75,1,0,0.0125,0,0,0,1.0,19
2021-09-06,10,0,798,36,9,1,19.0,17.75,17.875,1,0,0.016666666666666666,1,0,0,0.8333333333333334,17
2021-09-13,10,0,796,37,9,1,17.0,17.75,17.875,0,0,0.0,0,0,0,1.0,20
2021-09-20,10,0,694,38,9,1,20.0,18.25,18.125,1,0,0.02,0,0,0,0.9,18
2021-09-27,10,0,684,39,9,1,18.0,18.5,18.25,1,0,0.028571428571428574,0,0,0,1.0,19
2021-10-04,10,0,741,40,10,1,19.0,18.5,18.125,1,0,0.015384615384615385,1,0,0,1.0,19
2021-10-11,10,0,645,41,10,1,19.0,19.0,18.375,1,0,0.03076923076923077,0,0,0,0.9230769230769231,18
2021-10-18,10,0,756,42,10,1,18.0,18.5,18.375,0,0,0.0,0,0,0,0.3333333333333333,17
2021-10-25,10,0,844,43,10,1,17.0,18.25,18.375,0,0,0.0,0,0,0,0.5384615384615384,20
2021-11-01,10,0,775,44,11,1,20.0,18.5,18.5,1,0,0.016666666666666666,0,0,0,0.75,17
2021-11-08,10,0,672,45,11,1,17.0,18.0,18.5,1,0,0.016666666666666666,1,0,0,0.08333333333333333,19
2021-11-15,10,0,601,46,11,1,19.0,18.25,18.375,1,0,0.011764705882352941,0,0,0,0.17647058823529413,19
2021-11-22,10,0,613,47,11,1,19.0,18.75,18.5,1,0,0.03333333333333333,0,0,0,0.25,17
2021-11-29,10,0,636,48,11,1,17.0,18.0,18.25,1,0,0.015384615384615385,0,0,0,0.0,17
2021-12-06,10,0,530,49,12,1,17.0,18.0,18.0,1,0,0.016666666666666666,1,0,0,0.0,17
2021-12-13,10,0,646,50,12,1,17.0,17.5,17.875,0,0,0.0,0,0,0,0.2857142857142857,18
2021-12-20,10,0,708,51,12,1,18.0,17.25,18.0,1,0,0.018181818181818184,0,0,0,0.5454545454545454,20
2021-12-27,10,0,738,52,12,1,20.0,18.0,18.0,1,0,0.03076923076923077,0,0,0,0.15384615384615385,19
2022-01-03,10,0,575,1,1,1,19.0,18.5,18.25,1,0,0.05454545454545456,1,0,0,0.09090909090909091,19
2022-01-10,10,0,589,2,1,1,19.0,19.0,18.25,1,0,0.016666666666666666,0,0,0,0.5,18
2022-01-17,10,0,618,3,1,1,18.0,19.0,18.125,1,0,0.04615384615384616,0,0,0,0.46153846153846156,17
2022-01-24,10,0,632,4,1,0,17.0,18.25,18.125,1,0,0.025,0,0,0,1.0,17
2022-01-31,10,0,644,5,1,1,17.0,17.75,18.125,1,0,0.015384615384615385,0,0,0,0.6923076923076923,18
2022-02-07,10,0,661,6,2,1,18.0,17.5,18.25,1,0,0.016666666666666666,1,0,0,1.0,19
2022-02-14,10,0,730,7,2,1,19.0,17.75,18.375,1,0,0.013333333333333334,0,0,0,0.9333333333333333,18
2022-02-21,10,0,741,8,2,1,18.0,18.0,18.125,0,0,0.0,0,0,0,0.25,18
2022-02-28,10,0,737,9,2,1,18.0,18.25,18.0,1,0,0.022222222222222223,0,0,0,0.4444444444444444,20
2022-03-07,10,0,667,10,3,1,20.0,18.75,18.125,1,0,0.06153846153846154,1,0,0,0.38461538461538464,19
2022-03-14,10,0,670,11,3,1,19.0,18.75,18.25,0,0,0.0,0,0,0,0.6666666666666666,16
2022-03-21,10,0,694,12,3,1,16.0,18.25,18.125,1,0,0.014285714285714287,0,0,0,1.0,18
2022-03-28,10,0,643,13,3,1,18.0,18.25,18.25,0,0,0.0,0,0,0,0.8571428571428571,18
2022-04-04,10,0,645,14,4,1,18.0,17.75,18.25,1,0,0.03333333333333333,1,0,0,0.16666666666666666,18
2022-04-11,10,0,776,15,4,1,18.0,17.5,18.125,1,0,0.018181818181818184,0,0,0,0.5454545454545454,17
2022-04-18,10,0,868,16,4,1,17.0,17.75,18.0,1,1,0.08167737618365437,0,0,0,1.0,18
2022-04-25,10,0,761,17,4,1,18.0,17.75,18.0,1,0,0.03333333333333333,0,0,0,1.0,19
2022-05-02,10,0,720,18,5,1,19.0,18.0,17.875,0,0,0.0,1,0,0,0.4166666666666667,18
2022-05-09,10,0,731,19,5,1,18.0,18.0,17.75,0,0,0.0,0,0,0,1.0,18
2022-05-16,10,0,743,20,5,1,18.0,18.25,18.0,1,0,0.015384615384615385,0,0,0,0.38461538461538464,20
2022-05-23,10,0,999,21,5,1,20.0,18.75,18.25,0,0,0.0,0,0,0,1.0,19
2022-05-30,10,0,810,22,5,1,19.0,18.75,18.375,1,0,0.015384615384615385,0,0,0,1.0,17
2022-06-06,10,0,823,23,6,1,17.0,18.5,18.25,1,0,0.014285714285714287,1,0,0,1.0,17
2022-06-13,10,0,793,24,6,1,17.0,18.25,18.25,0,0,0.0,0,0,0,1.0,16
2022-06-20,10,0,785,25,6,1,16.0,17.25,18.0,1,0,0.028571428571428574,0,0,0,1.0,17
2022-06-27,10,0,803,26,6,1,17.0,16.75,17.75,0,0,0.0,0,0,0,1.0,17
2022-07-04,10,0,853,27,7,1,17.0,16.75,17.625,1,0,0.05454545454545456,1,0,0,1.0,18
2022-07-11,10,0,1185,28,7,1,18.0,17.0,17.625,0,0,0.0,0,0,0,1.0,16
2022-07-18,10,0,1067,29,7,1,16.0,17.0,17.125,0,0,0.0,0,0,0,0.6428571428571429,18
2022-07-25,10,0,1109,30,7,1,18.0,17.25,17.0,0,0,0.0,0,0,0,0.1,17
2022-08-01,10,0,1132,31,8,1,17.0,17.25,17.0,1,0,0.018181818181818184,0,0,0,0.8181818181818182,18
2022-08-08,10,0,1222,32,8,1,18.0,17.25,17.125,1,0,0.04,1,0,0,1.0,18
2022-08-15,10,0,1150,33,8,1,18.0,17.75,17.375,1,0,0.02,0,0,0,1.0,16
2022-08-22,10,0,985,34,8,1,16.0,17.25,17.25,0,0,0.0,0,0,0,1.0,20
2022-08-29,10,0,740,35,8,1,20.0,18.0,17.625,1,0,0.022222222222222223,0,0,0,0.5555555555555556,19
2022-09-05,10,0,778,36,9,1,19.0,18.25,17.75,1,0,0.03076923076923077,1,0,0,0.46153846153846156,17
2022-09-12,10,0,722,37,9,1,17.0,18.0,17.875,0,0,0.0,0,0,0,0.5555555555555556,17
2022-09-19,10,0,662,38,9,1,17.0,18.25,17.75,1,0,0.03076923076923077,0,0,0,0.8461538461538461,17
2022-09-26,10,0,651,39,9,1,17.0,17.5,17.75,0,0,0.0,0,0,0,0.7,18
2022-10-03,10,0,500,40,10,1,18.0,17.25,17.75,1,0,0.018181818181818184,1,0,0,0.2727272727272727,16
2022-10-10,10,0,463,41,10,1,16.0,17.0,17.5,1,0,0.02,0,0,0,0.0,18
2022-10-17,10,0,488,42,10,1,18.0,17.25,17.75,1,0,0.013333333333333334,0,0,0,0.4,19
2022-10-24,10,0,497,43,10,1,19.0,17.75,17.625,1,0,0.042857142857142864,0,0,0,0.0,17
2022-10-31,10,0,520,44,10,1,17.0,17.5,17.375,1,0,0.016666666666666666,0,0,0,0.6666666666666666,19
2022-11-07,10,0,460,45,11,1,19.0,18.25,17.625,0,0,0.0,1,0,0,0.875,16
2022-11-14,10,0,451,46,11,1,16.0,17.75,17.5,1,0,0.014285714285714287,0,0,0,0.7142857142857143,16
2022-11-21,10,0,459,47,11,1,16.0,17.0,17.375,0,0,0.0,0,0,0,0.9285714285714286,19
2022-11-28,10,0,451,48,11,1,19.0,17.5,17.5,1,0,0.02666666666666667,0,0,0,0.6666666666666666,19
2022-12-05,10,0,411,49,12,1,19.0,17.5,17.875,1,0,0.013333333333333334,1,0,0,0.0,19
2022-12-12,10,0,469,50,12,1,19.0,18.25,18.0,1,0,0.015384615384615385,0,0,0,0.6153846153846154,20
2022-12-19,10,0,479,51,12,1,20.0,19.25,18.125,0,0,0.0,0,0,0,0.0,18
2022-12-26,10,0,465,52,12,1,18.0,19.0,18.25,1,0,0.016666666666666666,0,0,0,0.08333333333333333,17
2020-12-28,11,0,288,53,12,1,0.0,0.0,0.0,0,0,0.0,0,0,0,0.0,3
2021-01-04,11,0,604,1,1,1,3.0,3.0,3.0,0,0,0.0,0,0,0,0.0,4
2021-01-11,11,0,625,2,1,1,4.0,3.5,3.5,1,0,0.04,0,0,0,0.2,5
2021-01-18,11,0,604,3,1,1,5.0,4.0,4.0,1,0,0.06666666666666667,0,0,0,0.3333333333333333,6
2021-01-25,11,0,636,4,1,1,6.0,4.5,4.5,1,0,0.04,0,0,0,0.0,5
2021-02-01,11,0,605,5,2,1,5.0,5.0,4.6,0,0,0.0,0,0,0,0.0,4
2021-02-08,11,0,650,6,2,1,4.0,5.0,4.5,0,1,0.02477075011220784,0,0,0,0.2,5
2021-02-15,11,0,662,7,2,1,5.0,5.0,4.571428571428571,0,0,0.0,0,0,0,0.0,7
2021-02-22,11,0,838,8,2,1,7.0,5.25,4.875,0,0,0.0,0,0,0,0.5714285714285714,9
2021-03-01,11,0,752,9,3,1,9.0,6.25,5.625,0,0,0.0,0,0,0,0.9,10
2021-03-08,11,0,726,10,3,1,10.0,7.75,6.375,0,0,0.0,0,0,0,0.8,5
2021-03-15,11,0,680,11,3,1,5.0,7.75,6.375,1,0,0.022222222222222223,0,0,0,0.7777777777777778,9
2021-03-22,11,0,667,12,3,1,9.0,8.25,6.75,0,0,0.0,0,0,0,0.6,5
2021-03-29,11,0,744,13,3,1,5.0,7.25,6.75,0,0,0.0,0,0,0,0.8571428571428571,8
2021-04-05,11,0,715,14,4,1,8.0,6.75,7.25,1,0,0.028571428571428574,1,0,0,0.42857142857142855,7
2021-04-12,11,0,790,15,4,1,7.0,7.25,7.5,1,0,0.028571428571428574,0,0,0,1.0,7
2021-04-19,11,0,813,16,4,1,7.0,6.75,7.5,0,0,0.0,0,0,0,0.6666666666666666,6
2021-04-26,11,0,753,17,4,1,6.0,7.0,7.125,1,0,0.04,0,0,0,0.8,10
2021-05-03,11,0,786,18,5,1,10.0,7.5,7.125,1,0,0.044444444444444446,1,0,0,1.0,9
2021-05-10,11,0,980,19,5,1,9.0,8.0,7.625,0,0,0.0,0,0,0,0.875,10
2021-05-17,11,0,598,20,5,1,10.0,8.75,7.75,1,0,0.028571428571428574,0,0,0,1.0,10
2021-05-24,11,0,786,21,5,1,10.0,9.75,8.375,1,0,0.044444444444444446,0,0,0,1.0,10
2021-05-31,11,0,759,22,5,1,10.0,9.75,8.625,0,0,0.0,0,0,0,0.6666666666666666,6
2021-06-07,11,0,771,23,6,1,6.0,9.0,8.5,1,0,0.08,1,0,0,1.0,7
2021-06-14,11,0,803,24,6,1,7.0,8.25,8.5,0,0,0.0,0,0,0,1.0,7
2021-06-21,11,0,803,25,6,1,7.0,7.5,8.625,0,0,0.0,0,0,0,1.0,6
2021-06-28,11,0,758,26,6,1,6.0,6.5,8.125,0,0,0.0,0,0,0,1.0,5
2021-07-05,11,0,914,27,7,1,5.0,6.25,7.625,0,0,0.0,1,0,0,1.0,11
2021-07-12,11,0,1073,28,7,1,11.0,7.25,7.75,1,0,0.05714285714285715,0,0,0,1.0,9
2021-07-19,11,0,1081,29,7,1,9.0,7.75,7.625,1,0,0.025,0,0,0,0.875,11
2021-07-26,11,0,1005,30,7,1,11.0,9.0,7.75,0,0,0.0,0,0,0,0.875,8
2021-08-02,11,0,1139,31,8,1,8.0,9.75,8.0,0,0,0.0,1,0,0,1.0,14
2021-08-09,11,0,1204,32,8,1,14.0,10.5,8.875,0,0,0.0,0,0,0,1.0,17
2021-08-16,11,0,1094,33,8,1,17.0,12.5,10.125,0,0,0.0,0,0,0,1.0,13
2021-08-23,11,0,1032,34,8,1,13.0,13.0,11.0,1,0,0.02,0,0,0,1.0,12
2021-08-30,11,0,862,35,8,1,12.0,14.0,11.875,0,0,0.0,0,0,0,1.0,11
2021-09-06,11,0,798,36,9,1,11.0,13.25,11.875,0,0,0.0,1,0,0,0.8571428571428571,7
2021-09-13,11,0,796,37,9,1,7.0,10.75,11.625,0,0,0.0,0,0,0,1.0,8
2021-09-20,11,0,694,38,9,1,8.0,9.5,11.25,1,0,0.12000000000000002,0,0,0,0.8,5
2021-09-27,11,0,684,39,9,1,5.0,7.75,10.875,0,0,0.0,0,0,0,1.0,6
2021-10-04,11,0,741,40,10,1,6.0,6.5,9.875,0,0,0.0,1,0,0,1.0,8
2021-10-11,11,0,645,41,10,1,8.0,6.75,8.75,1,0,0.04,0,0,0,0.8,5
2021-10-18,11,0,756,42,10,1,5.0,6.0,7.75,0,0,0.0,0,0,0,0.2,5
2021-10-25,11,0,844,43,10,1,5.0,6.0,6.875,1,0,0.04,0,0,0,0.6,10
2021-11-01,11,0,775,44,11,1,10.0,7.0,6.75,1,0,0.025,0,0,0,0.875,9
2021-11-08,11,0,672,45,11,1,9.0,7.25,7.0,0,0,0.0,1,0,0,0.0,6
2021-11-15,11,0,601,46,11,1,6.0,7.5,6.75,1,0,0.03333333333333333,0,0,0,0.16666666666666666,6
2021-11-22,11,0,613,47,11,1,6.0,7.75,6.875,0,0,0.0,0,0,0,0.3333333333333333,6
2021-11-29,11,0,636,48,11,1,6.0,6.75,6.875,1,0,0.05,0,0,0,0.0,9
2021-12-06,11,0,530,49,12,1,9.0,6.75,7.0,0,0,0.0,0,0,0,0.0,5
2021-12-13,11,0,646,50,12,1,5.0,6.5,7.0,0,0,0.0,0,0,0,0.3333333333333333,7
2021-12-20,11,0,708,51,12,1,7.0,6.75,7.25,1,0,0.028571428571428574,0,0,0,0.5714285714285714,9
2021-12-27,11,0,738,52,12,1,9.0,7.5,7.125,0,0,0.0,0,0,0,0.16666666666666666,6
2022-01-03,11,0,575,1,1,1,6.0,6.75,6.75,0,0,0.0,1,0,0,0.16666666666666666,7
2022-01-10,11,0,589,2,1,1,7.0,7.25,6.875,1,0,0.028571428571428574,0,0,0,0.5714285714285714,7
2022-01-17,11,0,618,3,1,1,7.0,7.25,7.0,1,0,0.04,0,0,0,0.6,5
2022-01-24,11,0,632,4,1,0,5.0,6.25,6.875,1,0,0.03333333333333333,0,0,0,1.0,6
2022-01-31,11,0,644,5,1,1,6.0,6.25,6.5,1,0,0.025,0,0,0,0.625,8
2022-02-07,11,0,661,6,2,1,8.0,6.5,6.875,0,0,0.0,1,0,0,1.0,5
2022-02-14,11,0,730,7,2,1,5.0,6.0,6.625,0,0,0.0,0,0,0,0.8333333333333334,6
2022-02-21,11,0,741,8,2,1,6.0,6.25,6.25,1,0,0.03333333333333333,0,0,0,0.3333333333333333,7
2022-02-28,11,0,737,9,2,1,7.0,6.5,6.375,0,0,0.0,0,0,0,0.2857142857142857,7
2022-03-07,11,0,667,10,3,1,7.0,6.25,6.375,1,0,0.05714285714285715,1,0,0,0.42857142857142855,7
2022-03-14,11,0,670,11,3,1,7.0,6.75,6.375,1,0,0.028571428571428574,0,0,0,0.7142857142857143,7
2022-03-21,11,0,694,12,3,1,7.0,7.0,6.625,0,0,0.0,0,0,0,1.0,9
2022-03-28,11,0,643,13,3,1,9.0,7.5,7.0,1,0,0.028571428571428574,0,0,0,0.8571428571428571,8
2022-04-04,11,0,645,14,4,1,8.0,7.75,7.0,0,0,0.0,1,0,0,0.16666666666666666,6
2022-04-11,11,0,776,15,4,1,6.0,7.5,7.125,0,0,0.0,0,0,0,0.8333333333333334,6
2022-04-18,11,0,868,16,4,1,6.0,7.25,7.125,0,0,0.0,0,0,0,1.0,11
2022-04-25,11,0,761,17,4,1,11.0,7.75,7.625,0,0,0.0,0,0,0,1.0,9
2022-05-02,11,0,720,18,5,1,9.0,8.0,7.875,0,0,0.0,0,0,0,0.2857142857142857,12
2022-05-09,11,0,731,19,5,1,12.0,9.5,8.5,0,0,0.0,0,0,0,1.0,8
2022-05-16,11,0,743,20,5,1,8.0,10.0,8.625,1,0,0.03333333333333333,0,0,0,0.6666666666666666,6
2022-05-23,11,0,999,21,5,1,6.0,8.75,8.25,0,0,0.0,0,0,0,1.0,15
2022-05-30,11,0,810,22,5,1,15.0,10.25,9.125,0,0,0.0,0,0,0,1.0,4
2022-06-06,11,0,823,23,6,1,4.0,8.25,8.875,0,0,0.0,1,0,0,1.0,7
2022-06-13,11,0,793,24,6,1,7.0,8.0,9.0,0,0,0.0,0,0,0,1.0,6
2022-06-20,11,0,785,25,6,1,6.0,8.0,8.375,0,0,0.0,0,0,0,1.0,11
2022-06-27,11,0,803,26,6,1,11.0,7.0,8.625,0,0,0.0,0,0,0,1.0,9
2022-07-04,11,0,853,27,7,1,9.0,8.25,8.25,0,0,0.0,1,0,0,1.0,8
2022-07-11,11,0,1185,28,7,1,8.0,8.5,8.25,1,0,0.028571428571428574,0,0,0,1.0,8
2022-07-18,11,0,1067,29,7,1,8.0,9.0,8.5,0,0,0.0,0,0,0,0.5,12
2022-07-25,11,0,1109,30,7,1,12.0,9.25,8.125,0,0,0.0,0,0,0,0.14285714285714285,7
2022-08-01,11,0,1132,31,8,1,7.0,8.75,8.5,1,0,0.025,0,0,0,0.75,11
2022-08-08,11,0,1222,32,8,1,11.0,9.5,9.0,1,0,0.04,1,0,0,1.0,13
2022-08-15,11,0,1150,33,8,1,13.0,10.75,9.875,0,0,0.0,0,0,0,1.0,11
2022-08-22,11,0,985,34,8,1,11.0,10.5,9.875,0,0,0.0,0,0,0,1.0,6
2022-08-29,11,0,740,35,8,1,6.0,10.25,9.5,0,0,0.0,0,0,0,0.8,5
2022-09-05,11,0,778,36,9,1,5.0,8.75,9.125,0,0,0.0,1,0,0,0.6666666666666666,7
2022-09-12,11,0,722,37,9,1,7.0,7.25,9.0,0,0,0.0,0,0,0,0.5,8
2022-09-19,11,0,662,38,9,1,8.0,6.5,8.5,0,0,0.0,0,0,0,0.8,5
2022-09-26,11,0,651,39,9,1,5.0,6.25,8.25,1,0,0.08,0,0,0,0.8,5
2022-10-03,11,0,500,40,10,1,5.0,6.25,7.5,1,0,0.022222222222222223,1,0,0,0.3333333333333333,9
2022-10-10,11,0,463,41,10,1,9.0,6.75,7.0,0,0,0.0,0,0,0,0.0,7
2022-10-17,11,0,488,42,10,1,7.0,6.5,6.5,0,0,0.0,0,0,0,0.5,6
2022-10-24,11,0,497,43,10,1,6.0,6.75,6.5,1,0,0.04,0,0,0,0.0,7
2022-10-31,11,0,520,44,10,1,7.0,7.25,6.75,1,0,0.06666666666666667,0,0,0,0.8333333333333334,8
2022-11-07,11,0,460,45,11,1,8.0,7.0,6.875,0,0,0.0,1,0,0,0.8571428571428571,8
2022-11-14,11,0,451,46,11,1,8.0,7.25,6.875,0,0,0.0,0,0,0,0.75,4
2022-11-21,11,0,459,47,11,1,4.0,6.75,6.75,0,0,0.0,0,0,0,0.75,4
2022-11-28,11,0,451,48,11,1,4.0,6.0,6.625,0,0,0.0,0,0,0,0.75,6
2022-12-05,11,0,411,49,12,1,6.0,5.5,6.25,0,0,0.0,0,0,0,0.0,5
2022-12-12,11,0,469,50,12,1,5.0,4.75,6.0,1,0,0.028571428571428574,0,0,0,0.2857142857142857,7
2022-12-19,11,0,479,51,12,1,7.0,5.5,6.125,0,0,0.0,0,0,0,0.0,10
2022-12-26,11,0,465,52,12,1,10.0,7.0,6.5,1,0,0.03333333333333333,0,0,0,0.16666666666666666,7
2020-12-28,12,0,288,53,12,1,0.0,0.0,0.0,1,0,0.06666666666666667,0,0,0,0.0,3
2021-01-04,12,0,604,1,1,1,3.0,3.0,3.0,0,0,0.0,1,0,0,0.16666666666666666,7
2021-01-11,12,0,625,2,1,1,7.0,5.0,5.0,1,0,0.05714285714285715,0,0,0,0.14285714285714285,9
2021-01-18,12,0,604,3,1,1,9.0,6.333333333333333,6.333333333333333,0,0,0.0,0,0,0,0.5,4
2021-01-25,12,0,636,4,1,1,4.0,5.75,5.75,1,0,0.05,0,0,0,0.0,10
2021-02-01,12,0,605,5,2,1,10.0,7.5,6.6,0,0,0.0,0,0,0,0.0,7
2021-02-08,12,0,650,6,2,1,7.0,7.5,6.666666666666667,0,0,0.0,1,0,0,0.4444444444444444,11
2021-02-15,12,0,662,7,2,1,11.0,8.0,7.285714285714286,0,0,0.0,0,0,0,0.0,7
2021-02-22,12,0,838,8,2,1,7.0,8.75,7.25,1,0,0.022222222222222223,0,0,0,0.6666666666666666,13
2021-03-01,12,0,752,9,3,1,13.0,9.5,8.5,0,0,0.0,0,0,0,0.9,13
2021-03-08,12,0,726,10,3,1,13.0,11.0,9.25,0,0,0.0,1,0,0,0.6666666666666666,8
2021-03-15,12,0,680,11,3,1,8.0,10.25,9.125,1,1,0.0626961384999474,0,0,0,0.7692307692307693,15
2021-03-22,12,0,667,12,3,1,15.0,12.25,10.5,1,0,0.03333333333333333,0,0,0,0.3333333333333333,10
2021-03-29,12,0,744,13,3,1,10.0,11.5,10.5,0,0,0.0,0,0,0,0.875,9
2021-04-05,12,0,715,14,4,1,9.0,10.5,10.75,1,0,0.028571428571428574,1,0,0,0.5714285714285714,9
2021-04-12,12,0,790,15,4,1,9.0,10.75,10.5,1,0,0.02,0,0,0,1.0,19
2021-04-19,12,0,813,16,4,1,19.0,11.75,12.0,1,0,0.016666666666666666,0,0,0,0.8333333333333334,20
2021-04-26,12,0,753,17,4,1,20.0,14.25,12.875,1,0,0.018181818181818184,0,0,0,0.6363636363636364,11
2021-05-03,12,0,786,18,5,1,11.0,14.75,12.625,0,0,0.0,1,0,0,1.0,8
2021-05-10,12,0,980,19,5,1,8.0,14.5,12.625,0,0,0.0,0,0,0,1.0,17
2021-05-17,12,0,598,20,5,1,17.0,14.0,12.875,0,0,0.0,0,0,0,1.0,7
2021-05-24,12,0,786,21,5,1,7.0,10.75,12.5,0,0,0.0,0,0,0,1.0,14
2021-05-31,12,0,759,22,5,1,14.0,11.5,13.125,1,0,0.05714285714285715,0,0,0,0.7142857142857143,9
2021-06-07,12,0,771,23,6,1,9.0,11.75,13.125,1,0,0.018181818181818184,1,0,0,1.0,13
2021-06-14,12,0,803,24,6,1,13.0,10.75,12.375,1,0,0.02,0,0,0,1.0,14
2021-06-21,12,0,803,25,6,1,14.0,12.5,11.625,0,0,0.0,0,0,0,1.0,10
2021-06-28,12,0,758,26,6,1,10.0,11.5,11.5,0,0,0.0,0,0,0,1.0,6
2021-07-05,12,0,914,27,7,1,6.0,10.75,11.25,0,0,0.0,0,0,0,1.0,12
2021-07-12,12,0,1073,28,7,1,12.0,10.5,10.625,1,0,0.02,0,0,0,1.0,17
2021-07-19,12,0,1081,29,7,1,17.0,11.25,11.875,1,0,0.014285714285714287,0,0,0,0.7857142857142857,21
2021-07-26,12,0,1005,30,7,1,21.0,14.0,12.75,0,0,0.0,0,0,0,0.8333333333333334,7
2021-08-02,12,0,1139,31,8,1,7.0,14.25,12.5,0,0,0.0,1,0,0,1.0,18
2021-08-09,12,0,1204,32,8,1,18.0,15.75,13.125,0,0,0.0,0,0,0,1.0,20
2021-08-16,12,0,1094,33,8,1,20.0,16.5,13.875,1,0,0.018181818181818184,0,0,0,1.0,13
2021-08-23,12,0,1032,34,8,1,13.0,14.5,14.25,0,0,0.0,0,0,0,1.0,6
2021-08-30,12,0,862,35,8,1,6.0,14.25,14.25,0,0,0.0,0,0,0,1.0,5
2021-09-06,12,0,798,36,9,1,5.0,11.0,13.375,1,0,0.03333333333333333,1,0,0,0.8333333333333334,6
2021-09-13,12,0,796,37,9,1,6.0,7.5,12.0,0,0,0.0,0,0,0,1.0,6
2021-09-20,12,0,694,38,9,1,6.0,5.75,10.125,0,0,0.0,0,0,0,0.75,4
2021-09-27,12,0,684,39,9,1,4.0,5.25,9.75,1,0,0.05,0,0,0,1.0,4
2021-10-04,12,0,741,40,10,1,4.0,5.0,8.0,1,0,0.06666666666666667,0,0,0,1.0,6
2021-10-11,12,0,645,41,10,1,6.0,5.0,6.25,0,0,0.0,0,0,0,1.0,4
2021-10-18,12,0,756,42,10,1,4.0,4.5,5.125,1,0,0.04,0,0,0,0.2,5
2021-10-25,12,0,844,43,10,1,5.0,4.75,5.0,1,0,0.06666666666666667,0,0,0,0.5,6
2021-11-01,12,0,775,44,11,1,6.0,5.25,5.125,0,0,0.0,0,0,0,0.8,5
2021-11-08,12,0,672,45,11,1,5.0,5.0,5.0,0,0,0.0,1,0,0,0.14285714285714285,7
2021-11-15,12,0,601,46,11,1,7.0,5.75,5.125,0,0,0.0,0,0,0,0.0,4
2021-11-22,12,0,613,47,11,1,4.0,5.5,5.125,1,0,0.08571428571428573,0,0,0,0.2857142857142857,7
2021-11-29,12,0,636,48,11,1,7.0,5.75,5.5,0,0,0.0,0,0,0,0.0,6
2021-12-06,12,0,530,49,12,1,6.0,6.0,5.5,1,0,0.03333333333333333,1,0,0,0.0,6
2021-12-13,12,0,646,50,12,1,6.0,5.75,5.75,0,0,0.0,0,0,0,0.0,4
2021-12-20,12,0,708,51,12,1,4.0,5.75,5.625,0,0,0.0,0,0,0,0.6,5
2021-12-27,12,0,738,52,12,1,5.0,5.25,5.5,1,0,0.04,0,0,0,0.4,5
2022-01-03,12,0,575,1,1,1,5.0,5.0,5.5,0,0,0.0,1,0,0,0.25,4
2022-01-10,12,0,589,2,1,1,4.0,4.5,5.125,0,0,0.0,0,0,0,0.5714285714285714,7
2022-01-17,12,0,618,3,1,1,7.0,5.25,5.5,1,0,0.03333333333333333,0,0,0,0.5,6
2022-01-24,12,0,632,4,1,0,6.0,5.5,5.375,0,0,0.0,0,0,0,1.0,5
2022-01-31,12,0,644,5,1,1,5.0,5.5,5.25,1,0,0.028571428571428574,0,0,0,0.7142857142857143,7
2022-02-07,12,0,661,6,2,1,7.0,6.25,5.375,0,0,0.0,1,0,0,1.0,7
2022-02-14,12,0,730,7,2,1,7.0,6.25,5.75,0,0,0.0,0,0,0,1.0,4
2022-02-21,12,0,741,8,2,1,4.0,5.75,5.625,1,0,0.04,0,0,0,0.4,5
2022-02-28,12,0,737,9,2,1,5.0,5.75,5.625,1,0,0.03333333333333333,0,0,0,0.3333333333333333,6
2022-03-07,12,0,667,10,3,1,6.0,5.5,5.875,0,1,0.018270630705045084,0,0,0,0.3333333333333333,6
2022-03-14,12,0,670,11,3,1,6.0,5.25,5.75,0,0,0.0,0,0,0,0.4,5
2022-03-21,12,0,694,12,3,1,5.0,5.5,5.625,0,0,0.0,0,0,0,1.0,4
2022-03-28,12,0,643,13,3,1,4.0,5.25,5.5,0,0,0.0,0,0,0,0.8333333333333334,6
2022-04-04,12,0,645,14,4,1,6.0,5.25,5.375,1,0,0.03333333333333333,1,0,0,0.16666666666666666,6
2022-04-11,12,0,776,15,4,1,6.0,5.25,5.25,1,0,0.028571428571428574,0,0,0,0.5714285714285714,7
2022-04-18,12,0,868,16,4,1,7.0,5.75,5.625,0,0,0.0,0,0,0,1.0,5
2022-04-25,12,0,761,17,4,1,5.0,6.0,5.625,0,0,0.0,0,0,0,1.0,5
2022-05-02,12,0,720,18,5,1,5.0,5.75,5.5,1,0,0.03333333333333333,1,0,0,0.3333333333333333,6
2022-05-09,12,0,731,19,5,1,6.0,5.75,5.5,0,0,0.0,0,0,0,1.0,4
2022-05-16,12,0,743,20,5,1,4.0,5.0,5.375,0,0,0.0,0,0,0,0.75,4
2022-05-23,12,0,999,21,5,1,4.0,4.75,5.375,0,0,0.0,0,0,0,1.0,5
2022-05-30,12,0,810,22,5,1,5.0,4.75,5.25,1,0,0.04,0,0,0,1.0,5
2022-06-06,12,0,823,23,6,1,5.0,4.5,5.125,1,0,0.03333333333333333,1,0,0,1.0,6
2022-06-13,12,0,793,24,6,1,6.0,5.0,5.0,1,0,0.028571428571428574,0,0,0,1.0,7
2022-06-20,12,0,785,25,6,1,7.0,5.75,5.25,0,0,0.0,0,0,0,1.0,7
2022-06-27,12,0,803,26,6,1,7.0,6.25,5.5,0,0,0.0,0,0,0,1.0,6
2022-07-04,12,0,853,27,7,1,6.0,6.5,5.5,0,0,0.0,0,0,0,1.0,6
2022-07-11,12,0,1185,28,7,1,6.0,6.5,5.75,0,0,0.0,0,0,0,1.0,6
2022-07-18,12,0,1067,29,7,1,6.0,6.25,6.0,1,0,0.04,0,0,0,0.4,5
2022-07-25,12,0,1109,30,7,1,5.0,5.75,6.0,0,0,0.0,0,0,0,0.16666666666666666,6
2022-08-01,12,0,1132,31,8,1,6.0,5.75,6.125,0,0,0.0,0,0,0,0.8333333333333334,6
2022-08-08,12,0,1222,32,8,1,6.0,5.75,6.125,0,0,0.0,1,0,0,1.0,7
2022-08-15,12,0,1150,33,8,1,7.0,6.0,6.125,0,0,0.0,0,0,0,1.0,6
2022-08-22,12,0,985,34,8,1,6.0,6.25,6.0,1,0,0.03333333333333333,0,0,0,1.0,6
2022-08-29,12,0,740,35,8,1,6.0,6.25,6.0,0,0,0.0,0,0,0,0.3333333333333333,3
2022-09-05,12,0,778,36,9,1,3.0,5.5,5.625,1,0,0.04,1,0,0,0.8,5
2022-09-12,12,0,722,37,9,1,5.0,5.0,5.5,0,0,0.0,0,0,0,0.5,6
2022-09-19,12,0,662,38,9,1,6.0,5.0,5.625,0,0,0.0,0,0,0,0.6666666666666666,6
2022-09-26,12,0,651,39,9,1,6.0,5.0,5.625,1,0,0.1,0,0,0,1.0,4
2022-10-03,12,0,500,40,10,1,4.0,5.25,5.375,1,0,0.03333333333333333,1,0,0,0.3333333333333333,6
2022-10-10,12,0,463,41,10,1,6.0,5.5,5.25,1,0,0.028571428571428574,0,0,0,0.0,7
2022-10-17,12,0,488,42,10,1,7.0,5.75,5.375,1,0,0.03333333333333333,0,0,0,0.5,6
2022-10-24,12,0,497,43,10,1,6.0,5.75,5.375,0,0,0.0,0,0,0,0.0,5
2022-10-31,12,0,520,44,10,1,5.0,6.0,5.625,0,1,0.032497460856053866,0,0,0,0.6666666666666666,6
2022-11-07,12,0,460,45,11,1,6.0,6.0,5.75,1,0,0.04,0,0,0,0.8,5
2022-11-14,12,0,451,46,11,1,5.0,5.5,5.625,0,0,0.0,0,0,0,0.8,5
2022-11-21,12,0,459,47,11,1,5.0,5.25,5.5,0,0,0.0,0,0,0,0.8333333333333334,6
2022-11-28,12,0,451,48,11,1,6.0,5.5,5.75,0,0,0.0,0,0,0,0.6,5
2022-12-05,12,0,411,49,12,1,5.0,5.25,5.625,0,0,0.0,1,0,0,0.0,5
2022-12-12,12,0,469,50,12,1,5.0,5.25,5.375,0,0,0.0,0,0,0,0.5,6
2022-12-19,12,0,479,51,12,1,6.0,5.5,5.375,0,0,0.0,0,0,0,0.0,5
2022-12-26,12,0,465,52,12,1,5.0,5.25,5.375,0,0,0.0,0,0,0,0.16666666666666666,6
2020-12-28,13,0,288,53,12,1,0.0,0.0,0.0,0,0,0.0,0,0,0,0.0,8
2021-01-04,13,0,604,1,1,1,8.0,8.0,8.0,1,0,0.022222222222222223,1,0,0,0.2222222222222222,11
2021-01-11,13,0,625,2,1,1,11.0,9.5,9.5,1,0,0.015384615384615385,0,0,0,0.23076923076923078,16
2021-01-18,13,0,604,3,1,1,16.0,11.666666666666666,11.666666666666666,0,0,0.0,0,0,0,0.2222222222222222,10
2021-01-25,13,0,636,4,1,1,10.0,11.25,11.25,0,0,0.0,0,0,0,0.0,14
2021-02-01,13,0,605,5,2,1,14.0,12.75,11.8,1,0,0.022222222222222223,0,0,0,0.0,12
2021-02-08,13,0,650,6,2,1,12.0,13.0,11.833333333333334,1,0,0.044444444444444446,1,0,0,0.3333333333333333,13
2021-02-15,13,0,662,7,2,1,13.0,12.25,12.0,1,0,0.05454545454545456,0,0,0,0.0,12
2021-02-22,13,0,838,8,2,1,12.0,12.75,12.0,0,1,0.025243122169908937,0,0,0,0.625,11
2021-03-01,13,0,752,9,3,1,11.0,12.0,12.375,0,0,0.0,0,0,0,0.8,13
2021-03-08,13,0,726,10,3,1,13.0,12.25,12.625,1,0,0.022222222222222223,1,0,0,0.6666666666666666,14
2021-03-15,13,0,680,11,3,1,14.0,12.5,12.375,1,1,0.0586780020776687,0,0,0,0.6666666666666666,12
2021-03-22,13,0,667,12,3,1,12.0,12.5,12.625,1,0,0.025,0,0,0,0.5,13
2021-03-29,13,0,744,13,3,1,13.0,13.0,12.5,1,0,0.022222222222222223,0,0,0,0.7777777777777778,13
2021-04-05,13,0,715,14,4,1,13.0,13.0,12.625,0,0,0.0,1,0,0,0.42857142857142855,15
2021-04-12,13,0,790,15,4,1,15.0,13.25,12.875,1,0,0.02,0,0,0,1.0,13
2021-04-19,13,0,813,16,4,1,13.0,13.5,13.0,1,0,0.015384615384615385,0,0,0,0.9230769230769231,15
2021-04-26,13,0,753,17,4,1,15.0,14.0,13.5,1,0,0.03076923076923077,0,0,0,0.6923076923076923,15
2021-05-03,13,0,786,18,5,1,15.0,14.5,13.75,0,0,0.0,1,0,0,1.0,13
2021-05-10,13,0,980,19,5,1,13.0,14.0,13.625,1,0,0.018181818181818184,0,0,0,0.9090909090909091,14
2021-05-17,13,0,598,20,5,1,14.0,14.25,13.875,1,0,0.04,0,0,0,1.0,10
2021-05-24,13,0,786,21,5,1,10.0,13.0,13.5,1,0,0.04615384615384616,0,0,0,1.0,17
2021-05-31,13,0,759,22,5,1,17.0,13.5,14.0,0,0,0.0,0,0,0,0.7142857142857143,11
2021-06-07,13,0,771,23,6,1,11.0,13.0,13.5,0,1,0.0179129645144131,1,0,0,1.0,14
2021-06-14,13,0,803,24,6,1,14.0,13.0,13.625,1,0,0.02666666666666667,0,0,0,1.0,18
2021-06-21,13,0,803,25,6,1,18.0,15.0,14.0,0,0,0.0,0,0,0,1.0,18
2021-06-28,13,0,758,26,6,1,18.0,15.25,14.375,1,0,0.022222222222222223,0,0,0,1.0,13
2021-07-05,13,0,914,27,7,1,13.0,15.75,14.375,0,0,0.0,1,0,0,1.0,15
2021-07-12,13,0,1073,28,7,1,15.0,16.0,14.5,0,0,0.0,0,0,0,1.0,18
2021-07-19,13,0,1081,29,7,1,18.0,16.0,15.5,0,0,0.0,0,0,0,0.8461538461538461,18
2021-07-26,13,0,1005,30,7,1,18.0,16.0,15.625,1,1,0.062309589701471595,0,0,0,0.8666666666666667,18
2021-08-02,13,0,1139,31,8,1,18.0,17.25,16.5,0,0,0.0,1,0,0,1.0,22
2021-08-09,13,0,1204,32,8,1,22.0,19.0,17.5,1,0,0.009090909090909092,0,0,0,1.0,30
2021-08-16,13,0,1094,33,8,1,30.0,22.0,19.0,1,0,0.028571428571428574,0,0,0,1.0,19
2021-08-23,13,0,1032,34,8,1,19.0,22.25,19.125,0,0,0.0,0,0,0,1.0,20
2021-08-30,13,0,862,35,8,1,20.0,22.75,20.0,1,0,0.02,0,0,0,1.0,15
2021-09-06,13,0,798,36,9,1,15.0,21.0,20.0,1,0,0.022222222222222223,1,0,0,0.7777777777777778,13
2021-09-13,13,0,796,37,9,1,13.0,16.75,19.375,0,0,0.0,0,0,0,1.0,14
2021-09-20,13,0,694,38,9,1,14.0,15.5,18.875,1,0,0.018181818181818184,0,0,0,0.8181818181818182,16
2021-09-27,13,0,684,39,9,1,16.0,14.5,18.625,1,0,0.022222222222222223,0,0,0,1.0,14
2021-10-04,13,0,741,40,10,1,14.0,14.25,17.625,0,0,0.0,1,0,0,1.0,15
2021-10-11,13,0,645,41,10,1,15.0,14.75,15.75,1,0,0.022222222222222223,0,0,0,0.8888888888888888,10
2021-10-18,13,0,756,42,10,1,10.0,13.75,14.625,0,0,0.0,0,0,0,0.3333333333333333,16
2021-10-25,13,0,844,43,10,1,16.0,13.75,14.125,1,0,0.04615384615384616,0,0,0,0.5384615384615384,16
2021-11-01,13,0,775,44,11,1,16.0,14.25,14.25,1,0,0.022222222222222223,0,0,0,0.8888888888888888,12
2021-11-08,13,0,672,45,11,1,12.0,13.5,14.125,0,0,0.0,1,0,0,0.25,11
2021-11-15,13,0,601,46,11,1,11.0,13.75,13.75,1,0,0.025,0,0,0,0.125,15
2021-11-22,13,0,613,47,11,1,15.0,13.5,13.625,1,0,0.025,0,0,0,0.375,11
2021-11-29,13,0,636,48,11,1,11.0,12.25,13.25,0,0,0.0,0,0,0,0.0,16
2021-12-06,13,0,530,49,12,1,16.0,13.25,13.375,0,0,0.0,1,0,0,0.0,15
2021-12-13,13,0,646,50,12,1,15.0,14.25,14.0,0,0,0.0,0,0,0,0.25,14
2021-12-20,13,0,708,51,12,1,14.0,14.0,13.75,1,0,0.016666666666666666,0,0,0,0.5833333333333334,15
2021-12-27,13,0,738,52,12,1,15.0,15.0,13.625,1,0,0.018181818181818184,0,0,0,0.18181818181818182,14
2022-01-03,13,0,575,1,1,1,14.0,14.5,13.875,1,0,0.014285714285714287,1,0,0,0.07142857142857142,15
2022-01-10,13,0,589,2,1,1,15.0,14.5,14.375,0,0,0.0,0,0,0,0.5,13
2022-01-17,13,0,618,3,1,1,13.0,14.25,14.125,0,0,0.0,0,0,0,0.5555555555555556,11
2022-01-24,13,0,632,4,1,0,11.0,13.25,14.125,0,0,0.0,0,0,0,1.0,14
2022-01-31,13,0,644,5,1,1,14.0,13.25,13.875,0,0,0.0,0,0,0,0.6363636363636364,13
2022-02-07,13,0,661,6,2,1,13.0,12.75,13.625,0,0,0.0,1,0,0,1.0,13
2022-02-14,13,0,730,7,2,1,13.0,12.75,13.5,1,0,0.015384615384615385,0,0,0,0.8461538461538461,15
2022-02-21,13,0,741,8,2,1,15.0,13.75,13.5,0,0,0.0,0,0,0,0.375,12
2022-02-28,13,0,737,9,2,1,12.0,13.25,13.25,1,0,0.04,0,0,0,0.2,12
2022-03-07,13,0,667,10,3,1,12.0,13.0,12.875,0,0,0.0,1,0,0,0.2222222222222222,15
2022-03-14,13,0,670,11,3,1,15.0,13.5,13.125,1,0,0.025,0,0,0,0.5,9
2022-03-21,13,0,694,12,3,1,9.0,12.0,12.875,1,0,0.02,0,0,0,1.0,14
2022-03-28,13,0,643,13,3,1,14.0,12.5,12.875,1,0,0.03333333333333333,0,0,0,0.75,12
2022-04-04,13,0,645,14,4,1,12.0,12.5,12.75,1,0,0.025,1,0,0,0.125,11
2022-04-11,13,0,776,15,4,1,11.0,11.5,12.5,1,0,0.03636363636363637,0,0,0,0.6363636363636364,13
2022-04-18,13,0,868,16,4,1,13.0,12.5,12.25,1,0,0.014285714285714287,0,0,0,1.0,16
2022-04-25,13,0,761,17,4,1,16.0,13.0,12.75,0,0,0.0,0,0,0,1.0,11
2022-05-02,13,0,720,18,5,1,11.0,12.75,12.625,0,0,0.0,1,0,0,0.4,12
2022-05-09,13,0,731,19,5,1,12.0,13.0,12.25,1,0,0.022222222222222223,0,0,0,1.0,16
2022-05-16,13,0,743,20,5,1,16.0,13.75,13.125,1,0,0.06000000000000001,0,0,0,0.6,11
2022-05-23,13,0,999,21,5,1,11.0,12.5,12.75,1,0,0.02,0,0,0,1.0,15
2022-05-30,13,0,810,22,5,1,15.0,13.5,13.125,1,0,0.044444444444444446,0,0,0,1.0,15
2022-06-06,13,0,823,23,6,1,15.0,14.25,13.625,1,0,0.044444444444444446,1,0,0,1.0,14
2022-06-13,13,0,793,24,6,1,14.0,13.75,13.75,0,0,0.0,0,0,0,1.0,14
2022-06-20,13,0,785,25,6,1,14.0,14.5,13.5,0,0,0.0,0,0,0,1.0,11
2022-06-27,13,0,803,26,6,1,11.0,13.5,13.5,1,0,0.03636363636363637,0,0,0,1.0,11
2022-07-04,13,0,853,27,7,1,11.0,12.5,13.375,1,0,0.04615384615384616,1,0,0,1.0,18
2022-07-11,13,0,1185,28,7,1,18.0,13.5,13.625,1,0,0.018181818181818184,0,0,0,1.0,24
2022-07-18,13,0,1067,29,7,1,24.0,16.0,15.25,1,0,0.03636363636363637,0,0,0,0.7272727272727273,27
2022-07-25,13,0,1109,30,7,1,27.0,20.0,16.75,0,0,0.0,0,0,0,0.16666666666666666,13
2022-08-01,13,0,1132,31,8,1,13.0,20.5,16.5,1,0,0.016666666666666666,0,0,0,0.75,22
2022-08-08,13,0,1222,32,8,1,22.0,21.5,17.5,1,0,0.011764705882352941,1,0,0,1.0,29
2022-08-15,13,0,1150,33,8,1,29.0,22.75,19.375,1,0,0.010526315789473684,0,0,0,1.0,30
2022-08-22,13,0,985,34,8,1,30.0,23.5,21.75,1,0,0.022222222222222223,0,0,0,1.0,21
2022-08-29,13,0,740,35,8,1,21.0,25.5,23.0,0,0,0.0,0,0,0,0.5,12
2022-09-05,13,0,778,36,9,1,12.0,23.0,22.25,1,0,0.03636363636363637,1,0,0,0.5454545454545454,13
2022-09-12,13,0,722,37,9,1,13.0,19.0,20.875,1,1,0.038891562613567014,0,0,0,0.375,13
2022-09-19,13,0,662,38,9,1,13.0,14.75,19.125,0,0,0.0,0,0,0,0.6666666666666666,13
2022-09-26,13,0,651,39,9,1,13.0,12.75,19.125,0,0,0.0,0,0,0,0.7272727272727273,13
2022-10-03,13,0,500,40,10,1,13.0,13.0,18.0,1,0,0.018181818181818184,1,0,0,0.45454545454545453,15
2022-10-10,13,0,463,41,10,1,15.0,13.5,16.25,0,0,0.0,0,0,0,0.0,12
2022-10-17,13,0,488,42,10,1,12.0,13.25,14.0,1,0,0.015384615384615385,0,0,0,0.38461538461538464,16
2022-10-24,13,0,497,43,10,1,16.0,14.0,13.375,1,0,0.018181818181818184,0,0,0,0.0,14
2022-10-31,13,0,520,44,10,1,14.0,14.25,13.625,0,0,0.0,0,0,0,0.75,13
2022-11-07,13,0,460,45,11,1,13.0,13.75,13.625,1,0,0.018181818181818184,1,0,0,0.7272727272727273,11
2022-11-14,13,0,451,46,11,1,11.0,13.5,13.375,1,0,0.022222222222222223,0,0,0,0.7777777777777778,15
2022-11-21,13,0,459,47,11,1,15.0,13.25,13.625,1,0,0.025,0,0,0,0.875,8
2022-11-28,13,0,451,48,11,1,8.0,11.75,13.0,1,1,0.08968091843405859,0,0,0,0.625,12
2022-12-05,13,0,411,49,12,1,12.0,11.5,12.625,0,0,0.0,1,0,0,0.0,11
2022-12-12,13,0,469,50,12,1,11.0,11.5,12.5,1,0,0.02,0,0,0,0.5,14
2022-12-19,13,0,479,51,12,1,14.0,11.25,12.25,1,0,0.03636363636363637,0,0,0,0.0,15
2022-12-26,13,0,465,52,12,1,15.0,13.0,12.375,1,0,0.02,0,0,0,0.1,15
2020-12-28,14,0,288,53,12,1,0.0,0.0,0.0,0,0,0.0,0,0,0,0.0,11
2021-01-04,14,0,604,1,1,1,11.0,11.0,11.0,1,0,0.028571428571428574,1,0,0,0.14285714285714285,33
2021-01-11,14,0,625,2,1,1,33.0,22.0,22.0,0,0,0.0,0,0,0,0.09090909090909091,30
2021-01-18,14,0,604,3,1,1,30.0,24.666666666666668,24.666666666666668,1,0,0.011764705882352941,0,0,0,0.35294117647058826,30
2021-01-25,14,0,636,4,1,1,30.0,26.0,26.0,1,0,0.016666666666666666,0,0,0,0.0,32
2021-02-01,14,0,605,5,2,1,32.0,31.25,27.2,0,0,0.0,0,0,0,0.0,31
2021-02-08,14,0,650,6,2,1,31.0,30.75,27.833333333333332,1,0,0.028571428571428574,1,0,0,0.5,34
2021-02-15,14,0,662,7,2,1,34.0,31.75,28.714285714285715,1,0,0.028571428571428574,0,0,0,0.0,34
2021-02-22,14,0,838,8,2,1,34.0,32.75,29.375,1,0,0.016666666666666666,0,0,0,0.5833333333333334,32
2021-03-01,14,0,752,9,3,1,32.0,32.75,32.0,1,0,0.028571428571428574,0,0,0,0.8571428571428571,31
2021-03-08,14,0,726,10,3,1,31.0,32.75,31.75,0,0,0.0,1,0,0,0.75,33
2021-03-15,14,0,680,11,3,1,33.0,32.5,32.125,1,0,0.013333333333333334,0,0,0,0.7333333333333333,33
2021-03-22,14,0,667,12,3,1,33.0,32.25,32.5,1,0,0.011764705882352941,0,0,0,0.5882352941176471,34
2021-03-29,14,0,744,13,3,1,34.0,32.75,32.75,1,0,0.016666666666666666,0,0,0,0.75,29
2021-04-05,14,0,715,14,4,1,29.0,32.25,32.5,1,0,0.03636363636363637,1,0,0,0.45454545454545453,31
2021-04-12,14,0,790,15,4,1,31.0,31.75,32.125,1,0,0.018181818181818184,0,0,0,1.0,28
2021-04-19,14,0,813,16,4,1,28.0,30.5,31.375,1,0,0.04615384615384616,0,0,0,0.9230769230769231,31
2021-04-26,14,0,753,17,4,1,31.0,29.75,31.25,0,0,0.0,0,0,0,0.6666666666666666,33
2021-05-03,14,0,786,18,5,1,33.0,30.75,31.5,0,0,0.0,1,0,0,1.0,31
2021-05-10,14,0,980,19,5,1,31.0,30.75,31.25,1,0,0.013333333333333334,0,0,0,0.8,31
2021-05-17,14,0,598,20,5,1,31.0,31.5,31.0,0,0,0.0,0,0,0,1.0,32
2021-05-24,14,0,786,21,5,1,32.0,31.75,30.75,0,0,0.0,0,0,0,1.0,33
2021-05-31,14,0,759,22,5,1,33.0,31.75,31.25,1,0,0.042857142857142864,0,0,0,0.8571428571428571,36
2021-06-07,14,0,771,23,6,1,36.0,33.0,31.875,1,0,0.03076923076923077,1,0,0,1.0,35
2021-06-14,14,0,803,24,6,1,35.0,34.0,32.75,1,0,0.05714285714285715,0,0,0,1.0,37
2021-06-21,14,0,803,25,6,1,37.0,35.25,33.5,0,0,0.0,0,0,0,1.0,37
2021-06-28,14,0,758,26,6,1,37.0,36.25,34.0,1,0,0.013333333333333334,0,0,0,1.0,34
2021-07-05,14,0,914,27,7,1,34.0,35.75,34.375,1,0,0.03333333333333333,1,0,0,1.0,34
2021-07-12,14,0,1073,28,7,1,34.0,35.5,34.75,1,0,0.05454545454545456,0,0,0,1.0,32
2021-07-19,14,0,1081,29,7,1,32.0,34.25,34.75,0,0,0.0,0,0,0,0.8461538461538461,37
2021-07-26,14,0,1005,30,7,1,37.0,34.25,35.25,1,0,0.04615384615384616,0,0,0,0.9230769230769231,36
2021-08-02,14,0,1139,31,8,1,36.0,34.75,35.25,1,0,0.028571428571428574,1,0,0,1.0,35
2021-08-09,14,0,1204,32,8,1,35.0,35.0,35.25,1,0,0.03333333333333334,0,0,0,1.0,33
2021-08-16,14,0,1094,33,8,1,33.0,35.25,34.75,0,0,0.0,0,0,0,1.0,33
2021-08-23,14,0,1032,34,8,1,33.0,34.25,34.25,1,0,0.011764705882352941,0,0,0,1.0,39
2021-08-30,14,0,862,35,8,1,39.0,35.0,34.875,1,0,0.015384615384615385,0,0,0,1.0,39
2021-09-06,14,0,798,36,9,1,39.0,36.0,35.5,1,0,0.015384615384615385,1,0,0,0.7692307692307693,34
2021-09-13,14,0,796,37,9,1,34.0,36.25,35.75,1,0,0.013333333333333334,0,0,0,1.0,37
2021-09-20,14,0,694,38,9,1,37.0,37.25,35.75,0,0,0.0,0,0,0,0.9090909090909091,34
2021-09-27,14,0,684,39,9,1,34.0,36.0,35.5,1,0,0.025,0,0,0,1.0,35
2021-10-04,14,0,741,40,10,1,35.0,35.0,35.5,1,0,0.04000000000000001,1,0,0,1.0,32
2021-10-11,14,0,645,41,10,1,32.0,34.5,35.375,1,0,0.05454545454545456,0,0,0,0.9090909090909091,30
2021-10-18,14,0,756,42,10,1,30.0,32.75,35.0,1,0,0.018181818181818184,0,0,0,0.36363636363636365,33
2021-10-25,14,0,844,43,10,1,33.0,32.5,34.25,1,0,0.03636363636363637,0,0,0,0.45454545454545453,30
2021-11-01,14,0,775,44,11,1,30.0,31.25,33.125,1,0,0.02,0,0,0,0.9,32
2021-11-08,14,0,672,45,11,1,32.0,31.25,32.875,1,0,0.014285714285714287,1,0,0,0.07142857142857142,31
2021-11-15,14,0,601,46,11,1,31.0,31.5,32.125,1,0,0.044444444444444446,0,0,0,0.1111111111111111,33
2021-11-22,14,0,613,47,11,1,33.0,31.5,32.0,1,0,0.0125,0,0,0,0.375,34
2021-11-29,14,0,636,48,11,1,34.0,32.5,31.875,1,0,0.03076923076923077,0,0,0,0.0,32
2021-12-06,14,0,530,49,12,1,32.0,32.5,31.875,1,0,0.013333333333333334,1,0,0,0.0,30
2021-12-13,14,0,646,50,12,1,30.0,32.25,31.875,1,0,0.03333333333333333,0,0,0,0.16666666666666666,31
2021-12-20,14,0,708,51,12,1,31.0,31.75,31.625,0,0,0.0,0,0,0,0.5833333333333334,36
2021-12-27,14,0,738,52,12,1,36.0,32.25,32.375,0,0,0.0,0,0,0,0.4166666666666667,33
2022-01-03,14,0,575,1,1,1,33.0,32.5,32.5,0,0,0.0,1,0,0,0.10526315789473684,32
2022-01-10,14,0,589,2,1,1,32.0,33.0,32.625,1,0,0.014285714285714287,0,0,0,0.7142857142857143,32
2022-01-17,14,0,618,3,1,1,32.0,33.25,32.5,1,0,0.02666666666666667,0,0,0,0.4666666666666667,33
2022-01-24,14,0,632,4,1,0,33.0,32.5,32.375,1,0,0.02666666666666667,0,0,0,1.0,32
2022-01-31,14,0,644,5,1,1,32.0,32.25,32.375,1,0,0.015384615384615385,0,0,0,0.7692307692307693,36
2022-02-07,14,0,661,6,2,1,36.0,33.25,33.125,1,0,0.02666666666666667,1,0,0,1.0,32
2022-02-14,14,0,730,7,2,1,32.0,33.25,33.25,1,0,0.03333333333333334,0,0,0,0.8888888888888888,32
2022-02-21,14,0,741,8,2,1,32.0,33.0,32.75,1,0,0.037500000000000006,0,0,0,0.375,31
2022-02-28,14,0,737,9,2,1,31.0,32.75,32.5,0,0,0.0,0,0,0,0.35294117647058826,34
2022-03-07,14,0,667,10,3,1,34.0,32.25,32.75,1,0,0.015384615384615385,1,0,0,0.3076923076923077,29
2022-03-14,14,0,670,11,3,1,29.0,31.5,32.375,1,0,0.04,0,0,0,0.55,32
2022-03-21,14,0,694,12,3,1,32.0,31.5,32.25,1,0,0.02666666666666667,0,0,0,1.0,31
2022-03-28,14,0,643,13,3,1,31.0,31.5,32.125,1,0,0.014285714285714287,0,0,0,0.7857142857142857,32
2022-04-04,14,0,645,14,4,1,32.0,31.0,31.625,1,0,0.015384615384615385,1,0,0,0.07692307692307693,30
2022-04-11,14,0,776,15,4,1,30.0,31.25,31.375,0,0,0.0,0,0,0,0.5833333333333334,34
2022-04-18,14,0,868,16,4,1,34.0,31.75,31.625,1,0,0.02666666666666667,0,0,0,1.0,30
2022-04-25,14,0,761,17,4,1,30.0,31.5,31.5,1,0,0.018181818181818184,0,0,0,1.0,30
2022-05-02,14,0,720,18,5,1,30.0,31.0,31.0,1,0,0.025,1,0,0,0.375,33
2022-05-09,14,0,731,19,5,1,33.0,31.75,31.5,1,0,0.013333333333333334,0,0,0,1.0,33
2022-05-16,14,0,743,20,5,1,33.0,31.5,31.625,1,0,0.03076923076923077,0,0,0,0.5384615384615384,31
2022-05-23,14,0,999,21,5,1,31.0,31.75,31.625,0,0,0.0,0,0,0,1.0,32
2022-05-30,14,0,810,22,5,1,32.0,32.25,31.625,1,0,0.025,0,0,0,1.0,34
2022-06-06,14,0,823,23,6,1,34.0,32.5,32.125,1,0,0.015384615384615385,1,0,0,1.0,35
2022-06-13,14,0,793,24,6,1,35.0,33.0,32.25,1,0,0.025,0,0,0,1.0,36
2022-06-20,14,0,785,25,6,1,36.0,34.25,33.0,1,0,0.05714285714285715,0,0,0,1.0,37
2022-06-27,14,0,803,26,6,1,37.0,35.5,33.875,1,0,0.018181818181818184,0,0,0,1.0,33
2022-07-04,14,0,853,27,7,1,33.0,35.25,33.875,1,0,0.013333333333333334,1,0,0,1.0,34
2022-07-11,14,0,1185,28,7,1,34.0,35.0,34.0,1,0,0.042857142857142864,0,0,0,1.0,35
2022-07-18,14,0,1067,29,7,1,35.0,34.75,34.5,1,0,0.011764705882352941,0,0,0,0.5882352941176471,36
2022-07-25,14,0,1109,30,7,1,36.0,34.5,35.0,1,0,0.028571428571428574,0,0,0,0.14285714285714285,37
2022-08-01,14,0,1132,31,8,1,37.0,35.5,35.375,1,0,0.013333333333333334,0,0,0,0.9333333333333333,37
2022-08-08,14,0,1222,32,8,1,37.0,36.25,35.625,1,0,0.014285714285714287,1,0,0,1.0,35
2022-08-15,14,0,1150,33,8,1,35.0,36.25,35.5,1,0,0.016666666666666666,0,0,0,1.0,36
2022-08-22,14,0,985,34,8,1,36.0,36.25,35.375,0,0,0.0,0,0,0,1.0,38
2022-08-29,14,0,740,35,8,1,38.0,36.5,36.0,0,0,0.0,0,0,0,0.5555555555555556,36
2022-09-05,14,0,778,36,9,1,36.0,36.25,36.25,0,0,0.0,1,0,0,0.5,35
2022-09-12,14,0,722,37,9,1,35.0,36.25,36.25,1,0,0.03636363636363637,0,0,0,0.5454545454545454,35
2022-09-19,14,0,662,38,9,1,35.0,36.0,36.125,1,0,0.016666666666666666,0,0,0,0.75,36
2022-09-26,14,0,651,39,9,1,36.0,35.5,36.0,1,0,0.02666666666666667,0,0,0,0.8,33
2022-10-03,14,0,500,40,10,1,33.0,34.75,35.5,0,0,0.0,1,0,0,0.4166666666666667,33
2022-10-10,14,0,463,41,10,1,33.0,34.25,35.25,1,0,0.025,0,0,0,0.0,32
2022-10-17,14,0,488,42,10,1,32.0,33.5,34.75,1,0,0.023529411764705882,0,0,0,0.35294117647058826,32
2022-10-24,14,0,497,43,10,1,32.0,32.5,34.0,1,0,0.015384615384615385,0,0,0,0.0,36
2022-10-31,14,0,520,44,10,1,36.0,33.25,34.0,1,0,0.0125,0,0,0,0.625,33
2022-11-07,14,0,460,45,11,1,33.0,33.25,33.75,1,0,0.03529411764705883,1,0,0,0.9411764705882353,31
2022-11-14,14,0,451,46,11,1,31.0,33.0,33.25,1,0,0.015384615384615385,0,0,0,0.6923076923076923,33
2022-11-21,14,0,459,47,11,1,33.0,33.25,32.875,1,0,0.05,0,0,0,0.9375,30
2022-11-28,14,0,451,48,11,1,30.0,31.75,32.5,1,0,0.03636363636363637,0,0,0,0.8181818181818182,29
2022-12-05,14,0,411,49,12,1,29.0,30.75,32.0,1,0,0.0125,1,0,0,0.0,30
2022-12-12,14,0,469,50,12,1,30.0,30.5,31.75,1,0,0.03076923076923077,0,0,0,0.5384615384615384,30
2022-12-19,14,0,479,51,12,1,30.0,29.75,31.5,1,0,0.04,0,0,0,0.0,33
2022-12-26,14,0,465,52,12,1,33.0,30.5,31.125,1,0,0.015384615384615385,0,0,0,0.23076923076923078,35
2020-12-28,15,0,288,53,12,1,0.0,0.0,0.0,0,0,0.0,0,0,0,0.0,11
2021-01-04,15,0,604,1,1,1,11.0,11.0,11.0,1,0,0.042857142857142864,1,0,0,0.21428571428571427,26
2021-01-11,15,0,625,2,1,1,26.0,18.5,18.5,0,0,0.0,0,0,0,0.125,36
2021-01-18,15,0,604,3,1,1,36.0,24.333333333333332,24.333333333333332,0,0,0.0,0,0,0,0.2631578947368421,33
2021-01-25,15,0,636,4,1,1,33.0,26.5,26.5,0,0,0.0,0,0,0,0.0,26
2021-02-01,15,0,605,5,2,1,26.0,30.25,26.4,1,0,0.037500000000000006,0,0,0,0.0,24
2021-02-08,15,0,650,6,2,1,24.0,29.75,26.0,1,0,0.022222222222222223,1,0,0,0.3333333333333333,21
2021-02-15,15,0,662,7,2,1,21.0,26.0,25.285714285714285,0,0,0.0,0,0,0,0.0,28
2021-02-22,15,0,838,8,2,1,28.0,24.75,25.625,1,0,0.030000000000000006,0,0,0,0.6,38
2021-03-01,15,0,752,9,3,1,38.0,27.75,29.0,1,0,0.022222222222222223,0,0,0,0.7222222222222222,35
2021-03-08,15,0,726,10,3,1,35.0,30.5,30.125,1,0,0.042105263157894736,1,0,0,0.7894736842105263,32
2021-03-15,15,0,680,11,3,1,32.0,33.25,29.625,1,0,0.025,0,0,0,0.625,30
2021-03-22,15,0,667,12,3,1,30.0,33.75,29.25,1,0,0.023529411764705882,0,0,0,0.5882352941176471,33
2021-03-29,15,0,744,13,3,1,33.0,32.5,30.125,0,0,0.0,0,0,0,0.8666666666666667,28
2021-04-05,15,0,715,14,4,1,28.0,30.75,30.625,1,0,0.011764705882352941,1,0,0,0.35294117647058826,28
2021-04-12,15,0,790,15,4,1,28.0,29.75,31.5,1,0,0.028571428571428574,0,0,0,1.0,50
2021-04-19,15,0,813,16,4,1,50.0,34.75,34.25,1,0,0.018181818181818184,0,0,0,0.8636363636363636,39
2021-04-26,15,0,753,17,4,1,39.0,36.25,34.375,1,0,0.008,0,0,0,0.72,47
2021-05-03,15,0,786,18,5,1,47.0,41.0,35.875,0,0,0.0,1,0,0,1.0,45
2021-05-10,15,0,980,19,5,1,45.0,45.25,37.5,1,0,0.017391304347826087,0,0,0,0.8260869565217391,44
2021-05-17,15,0,598,20,5,1,44.0,43.75,39.25,0,0,0.0,0,0,0,1.0,29
2021-05-24,15,0,786,21,5,1,29.0,41.25,38.75,1,0,0.024000000000000004,0,0,0,1.0,48
2021-05-31,15,0,759,22,5,1,48.0,41.5,41.25,0,0,0.0,0,0,0,0.6,36
2021-06-07,15,0,771,23,6,1,36.0,39.25,42.25,0,0,0.0,1,0,0,1.0,39
2021-06-14,15,0,803,24,6,1,39.0,38.0,40.875,1,0,0.041666666666666664,0,0,0,1.0,52
2021-06-21,15,0,803,25,6,1,52.0,43.75,42.5,1,0,0.0058823529411764705,0,0,0,1.0,58
2021-06-28,15,0,758,26,6,1,58.0,46.25,43.875,1,0,0.011764705882352941,0,0,0,1.0,32
2021-07-05,15,0,914,27,7,1,32.0,45.25,42.25,1,0,0.022222222222222223,1,0,0,1.0,55
2021-07-12,15,0,1073,28,7,1,55.0,49.25,43.625,1,0,0.018750000000000003,0,0,0,1.0,56
2021-07-19,15,0,1081,29,7,1,56.0,50.25,47.0,1,0,0.011428571428571429,0,0,0,0.8285714285714286,63
2021-07-26,15,0,1005,30,7,1,63.0,51.5,48.875,1,0,0.025806451612903226,0,0,0,0.8064516129032258,61
2021-08-02,15,0,1139,31,8,1,61.0,58.75,52.0,1,0,0.011428571428571429,1,0,0,1.0,79
2021-08-09,15,0,1204,32,8,1,79.0,64.75,57.0,1,0,0.00425531914893617,0,0,0,1.0,119
2021-08-16,15,0,1094,33,8,1,119.0,80.5,65.375,1,0,0.018604651162790697,0,0,0,1.0,80
2021-08-23,15,0,1032,34,8,1,80.0,84.75,68.125,1,0,0.023809523809523808,0,0,0,1.0,85
2021-08-30,15,0,862,35,8,1,85.0,90.75,74.75,1,0,0.009523809523809525,0,0,0,1.0,47
2021-09-06,15,0,798,36,9,1,47.0,82.75,73.75,1,0,0.02666666666666667,1,0,0,0.8,25
2021-09-13,15,0,796,37,9,1,25.0,59.25,69.875,1,0,0.021428571428571432,0,0,0,1.0,46
2021-09-20,15,0,694,38,9,1,46.0,50.75,67.75,1,0,0.042105263157894736,0,0,0,0.7894736842105263,31
2021-09-27,15,0,684,39,9,1,31.0,37.25,64.0,1,1,0.04547904464165549,0,0,0,1.0,33
2021-10-04,15,0,741,40,10,1,33.0,33.75,58.25,1,0,0.032,1,0,0,1.0,48
2021-10-11,15,0,645,41,10,1,48.0,39.5,49.375,1,0,0.016666666666666666,0,0,0,0.9166666666666666,23
2021-10-18,15,0,756,42,10,1,23.0,33.75,42.25,1,0,0.023529411764705882,0,0,0,0.35294117647058826,38
2021-10-25,15,0,844,43,10,1,38.0,35.5,36.375,1,0,0.009090909090909092,0,0,0,0.4090909090909091,55
2021-11-01,15,0,775,44,11,1,55.0,41.0,37.375,0,0,0.0,0,0,0,0.8,27
2021-11-08,15,0,672,45,11,1,27.0,35.75,37.625,0,0,0.0,1,0,0,0.15,32
2021-11-15,15,0,601,46,11,1,32.0,38.0,35.875,1,0,0.014285714285714287,0,0,0,0.07142857142857142,23
2021-11-22,15,0,613,47,11,1,23.0,34.25,34.875,1,0,0.0125,0,0,0,0.3125,24
2021-11-29,15,0,636,48,11,1,24.0,26.5,33.75,1,0,0.037500000000000006,0,0,0,0.0,38
2021-12-06,15,0,530,49,12,1,38.0,29.25,32.5,0,0,0.0,1,0,0,0.0,26
2021-12-13,15,0,646,50,12,1,26.0,27.75,32.875,0,0,0.0,0,0,0,0.2777777777777778,28
2021-12-20,15,0,708,51,12,1,28.0,29.0,31.625,1,0,0.025000000000000005,0,0,0,0.6666666666666666,54
2021-12-27,15,0,738,52,12,1,54.0,36.5,31.5,1,0,0.011764705882352941,0,0,0,0.17647058823529413,34
2022-01-03,15,0,575,1,1,1,34.0,35.5,32.375,1,0,0.028571428571428574,1,0,0,0.09523809523809523,38
2022-01-10,15,0,589,2,1,1,38.0,38.5,33.125,0,0,0.0,0,0,0,0.75,29
2022-01-17,15,0,618,3,1,1,29.0,38.75,33.875,1,1,0.06388666919274451,0,0,0,0.5,30
2022-01-24,15,0,632,4,1,0,30.0,32.75,34.625,1,0,0.02,0,0,0,1.0,27
2022-01-31,15,0,644,5,1,1,27.0,31.0,33.25,1,0,0.03157894736842106,0,0,0,0.5263157894736842,36
2022-02-07,15,0,661,6,2,1,36.0,30.5,34.5,1,0,0.023529411764705882,1,0,0,1.0,34
2022-02-14,15,0,730,7,2,1,34.0,31.75,35.25,1,0,0.011111111111111112,0,0,0,0.8333333333333334,51
2022-02-21,15,0,741,8,2,1,51.0,37.0,34.875,1,1,0.026876165589402746,0,0,0,0.25,40
2022-02-28,15,0,737,9,2,1,40.0,40.25,35.625,1,0,0.04,0,0,0,0.25,36
2022-03-07,15,0,667,10,3,1,36.0,40.25,35.375,1,0,0.03333333333333334,1,0,0,0.3333333333333333,33
2022-03-14,15,0,670,11,3,1,33.0,40.0,35.875,1,0,0.017391304347826087,0,0,0,0.5652173913043478,32
2022-03-21,15,0,694,12,3,1,32.0,35.25,36.125,1,0,0.04615384615384616,0,0,0,1.0,24
2022-03-28,15,0,643,13,3,1,24.0,31.25,35.75,0,0,0.0,0,0,0,0.9333333333333333,27
2022-04-04,15,0,645,14,4,1,27.0,29.0,34.625,0,0,0.0,1,0,0,0.07692307692307693,19
2022-04-11,15,0,776,15,4,1,19.0,25.5,32.75,1,0,0.022222222222222223,0,0,0,0.5555555555555556,36
2022-04-18,15,0,868,16,4,1,36.0,26.5,30.875,1,0,0.007407407407407408,0,0,0,1.0,61
2022-04-25,15,0,761,17,4,1,61.0,35.75,33.5,0,0,0.0,0,0,0,1.0,36
2022-05-02,15,0,720,18,5,1,36.0,38.0,33.5,1,0,0.025,1,0,0,0.5625,34
2022-05-09,15,0,731,19,5,1,34.0,41.75,33.625,1,0,0.0125,0,0,0,1.0,33
2022-05-16,15,0,743,20,5,1,33.0,41.0,33.75,1,0,0.03333333333333334,0,0,0,0.6111111111111112,39
2022-05-23,15,0,999,21,5,1,39.0,35.5,35.625,1,0,0.019354838709677424,0,0,0,1.0,47
2022-05-30,15,0,810,22,5,1,47.0,38.25,38.125,1,0,0.028571428571428574,0,0,0,1.0,31
2022-06-06,15,0,823,23,6,1,31.0,37.5,39.625,1,0,0.025000000000000005,1,0,0,1.0,41
2022-06-13,15,0,793,24,6,1,41.0,39.5,40.25,0,0,0.0,0,0,0,1.0,36
2022-06-20,15,0,785,25,6,1,36.0,38.75,37.125,1,0,0.01904761904761905,0,0,0,1.0,32
2022-06-27,15,0,803,26,6,1,32.0,35.0,36.625,1,0,0.02307692307692308,0,0,0,1.0,41
2022-07-04,15,0,853,27,7,1,41.0,37.5,37.5,1,0,0.007407407407407408,1,0,0,1.0,50
2022-07-11,15,0,1185,28,7,1,50.0,39.75,39.625,0,0,0.0,0,0,0,1.0,85
2022-07-18,15,0,1067,29,7,1,85.0,52.0,45.375,1,0,0.014285714285714287,0,0,0,0.5714285714285714,98
2022-07-25,15,0,1109,30,7,1,98.0,68.5,51.75,1,0,0.018181818181818184,0,0,0,0.12121212121212122,58
2022-08-01,15,0,1132,31,8,1,58.0,72.75,55.125,1,0,0.009302325581395349,0,0,0,0.8372093023255814,66
2022-08-08,15,0,1222,32,8,1,66.0,76.75,58.25,1,0,0.01509433962264151,1,0,0,1.0,110
2022-08-15,15,0,1150,33,8,1,110.0,83.0,67.5,1,0,0.01568627450980392,0,0,0,1.0,116
2022-08-22,15,0,985,34,8,1,116.0,87.5,78.0,1,0,0.025,0,0,0,1.0,79
2022-08-29,15,0,740,35,8,1,79.0,92.75,82.75,1,0,0.006896551724137932,0,0,0,0.4827586206896552,52
2022-09-05,15,0,778,36,9,1,52.0,89.25,83.0,1,0,0.01904761904761905,1,0,0,0.5238095238095238,34
2022-09-12,15,0,722,37,9,1,34.0,70.25,76.625,1,0,0.042857142857142864,0,0,0,0.35714285714285715,19
2022-09-19,15,0,662,38,9,1,19.0,46.0,66.75,1,0,0.028571428571428574,0,0,0,0.6428571428571429,28
2022-09-26,15,0,651,39,9,1,28.0,33.25,63.0,0,0,0.0,0,0,0,0.8333333333333334,31
2022-10-03,15,0,500,40,10,1,31.0,28.0,58.625,1,0,0.015384615384615385,1,0,0,0.46153846153846156,51
2022-10-10,15,0,463,41,10,1,51.0,32.25,51.25,0,0,0.0,0,0,0,0.0,21
2022-10-17,15,0,488,42,10,1,21.0,32.75,39.375,0,0,0.0,0,0,0,0.375,40
2022-10-24,15,0,497,43,10,1,40.0,35.75,34.5,1,0,0.03333333333333333,0,0,0,0.0,51
2022-10-31,15,0,520,44,10,1,51.0,40.75,34.375,1,0,0.02,0,0,0,0.6,29
2022-11-07,15,0,460,45,11,1,29.0,35.25,33.75,1,0,0.018181818181818184,1,0,0,0.7272727272727273,27
2022-11-14,15,0,451,46,11,1,27.0,36.75,34.75,1,0,0.016666666666666666,0,0,0,0.5833333333333334,24
2022-11-21,15,0,459,47,11,1,24.0,32.75,34.25,0,0,0.0,0,0,0,0.9,20
2022-11-28,15,0,451,48,11,1,20.0,25.0,32.875,1,0,0.018181818181818184,0,0,0,0.5454545454545454,38
2022-12-05,15,0,411,49,12,1,38.0,27.25,31.25,0,0,0.0,1,0,0,0.0,25
2022-12-12,15,0,469,50,12,1,25.0,26.75,31.75,1,0,0.0625,0,0,0,0.5,30
2022-12-19,15,0,479,51,12,1,30.0,28.25,30.5,1,0,0.04615384615384616,0,0,0,0.0,41
2022-12-26,15,0,465,52,12,1,41.0,33.5,29.25,0,0,0.0,0,0,0,0.09090909090909091,38
2020-12-28,16,0,288,53,12,1,0.0,0.0,0.0,1,0,0.06666666666666667,0,0,0,0.0,3
2021-01-04,16,0,604,1,1,1,3.0,3.0,3.0,0,0,0.0,1,0,0,0.16666666666666666,6
2021-01-11,16,0,625,2,1,1,6.0,4.5,4.5,0,0,0.0,0,0,0,0.2,5
2021-01-18,16,0,604,3,1,1,5.0,4.666666666666667,4.666666666666667,0,0,0.0,0,0,0,0.4,5
2021-01-25,16,0,636,4,1,1,5.0,4.75,4.75,0,0,0.0,0,0,0,0.0,6
2021-02-01,16,0,605,5,2,1,6.0,5.5,5.0,1,0,0.05,0,0,0,0.0,4
2021-02-08,16,0,650,6,2,1,4.0,5.0,4.833333333333333,1,0,0.03333333333333333,1,0,0,0.5,6
2021-02-15,16,0,662,7,2,1,6.0,5.25,5.0,0,0,0.0,0,0,0,0.0,4
2021-02-22,16,0,838,8,2,1,4.0,5.0,4.875,1,0,0.03333333333333333,0,0,0,0.5,6
2021-03-01,16,0,752,9,3,1,6.0,5.0,5.25,0,0,0.0,0,0,0,0.8333333333333334,6
2021-03-08,16,0,726,10,3,1,6.0,5.5,5.25,1,0,0.05714285714285715,1,0,0,0.7142857142857143,7
2021-03-15,16,0,680,11,3,1,7.0,5.75,5.5,0,0,0.0,0,0,0,0.8,5
2021-03-22,16,0,667,12,3,1,5.0,6.0,5.5,1,0,0.10000000000000002,0,0,0,0.6666666666666666,6
2021-03-29,16,0,744,13,3,1,6.0,6.0,5.5,0,0,0.0,0,0,0,0.8333333333333334,6
2021-04-05,16,0,715,14,4,1,6.0,6.0,5.75,0,0,0.0,1,0,0,0.42857142857142855,7
2021-04-12,16,0,790,15,4,1,7.0,6.0,5.875,1,0,0.028571428571428574,0,0,0,1.0,7
2021-04-19,16,0,813,16,4,1,7.0,6.5,6.25,0,0,0.0,0,0,0,0.8571428571428571,7
2021-04-26,16,0,753,17,4,1,7.0,6.75,6.375,0,0,0.0,0,0,0,0.7142857142857143,7
2021-05-03,16,0,786,18,5,1,7.0,7.0,6.5,1,0,0.028571428571428574,1,0,0,1.0,8
2021-05-10,16,0,980,19,5,1,8.0,7.25,6.625,0,0,0.0,0,0,0,0.8333333333333334,6
2021-05-17,16,0,598,20,5,1,6.0,7.0,6.75,1,0,0.03333333333333333,0,0,0,1.0,6
2021-05-24,16,0,786,21,5,1,6.0,6.75,6.75,1,0,0.03333333333333333,0,0,0,1.0,6
2021-05-31,16,0,759,22,5,1,6.0,6.5,6.75,0,0,0.0,0,0,0,0.7142857142857143,7
2021-06-07,16,0,771,23,6,1,7.0,6.25,6.75,0,0,0.0,1,0,0,1.0,5
2021-06-14,16,0,803,24,6,1,5.0,6.0,6.5,1,0,0.028571428571428574,0,0,0,1.0,7
2021-06-21,16,0,803,25,6,1,7.0,6.25,6.5,1,0,0.03333333333333333,0,0,0,1.0,6
2021-06-28,16,0,758,26,6,1,6.0,6.25,6.375,1,0,0.08,0,0,0,1.0,5
2021-07-05,16,0,914,27,7,1,5.0,5.75,6.0,0,0,0.0,1,0,0,1.0,7
2021-07-12,16,0,1073,28,7,1,7.0,6.25,6.125,0,0,0.0,0,0,0,1.0,7
2021-07-19,16,0,1081,29,7,1,7.0,6.25,6.25,1,0,0.028571428571428574,0,0,0,0.8571428571428571,7
2021-07-26,16,0,1005,30,7,1,7.0,6.5,6.375,0,1,0.035579843496532856,0,0,0,0.8,5
2021-08-02,16,0,1139,31,8,1,5.0,6.5,6.125,0,0,0.0,1,0,0,1.0,6
2021-08-09,16,0,1204,32,8,1,6.0,6.25,6.25,0,0,0.0,0,0,0,1.0,6
2021-08-16,16,0,1094,33,8,1,6.0,6.0,6.125,0,0,0.0,0,0,0,1.0,7
2021-08-23,16,0,1032,34,8,1,7.0,6.0,6.25,0,0,0.0,0,0,0,1.0,5
2021-08-30,16,0,862,35,8,1,5.0,6.0,6.25,1,0,0.03333333333333333,0,0,0,1.0,6
2021-09-06,16,0,798,36,9,1,6.0,6.0,6.125,0,0,0.0,1,0,0,0.8571428571428571,7
2021-09-13,16,0,796,37,9,1,7.0,6.25,6.125,1,0,0.03333333333333333,0,0,0,1.0,6
2021-09-20,16,0,694,38,9,1,6.0,6.0,6.0,1,0,0.03333333333333333,0,0,0,0.8333333333333334,6
2021-09-27,16,0,684,39,9,1,6.0,6.25,6.125,0,0,0.0,0,0,0,1.0,4
2021-10-04,16,0,741,40,10,1,4.0,5.75,5.875,1,0,0.028571428571428574,1,0,0,1.0,7
2021-10-11,16,0,645,41,10,1,7.0,5.75,6.0,1,0,0.03333333333333333,0,0,0,0.8333333333333334,6
2021-10-18,16,0,756,42,10,1,6.0,5.75,5.875,0,0,0.0,0,0,0,0.2857142857142857,7
2021-10-25,16,0,844,43,10,1,7.0,6.0,6.125,0,0,0.0,0,0,0,0.42857142857142855,7
2021-11-01,16,0,775,44,11,1,7.0,6.75,6.25,0,0,0.0,0,0,0,0.875,13
2021-11-08,16,0,672,45,11,1,13.0,8.25,7.0,0,0,0.0,1,0,0,0.2,5
2021-11-15,16,0,601,46,11,1,5.0,8.0,6.875,1,0,0.05714285714285715,0,0,0,0.14285714285714285,7
2021-11-22,16,0,613,47,11,1,7.0,8.0,7.0,0,0,0.0,0,0,0,0.16666666666666666,6
2021-11-29,16,0,636,48,11,1,6.0,7.75,7.25,0,0,0.0,0,0,0,0.0,6
2021-12-06,16,0,530,49,12,1,6.0,6.0,7.125,0,0,0.0,0,0,0,0.0,5
2021-12-13,16,0,646,50,12,1,5.0,6.0,7.0,0,1,0.019082201778200133,0,0,0,0.16666666666666666,6
2021-12-20,16,0,708,51,12,1,6.0,5.75,6.875,0,0,0.0,0,0,0,0.6666666666666666,6
2021-12-27,16,0,738,52,12,1,6.0,5.75,6.75,0,0,0.0,0,0,0,0.375,8
2022-01-03,16,0,575,1,1,1,8.0,6.25,6.125,0,0,0.0,1,0,0,0.0,6
2022-01-10,16,0,589,2,1,1,6.0,6.5,6.25,1,0,0.03333333333333333,0,0,0,0.5,6
2022-01-17,16,0,618,3,1,1,6.0,6.5,6.125,1,0,0.028571428571428574,0,0,0,0.42857142857142855,7
2022-01-24,16,0,632,4,1,0,7.0,6.75,6.25,1,0,0.04,0,0,0,1.0,5
2022-01-31,16,0,644,5,1,1,5.0,6.0,6.125,0,0,0.0,0,0,0,0.7142857142857143,7
2022-02-07,16,0,661,6,2,1,7.0,6.25,6.375,0,0,0.0,1,0,0,1.0,6
2022-02-14,16,0,730,7,2,1,6.0,6.25,6.375,1,0,0.06000000000000001,0,0,0,0.9,14
2022-02-21,16,0,741,8,2,1,14.0,8.0,7.375,1,1,0.04361557987196852,0,0,0,0.2,5
2022-02-28,16,0,737,9,2,1,5.0,8.0,7.0,0,0,0.0,0,0,0,0.2857142857142857,7
2022-03-07,16,0,667,10,3,1,7.0,8.0,7.125,1,0,0.03333333333333333,1,0,0,0.3333333333333333,6
2022-03-14,16,0,670,11,3,1,6.0,8.0,7.125,0,0,0.0,0,0,0,0.5714285714285714,7
2022-03-21,16,0,694,12,3,1,7.0,6.25,7.125,0,0,0.0,0,0,0,1.0,4
2022-03-28,16,0,643,13,3,1,4.0,6.0,7.0,0,0,0.0,0,0,0,0.8571428571428571,7
2022-04-04,16,0,645,14,4,1,7.0,6.0,7.0,0,0,0.0,1,0,0,0.0,4
2022-04-11,16,0,776,15,4,1,4.0,5.5,6.75,1,0,0.028571428571428574,0,0,0,0.5714285714285714,7
2022-04-18,16,0,868,16,4,1,7.0,5.5,5.875,0,0,0.0,0,0,0,1.0,7
2022-04-25,16,0,761,17,4,1,7.0,6.25,6.125,1,0,0.06666666666666667,0,0,0,1.0,6
2022-05-02,16,0,720,18,5,1,6.0,6.0,6.0,0,0,0.0,1,0,0,0.4,5
2022-05-09,16,0,731,19,5,1,5.0,6.25,5.875,0,0,0.0,0,0,0,1.0,7
2022-05-16,16,0,743,20,5,1,7.0,6.25,5.875,0,0,0.0,0,0,0,0.5714285714285714,7
2022-05-23,16,0,999,21,5,1,7.0,6.25,6.25,0,0,0.0,0,0,0,1.0,9
2022-05-30,16,0,810,22,5,1,9.0,7.0,6.5,0,0,0.0,0,0,0,1.0,5
2022-06-06,16,0,823,23,6,1,5.0,7.0,6.625,1,1,0.07217288764858976,1,0,0,1.0,6
2022-06-13,16,0,793,24,6,1,6.0,6.75,6.5,1,0,0.03333333333333333,0,0,0,1.0,6
2022-06-20,16,0,785,25,6,1,6.0,6.5,6.375,0,0,0.0,0,0,0,1.0,6
2022-06-27,16,0,803,26,6,1,6.0,5.75,6.375,0,0,0.0,0,0,0,1.0,5
2022-07-04,16,0,853,27,7,1,5.0,5.75,6.375,1,0,0.08571428571428573,1,0,0,1.0,7
2022-07-11,16,0,1185,28,7,1,7.0,6.0,6.375,1,0,0.028571428571428574,0,0,0,1.0,8
2022-07-18,16,0,1067,29,7,1,8.0,6.5,6.5,0,0,0.0,0,0,0,0.5,18
2022-07-25,16,0,1109,30,7,1,18.0,9.5,7.625,1,0,0.05714285714285715,0,0,0,0.14285714285714285,7
2022-08-01,16,0,1132,31,8,1,7.0,10.0,7.875,0,0,0.0,0,0,0,0.75,9
2022-08-08,16,0,1222,32,8,1,9.0,10.5,8.25,1,0,0.06666666666666667,1,0,0,1.0,6
2022-08-15,16,0,1150,33,8,1,6.0,10.0,8.25,0,0,0.0,0,0,0,1.0,7
2022-08-22,16,0,985,34,8,1,7.0,7.25,8.375,0,0,0.0,0,0,0,1.0,7
2022-08-29,16,0,740,35,8,1,7.0,7.25,8.625,0,0,0.0,0,0,0,0.5,6
2022-09-05,16,0,778,36,9,1,6.0,6.5,8.5,0,0,0.0,1,0,0,0.5714285714285714,7
2022-09-12,16,0,722,37,9,1,7.0,6.75,8.375,0,0,0.0,0,0,0,0.6,5
2022-09-19,16,0,662,38,9,1,5.0,6.25,6.75,0,0,0.0,0,0,0,0.8333333333333334,6
2022-09-26,16,0,651,39,9,1,6.0,6.0,6.625,0,0,0.0,0,0,0,0.6666666666666666,6
2022-10-03,16,0,500,40,10,1,6.0,6.0,6.25,1,0,0.03333333333333333,1,0,0,0.3333333333333333,6
2022-10-10,16,0,463,41,10,1,6.0,5.75,6.25,1,0,0.10000000000000002,0,0,0,0.0,6
2022-10-17,16,0,488,42,10,1,6.0,6.0,6.125,1,0,0.05714285714285715,0,0,0,0.42857142857142855,7
2022-10-24,16,0,497,43,10,1,7.0,6.25,6.125,0,0,0.0,0,0,0,0.0,6
2022-10-31,16,0,520,44,10,1,6.0,6.25,6.125,1,0,0.06000000000000001,0,0,0,0.8,13
2022-11-07,16,0,460,45,11,1,13.0,8.0,6.875,0,0,0.0,1,0,0,0.8571428571428571,7
2022-11-14,16,0,451,46,11,1,7.0,8.25,7.125,0,1,0.0346080147300149,0,0,0,0.5,4
2022-11-21,16,0,459,47,11,1,4.0,7.5,6.875,1,0,0.06666666666666667,0,0,0,1.0,6
2022-11-28,16,0,451,48,11,1,6.0,7.5,6.875,1,0,0.028571428571428574,0,0,0,0.7142857142857143,7
2022-12-05,16,0,411,49,12,1,7.0,6.0,7.0,1,0,0.028571428571428574,1,0,0,0.0,7
2022-12-12,16,0,469,50,12,1,7.0,6.0,7.125,1,0,0.03333333333333333,0,0,0,0.5,6
2022-12-19,16,0,479,51,12,1,6.0,6.5,7.0,1,0,0.04,0,0,0,0.0,5
2022-12-26,16,0,465,52,12,1,5.0,6.25,6.875,0,0,0.0,0,0,0,0.14285714285714285,8
2020-12-28,17,0,288,53,12,1,0.0,0.0,0.0,0,0,0.0,0,0,0,0.0,22
2021-01-04,17,0,604,1,1,1,22.0,22.0,22.0,1,0,0.05000000000000001,1,0,0,0.25,26
2021-01-11,17,0,625,2,1,1,26.0,24.0,24.0,0,0,0.0,0,0,0,0.05263157894736842,28
2021-01-18,17,0,604,3,1,1,28.0,25.333333333333332,25.333333333333332,1,0,0.03076923076923077,0,0,0,0.38461538461538464,21
2021-01-25,17,0,636,4,1,1,21.0,24.25,24.25,0,0,0.0,0,0,0,0.0,34
2021-02-01,17,0,605,5,2,1,34.0,27.25,26.2,1,0,0.03333333333333333,0,0,0,0.0,26
2021-02-08,17,0,650,6,2,1,26.0,27.25,26.166666666666668,1,1,0.037821469790799395,1,0,0,0.4,33
2021-02-15,17,0,662,7,2,1,33.0,28.5,27.142857142857142,1,0,0.03333333333333333,0,0,0,0.0,35
2021-02-22,17,0,838,8,2,1,35.0,32.0,28.125,1,0,0.05263157894736842,0,0,0,0.6842105263157895,68
2021-03-01,17,0,752,9,3,1,68.0,40.5,33.875,0,0,0.0,0,0,0,0.8333333333333334,38
2021-03-08,17,0,726,10,3,1,38.0,43.5,35.375,1,0,0.03076923076923077,1,0,0,0.6153846153846154,46
2021-03-15,17,0,680,11,3,1,46.0,46.75,37.625,1,0,0.011764705882352941,0,0,0,0.7058823529411765,37
2021-03-22,17,0,667,12,3,1,37.0,47.25,39.625,1,0,0.011111111111111112,0,0,0,0.5555555555555556,36
2021-03-29,17,0,744,13,3,1,36.0,39.25,39.875,0,0,0.0,0,0,0,0.9333333333333333,44
2021-04-05,17,0,715,14,4,1,44.0,40.75,42.125,1,0,0.018181818181818184,1,0,0,0.5454545454545454,37
2021-04-12,17,0,790,15,4,1,37.0,38.5,42.625,0,0,0.0,0,0,0,1.0,47
2021-04-19,17,0,813,16,4,1,47.0,41.0,44.125,1,0,0.023529411764705882,0,0,0,0.8823529411764706,55
2021-04-26,17,0,753,17,4,1,55.0,45.75,42.5,1,0,0.016666666666666666,0,0,0,0.75,51
2021-05-03,17,0,786,18,5,1,51.0,47.5,44.125,1,0,0.047058823529411764,1,0,0,1.0,51
2021-05-10,17,0,980,19,5,1,51.0,51.0,44.75,1,0,0.044444444444444446,0,0,0,0.8888888888888888,104
2021-05-17,17,0,598,20,5,1,104.0,65.25,53.125,0,0,0.0,0,0,0,1.0,49
2021-05-24,17,0,786,21,5,1,49.0,63.75,54.75,1,1,0.04023515136873327,0,0,0,1.0,67
2021-05-31,17,0,759,22,5,1,67.0,67.75,57.625,1,0,0.025,0,0,0,0.6875,52
2021-06-07,17,0,771,23,6,1,52.0,68.0,59.5,0,0,0.0,1,0,0,1.0,56
2021-06-14,17,0,803,24,6,1,56.0,56.0,60.625,1,0,0.014285714285714287,0,0,0,1.0,63
2021-06-21,17,0,803,25,6,1,63.0,59.5,61.625,1,0,0.013333333333333334,0,0,0,1.0,55
2021-06-28,17,0,758,26,6,1,55.0,56.5,62.125,1,0,0.028571428571428574,0,0,0,1.0,49
2021-07-05,17,0,914,27,7,1,49.0,55.75,61.875,1,0,0.02666666666666667,1,0,0,1.0,63
2021-07-12,17,0,1073,28,7,1,63.0,57.5,56.75,1,0,0.011764705882352941,0,0,0,1.0,118
2021-07-19,17,0,1081,29,7,1,118.0,71.25,65.375,1,0,0.009523809523809525,0,0,0,0.8095238095238095,127
2021-07-26,17,0,1005,30,7,1,127.0,89.25,72.875,1,0,0.028571428571428574,0,0,0,0.8571428571428571,97
2021-08-02,17,0,1139,31,8,1,97.0,101.25,78.5,1,0,0.03076923076923077,1,0,0,1.0,110
2021-08-09,17,0,1204,32,8,1,110.0,113.0,85.25,1,0,0.03333333333333334,0,0,0,1.0,147
2021-08-16,17,0,1094,33,8,1,147.0,120.25,95.75,1,0,0.018181818181818184,0,0,0,1.0,113
2021-08-23,17,0,1032,34,8,1,113.0,116.75,103.0,1,0,0.011111111111111112,0,0,0,1.0,88
2021-08-30,17,0,862,35,8,1,88.0,114.5,107.875,0,0,0.0,0,0,0,1.0,72
2021-09-06,17,0,798,36,9,1,72.0,105.0,109.0,1,0,0.025,1,0,0,0.875,61
2021-09-13,17,0,796,37,9,1,61.0,83.5,101.875,1,0,0.011111111111111112,0,0,0,1.0,43
2021-09-20,17,0,694,38,9,1,43.0,66.0,91.375,0,0,0.0,0,0,0,0.7333333333333333,44
2021-09-27,17,0,684,39,9,1,44.0,55.0,84.75,0,0,0.0,0,0,0,1.0,35
2021-10-04,17,0,741,40,10,1,35.0,45.75,75.375,1,0,0.016666666666666666,1,0,0,1.0,41
2021-10-11,17,0,645,41,10,1,41.0,40.75,62.125,1,0,0.022222222222222223,0,0,0,0.8333333333333334,45
2021-10-18,17,0,756,42,10,1,45.0,41.25,53.625,1,0,0.04,0,0,0,0.15,43
2021-10-25,17,0,844,43,10,1,43.0,41.0,48.0,1,0,0.010526315789473684,0,0,0,0.3157894736842105,59
2021-11-01,17,0,775,44,11,1,59.0,47.0,46.375,1,0,0.0125,0,0,0,0.9375,44
2021-11-08,17,0,672,45,11,1,44.0,47.75,44.25,1,0,0.0125,1,0,0,0.125,38
2021-11-15,17,0,601,46,11,1,38.0,46.0,43.625,1,0,0.018181818181818184,0,0,0,0.09090909090909091,37
2021-11-22,17,0,613,47,11,1,37.0,44.5,42.75,1,0,0.015384615384615385,0,0,0,0.23076923076923078,27
2021-11-29,17,0,636,48,11,1,27.0,36.5,41.75,1,0,0.016666666666666666,0,0,0,0.0,27
2021-12-06,17,0,530,49,12,1,27.0,32.25,40.0,0,0,0.0,0,0,0,0.0,24
2021-12-13,17,0,646,50,12,1,24.0,28.75,37.375,0,0,0.0,0,0,0,0.35714285714285715,41
2021-12-20,17,0,708,51,12,1,41.0,29.75,37.125,1,0,0.03333333333333334,0,0,0,0.6111111111111112,46
2021-12-27,17,0,738,52,12,1,46.0,34.5,35.5,1,0,0.03529411764705883,0,0,0,0.23529411764705882,40
2022-01-03,17,0,575,1,1,1,40.0,37.75,35.0,1,0,0.03636363636363637,1,0,0,0.09090909090909091,23
2022-01-10,17,0,589,2,1,1,23.0,37.5,33.125,1,0,0.013333333333333334,0,0,0,0.4666666666666667,28
2022-01-17,17,0,618,3,1,1,28.0,34.25,32.0,0,0,0.0,0,0,0,0.5,27
2022-01-24,17,0,632,4,1,0,27.0,29.5,32.0,1,0,0.02666666666666667,0,0,0,1.0,29
2022-01-31,17,0,644,5,1,1,29.0,26.75,32.25,1,0,0.014285714285714287,0,0,0,0.7142857142857143,30
2022-02-07,17,0,661,6,2,1,30.0,28.5,33.0,0,0,0.0,1,0,0,1.0,32
2022-02-14,17,0,730,7,2,1,32.0,29.5,31.875,0,0,0.0,0,0,0,0.6923076923076923,41
2022-02-21,17,0,741,8,2,1,41.0,33.0,31.25,1,0,0.014285714285714287,0,0,0,0.42857142857142855,51
2022-02-28,17,0,737,9,2,1,51.0,38.5,32.625,1,0,0.013333333333333334,0,0,0,0.4,39
2022-03-07,17,0,667,10,3,1,39.0,40.75,34.625,1,0,0.03529411764705883,1,0,0,0.23529411764705882,32
2022-03-14,17,0,670,11,3,1,32.0,40.75,35.125,1,0,0.014285714285714287,0,0,0,0.5,33
2022-03-21,17,0,694,12,3,1,33.0,38.75,35.875,1,0,0.013333333333333334,0,0,0,1.0,53
2022-03-28,17,0,643,13,3,1,53.0,39.25,38.875,1,0,0.015384615384615385,0,0,0,0.8461538461538461,31
2022-04-04,17,0,645,14,4,1,31.0,37.25,39.0,0,0,0.0,1,0,0,0.08333333333333333,38
2022-04-11,17,0,776,15,4,1,38.0,38.75,39.75,0,0,0.0,0,0,0,0.5882352941176471,57
2022-04-18,17,0,868,16,4,1,57.0,44.75,41.75,1,0,0.023529411764705882,0,0,0,1.0,63
2022-04-25,17,0,761,17,4,1,63.0,47.25,43.25,1,0,0.016666666666666666,0,0,0,1.0,45
2022-05-02,17,0,720,18,5,1,45.0,50.75,44.0,0,0,0.0,1,0,0,0.5,35
2022-05-09,17,0,731,19,5,1,35.0,50.0,44.375,1,1,0.11064701563877836,0,0,0,1.0,35
2022-05-16,17,0,743,20,5,1,35.0,44.5,44.625,0,0,0.0,0,0,0,0.7692307692307693,43
2022-05-23,17,0,999,21,5,1,43.0,39.5,43.375,1,0,0.03529411764705883,0,0,0,1.0,102
2022-05-30,17,0,810,22,5,1,102.0,53.75,52.25,1,0,0.015384615384615385,0,0,0,1.0,54
2022-06-06,17,0,823,23,6,1,54.0,58.5,54.25,1,0,0.011111111111111112,1,0,0,1.0,60
2022-06-13,17,0,793,24,6,1,60.0,64.75,54.625,0,0,0.0,0,0,0,1.0,47
2022-06-20,17,0,785,25,6,1,47.0,65.75,52.625,1,0,0.05333333333333334,0,0,0,1.0,57
2022-06-27,17,0,803,26,6,1,57.0,54.5,54.125,1,0,0.06666666666666667,0,0,0,1.0,42
2022-07-04,17,0,853,27,7,1,42.0,51.5,55.0,1,0,0.0125,1,0,0,1.0,61
2022-07-11,17,0,1185,28,7,1,61.0,51.75,58.25,1,0,0.03333333333333334,0,0,0,1.0,137
2022-07-18,17,0,1067,29,7,1,137.0,74.25,70.0,1,0,0.03076923076923077,0,0,0,0.6923076923076923,104
2022-07-25,17,0,1109,30,7,1,104.0,86.0,70.25,1,0,0.014285714285714287,0,0,0,0.2857142857142857,119
2022-08-01,17,0,1132,31,8,1,119.0,105.25,78.375,1,0,0.011111111111111112,0,0,0,0.8888888888888888,122
2022-08-08,17,0,1222,32,8,1,122.0,120.5,86.125,1,0,0.009090909090909092,1,0,0,1.0,189
2022-08-15,17,0,1150,33,8,1,189.0,133.5,103.875,1,0,0.042105263157894736,0,0,0,1.0,136
2022-08-22,17,0,985,34,8,1,136.0,141.5,113.75,1,0,0.009090909090909092,0,0,0,1.0,76
2022-08-29,17,0,740,35,8,1,76.0,130.75,118.0,1,0,0.016666666666666666,0,0,0,0.4166666666666667,48
2022-09-05,17,0,778,36,9,1,48.0,112.25,116.375,1,0,0.03529411764705883,1,0,0,0.5882352941176471,54
2022-09-12,17,0,722,37,9,1,54.0,78.5,106.0,1,0,0.011111111111111112,0,0,0,0.5555555555555556,42
2022-09-19,17,0,662,38,9,1,42.0,55.0,98.25,1,0,0.023529411764705882,0,0,0,0.5882352941176471,47
2022-09-26,17,0,651,39,9,1,47.0,47.75,89.25,1,0,0.0125,0,0,0,0.8125,34
2022-10-03,17,0,500,40,10,1,34.0,44.25,78.25,0,0,0.0,1,0,0,0.47368421052631576,33
2022-10-10,17,0,463,41,10,1,33.0,39.0,58.75,1,0,0.042857142857142864,0,0,0,0.0,50
2022-10-17,17,0,488,42,10,1,50.0,41.0,48.0,0,1,0.010439962331654182,0,0,0,0.3888888888888889,39
2022-10-24,17,0,497,43,10,1,39.0,39.0,43.375,1,0,0.025,0,0,0,0.0,56
2022-10-31,17,0,520,44,10,1,56.0,44.5,44.375,1,0,0.0125,0,0,0,0.75,57
2022-11-07,17,0,460,45,11,1,57.0,50.5,44.75,1,0,0.04000000000000001,1,0,0,0.8,30
2022-11-14,17,0,451,46,11,1,30.0,45.5,43.25,1,0,0.03333333333333333,0,0,0,0.6666666666666666,39
2022-11-21,17,0,459,47,11,1,39.0,45.5,42.25,0,0,0.0,0,0,0,0.75,25
2022-11-28,17,0,451,48,11,1,25.0,37.75,41.125,1,0,0.037500000000000006,0,0,0,0.75,33
2022-12-05,17,0,411,49,12,1,33.0,31.75,41.125,1,0,0.044444444444444446,0,0,0,0.0,32
2022-12-12,17,0,469,50,12,1,32.0,32.25,38.875,1,0,0.0125,0,0,0,0.375,35
2022-12-19,17,0,479,51,12,1,35.0,31.25,38.375,1,0,0.03076923076923077,0,0,0,0.0,51
2022-12-26,17,0,465,52,12,1,51.0,37.75,37.75,0,0,0.0,0,0,0,0.08333333333333333,42
2020-12-28,18,0,288,53,12,1,0.0,0.0,0.0,1,0,0.03333333333333333,0,0,0,0.0,128
2021-01-04,18,0,604,1,1,1,128.0,128.0,128.0,1,0,0.02033898305084746,1,0,0,0.22033898305084745,164
2021-01-11,18,0,625,2,1,1,164.0,146.0,146.0,1,0,0.008823529411764707,0,0,0,0.1323529411764706,169
2021-01-18,18,0,604,3,1,1,169.0,153.66666666666666,153.66666666666666,1,0,0.012698412698412698,0,0,0,0.23809523809523808,142
2021-01-25,18,0,636,4,1,1,142.0,150.75,150.75,1,0,0.01282051282051282,0,0,0,0.0,197
2021-02-01,18,0,605,5,2,1,197.0,168.0,160.0,1,0,0.01578947368421053,0,0,0,0.0,181
2021-02-08,18,0,650,6,2,1,181.0,172.25,163.5,1,0,0.026086956521739132,1,0,0,0.2028985507246377,189
2021-02-15,18,0,662,7,2,1,189.0,177.25,167.14285714285714,1,0,0.014457831325301207,0,0,0,0.0,197
2021-02-22,18,0,838,8,2,1,197.0,191.0,170.875,1,0,0.02054794520547945,0,0,0,0.678082191780822,405
2021-03-01,18,0,752,9,3,1,405.0,243.0,205.5,1,0,0.021782178217821784,0,0,0,0.9108910891089109,248
2021-03-08,18,0,726,10,3,1,248.0,259.75,216.0,1,0,0.012727272727272728,1,0,0,0.6545454545454545,267
2021-03-15,18,0,680,11,3,1,267.0,279.25,228.25,1,0,0.013793103448275864,0,0,0,0.8505747126436781,196
2021-03-22,18,0,667,12,3,1,196.0,279.0,235.0,1,0,0.026086956521739136,0,0,0,0.41304347826086957,204
2021-03-29,18,0,744,13,3,1,204.0,228.75,235.875,1,0,0.014141414141414142,0,0,0,0.7575757575757576,264
2021-04-05,18,0,715,14,4,1,264.0,232.75,246.25,1,0,0.030303030303030304,1,0,0,0.42424242424242425,218
2021-04-12,18,0,790,15,4,1,218.0,220.5,249.875,1,0,0.028070175438596492,0,0,0,1.0,290
2021-04-19,18,0,813,16,4,1,290.0,244.0,261.5,1,1,0.05842997111362928,0,0,0,0.8939393939393939,340
2021-04-26,18,0,753,17,4,1,340.0,278.0,253.375,1,0,0.016260162601626018,0,0,0,0.6991869918699187,280
2021-05-03,18,0,786,18,5,1,280.0,282.0,257.375,1,0,0.01904761904761905,1,0,0,1.0,304
2021-05-10,18,0,980,19,5,1,304.0,303.5,262.0,1,0,0.013186813186813189,0,0,0,0.9285714285714286,551
2021-05-17,18,0,598,20,5,1,551.0,368.75,306.375,1,1,0.01840015593169298,0,0,0,1.0,255
2021-05-24,18,0,786,21,5,1,255.0,347.5,312.75,1,0,0.014666666666666668,0,0,0,1.0,359
2021-05-31,18,0,759,22,5,1,359.0,367.25,324.625,1,0,0.008620689655172414,0,0,0,0.4827586206896552,318
2021-06-07,18,0,771,23,6,1,318.0,370.75,337.125,1,0,0.013114754098360656,1,0,0,1.0,326
2021-06-14,18,0,803,24,6,1,326.0,314.5,341.625,1,0,0.019354838709677424,0,0,0,1.0,307
2021-06-21,18,0,803,25,6,1,307.0,327.5,337.5,1,0,0.01780821917808219,0,0,0,1.0,320
2021-06-28,18,0,758,26,6,1,320.0,317.75,342.5,1,0,0.018965517241379314,0,0,0,1.0,291
2021-07-05,18,0,914,27,7,1,291.0,311.0,340.875,1,0,0.010596026490066225,1,0,0,1.0,413
2021-07-12,18,0,1073,28,7,1,413.0,332.75,323.625,1,0,0.024299065420560748,0,0,0,1.0,683
2021-07-19,18,0,1081,29,7,1,683.0,426.75,377.125,1,0,0.012785388127853882,0,0,0,0.867579908675799,665
2021-07-26,18,0,1005,30,7,1,665.0,513.0,415.375,1,0,0.026086956521739132,0,0,0,0.8309178743961353,552
2021-08-02,18,0,1139,31,8,1,552.0,578.25,444.625,1,0,0.014107883817427388,1,0,0,1.0,646
2021-08-09,18,0,1204,32,8,1,646.0,636.5,484.625,1,0,0.015000000000000001,0,0,0,1.0,790
2021-08-16,18,0,1094,33,8,1,790.0,663.25,545.0,1,0,0.021004566210045664,0,0,0,1.0,662
2021-08-23,18,0,1032,34,8,1,662.0,662.5,587.75,1,0,0.019387755102040816,0,0,0,1.0,488
2021-08-30,18,0,862,35,8,1,488.0,646.5,612.375,1,0,0.028742514970059883,0,0,0,1.0,412
2021-09-06,18,0,798,36,9,1,412.0,588.0,612.25,1,0,0.024657534246575342,1,0,0,0.7191780821917808,360
2021-09-13,18,0,796,37,9,1,360.0,480.5,571.875,1,0,0.014285714285714287,0,0,0,1.0,265
2021-09-20,18,0,694,38,9,1,265.0,381.25,521.875,1,0,0.019801980198019802,0,0,0,0.7128712871287128,261
2021-09-27,18,0,684,39,9,1,261.0,324.5,485.5,1,0,0.01666666666666667,0,0,0,1.0,223
2021-10-04,18,0,741,40,10,1,223.0,277.25,432.625,1,0,0.026086956521739136,1,0,0,1.0,239
2021-10-11,18,0,645,41,10,1,239.0,247.0,363.75,1,0,0.03541666666666667,0,0,0,0.8958333333333334,259
2021-10-18,18,0,756,42,10,1,259.0,245.5,313.375,1,0,0.024299065420560748,0,0,0,0.18691588785046728,253
2021-10-25,18,0,844,43,10,1,253.0,243.5,284.0,1,0,0.022972972972972974,0,0,0,0.5608108108108109,331
2021-11-01,18,0,775,44,11,1,331.0,270.5,273.875,1,0,0.020370370370370372,0,0,0,0.8240740740740741,276
2021-11-08,18,0,672,45,11,1,276.0,279.75,263.375,1,0,0.025490196078431372,1,0,0,0.11764705882352941,229
2021-11-15,18,0,601,46,11,1,229.0,272.25,258.875,1,0,0.016000000000000004,0,0,0,0.30666666666666664,210
2021-11-22,18,0,613,47,11,1,210.0,261.5,252.5,1,0,0.024242424242424242,0,0,0,0.18181818181818182,157
2021-11-29,18,0,636,48,11,1,157.0,218.0,244.25,1,0,0.026086956521739132,0,0,0,0.0,169
2021-12-06,18,0,530,49,12,1,169.0,191.25,235.5,1,0,0.027118644067796613,1,0,0,0.0,160
2021-12-13,18,0,646,50,12,1,160.0,174.0,223.125,1,0,0.0225,0,0,0,0.1375,221
2021-12-20,18,0,708,51,12,1,221.0,176.75,219.125,1,0,0.031578947368421054,0,0,0,0.6526315789473685,293
2021-12-27,18,0,738,52,12,1,293.0,210.75,214.375,1,0,0.026373626373626377,0,0,0,0.23076923076923078,237
2022-01-03,18,0,575,1,1,1,237.0,227.75,209.5,1,0,0.011111111111111113,1,0,0,0.35185185185185186,139
2022-01-10,18,0,589,2,1,1,139.0,222.5,198.25,1,0,0.024242424242424242,0,0,0,0.5151515151515151,165
2022-01-17,18,0,618,3,1,1,165.0,208.5,192.625,1,0,0.023333333333333334,0,0,0,0.6666666666666666,160
2022-01-24,18,0,632,4,1,0,160.0,175.25,193.0,1,0,0.014492753623188406,0,0,0,1.0,164
2022-01-31,18,0,644,5,1,1,164.0,157.0,192.375,1,0,0.013333333333333334,0,0,0,0.7066666666666667,163
2022-02-07,18,0,661,6,2,1,163.0,163.0,192.75,1,0,0.02153846153846154,1,0,0,1.0,178
2022-02-14,18,0,730,7,2,1,178.0,166.25,187.375,1,0,0.017391304347826087,0,0,0,0.7934782608695652,247
2022-02-21,18,0,741,8,2,1,247.0,188.0,181.625,1,0,0.009708737864077669,0,0,0,0.21359223300970873,216
2022-02-28,18,0,737,9,2,1,216.0,201.0,179.0,1,0,0.013186813186813189,0,0,0,0.4065934065934066,215
2022-03-07,18,0,667,10,3,1,215.0,214.0,188.5,1,0,0.02,1,0,0,0.4625,188
2022-03-14,18,0,670,11,3,1,188.0,216.5,191.375,1,0,0.004545454545454546,0,0,0,0.6818181818181818,216
2022-03-21,18,0,694,12,3,1,216.0,208.75,198.375,1,0,0.01568627450980392,0,0,0,1.0,277
2022-03-28,18,0,643,13,3,1,277.0,224.0,212.5,1,0,0.013043478260869568,0,0,0,0.7282608695652174,191
2022-04-04,18,0,645,14,4,1,191.0,218.0,216.0,1,0,0.02727272727272728,1,0,0,0.07954545454545454,232
2022-04-11,18,0,776,15,4,1,232.0,229.0,222.75,1,0,0.026470588235294117,0,0,0,0.7352941176470589,335
2022-04-18,18,0,868,16,4,1,335.0,258.75,233.75,1,0,0.018867924528301886,0,0,0,1.0,374
2022-04-25,18,0,761,17,4,1,374.0,283.0,253.5,1,0,0.0140625,0,0,0,1.0,306
2022-05-02,18,0,720,18,5,1,306.0,311.75,264.875,1,0,0.028282828282828285,1,0,0,0.6666666666666666,227
2022-05-09,18,0,731,19,5,1,227.0,310.5,269.75,1,1,0.09194271562136079,0,0,0,1.0,216
2022-05-16,18,0,743,20,5,1,216.0,280.75,269.75,1,0,0.01020408163265306,0,0,0,0.7653061224489796,251
2022-05-23,18,0,999,21,5,1,251.0,250.0,266.5,1,0,0.020814479638009052,0,0,0,1.0,611
2022-05-30,18,0,810,22,5,1,611.0,326.25,319.0,1,0,0.01666666666666667,0,0,0,1.0,340
2022-06-06,18,0,823,23,6,1,340.0,354.5,332.5,1,0,0.017449664429530203,1,0,0,1.0,347
2022-06-13,18,0,793,24,6,1,347.0,387.25,334.0,1,0,0.012698412698412698,0,0,0,1.0,296
2022-06-20,18,0,785,25,6,1,296.0,398.5,324.25,1,0,0.014388489208633094,0,0,0,1.0,325
2022-06-27,18,0,803,26,6,1,325.0,327.0,326.625,1,0,0.021311475409836068,0,0,0,1.0,262
2022-07-04,18,0,853,27,7,1,262.0,307.5,331.0,1,0,0.008571428571428572,1,0,0,1.0,342
2022-07-11,18,0,1185,28,7,1,342.0,306.25,346.75,1,0,0.01949458483754513,0,0,0,1.0,802
2022-07-18,18,0,1067,29,7,1,802.0,432.75,415.625,1,0,0.016379310344827588,0,0,0,0.46120689655172414,655
2022-07-25,18,0,1109,30,7,1,655.0,515.25,421.125,1,0,0.01376518218623482,0,0,0,0.20647773279352227,624
2022-08-01,18,0,1132,31,8,1,624.0,605.75,456.625,1,0,0.008661417322834646,0,0,0,0.8582677165354331,696
2022-08-08,18,0,1222,32,8,1,696.0,694.25,500.25,1,0,0.015337423312883436,1,0,0,1.0,1027
2022-08-15,18,0,1150,33,8,1,1027.0,750.5,591.625,1,0,0.018772563176895306,0,0,0,1.0,785
2022-08-22,18,0,985,34,8,1,785.0,783.0,649.125,1,0,0.020833333333333332,0,0,0,1.0,475
2022-08-29,18,0,740,35,8,1,475.0,745.75,675.75,1,0,0.02181818181818182,0,0,0,0.44545454545454544,277
2022-09-05,18,0,778,36,9,1,277.0,641.0,667.625,1,0,0.013559322033898306,1,0,0,0.5,313
2022-09-12,18,0,722,37,9,1,313.0,462.5,606.5,1,0,0.01008403361344538,0,0,0,0.6050420168067226,254
2022-09-19,18,0,662,38,9,1,254.0,329.75,556.375,1,0,0.014285714285714287,0,0,0,0.5612244897959183,225
2022-09-26,18,0,651,39,9,1,225.0,267.25,506.5,1,0,0.01666666666666667,0,0,0,0.6666666666666666,220
2022-10-03,18,0,500,40,10,1,220.0,253.0,447.0,1,0,0.04615384615384616,1,0,0,0.6153846153846154,236
2022-10-10,18,0,463,41,10,1,236.0,233.75,348.125,1,0,0.03333333333333333,0,0,0,0.0,291
2022-10-17,18,0,488,42,10,1,291.0,243.0,286.375,0,0,0.0,0,0,0,0.5,233
2022-10-24,18,0,497,43,10,1,233.0,245.0,256.125,0,0,0.0,0,0,0,0.0,308
2022-10-31,18,0,520,44,10,1,308.0,267.0,260.0,1,0,0.0125,0,0,0,0.625,349
2022-11-07,18,0,460,45,11,1,349.0,295.25,264.5,1,0,0.028571428571428574,1,0,0,0.7857142857142857,208
2022-11-14,18,0,451,46,11,1,208.0,274.5,258.75,0,0,0.0,0,0,0,0.7777777777777778,219
2022-11-21,18,0,459,47,11,1,219.0,271.0,258.0,0,0,0.0,0,0,0,0.8461538461538461,124
2022-11-28,18,0,451,48,11,1,124.0,225.0,246.0,1,0,0.02,0,0,0,0.8,175
2022-12-05,18,0,411,49,12,1,175.0,181.5,238.375,0,0,0.0,1,0,0,0.0,150
2022-12-12,18,0,469,50,12,1,150.0,167.0,220.75,1,0,0.016666666666666666,0,0,0,0.4166666666666667,198
2022-12-19,18,0,479,51,12,1,198.0,161.75,216.375,0,0,0.0,0,0,0,0.0,311
2022-12-26,18,0,465,52,12,1,311.0,208.5,216.75,1,0,0.028571428571428574,0,0,0,0.07142857142857142,264
2020-12-28,19,0,288,53,12,1,0.0,0.0,0.0,1,0,0.011428571428571429,0,0,0,0.0,95
2021-01-04,19,0,604,1,1,1,95.0,95.0,95.0,1,0,0.006779661016949153,1,0,0,0.22033898305084745,130
2021-01-11,19,0,625,2,1,1,130.0,112.5,112.5,1,0,0.016129032258064516,0,0,0,0.1935483870967742,140
2021-01-18,19,0,604,3,1,1,140.0,121.66666666666667,121.66666666666667,1,0,0.0038461538461538464,0,0,0,0.17307692307692307,110
2021-01-25,19,0,636,4,1,1,110.0,118.75,118.75,1,0,0.013888888888888888,0,0,0,0.0,156
2021-02-01,19,0,605,5,2,1,156.0,134.0,126.2,1,0,0.01891891891891892,0,0,0,0.0,156
2021-02-08,19,0,650,6,2,1,156.0,140.5,131.16666666666666,1,0,0.007894736842105265,1,0,0,0.27631578947368424,177
2021-02-15,19,0,662,7,2,1,177.0,149.75,137.71428571428572,1,0,0.010256410256410256,0,0,0,0.0,160
2021-02-22,19,0,838,8,2,1,160.0,162.25,140.5,1,0,0.025174825174825177,0,0,0,0.7132867132867133,364
2021-03-01,19,0,752,9,3,1,364.0,214.25,174.125,1,0,0.01730769230769231,0,0,0,0.875,267
2021-03-08,19,0,726,10,3,1,267.0,242.0,191.25,1,0,0.016216216216216217,1,0,0,0.6666666666666666,246
2021-03-15,19,0,680,11,3,1,246.0,259.25,204.5,1,0,0.016842105263157894,0,0,0,0.8315789473684211,204
2021-03-22,19,0,667,12,3,1,204.0,270.25,216.25,1,0,0.020253164556962026,0,0,0,0.3924050632911392,150
2021-03-29,19,0,744,13,3,1,150.0,216.75,215.5,1,0,0.010309278350515464,0,0,0,0.8247422680412371,234
2021-04-05,19,0,715,14,4,1,234.0,208.5,225.25,1,0,0.027659574468085108,1,0,0,0.4148936170212766,188
2021-04-12,19,0,790,15,4,1,188.0,194.0,226.625,1,0,0.025,0,0,0,1.0,249
2021-04-19,19,0,813,16,4,1,249.0,205.25,237.75,1,0,0.01322314049586777,0,0,0,0.8925619834710744,285
2021-04-26,19,0,753,17,4,1,285.0,239.0,227.875,1,0,0.023636363636363636,0,0,0,0.7636363636363637,226
2021-05-03,19,0,786,18,5,1,226.0,237.0,222.75,1,0,0.016216216216216217,1,0,0,1.0,249
2021-05-10,19,0,980,19,5,1,249.0,252.25,223.125,1,0,0.017679558011049725,0,0,0,0.9226519337016574,518
2021-05-17,19,0,598,20,5,1,518.0,319.5,262.375,1,0,0.009230769230769232,0,0,0,1.0,195
2021-05-24,19,0,786,21,5,1,195.0,297.0,268.0,1,0,0.01904761904761905,0,0,0,1.0,307
2021-05-31,19,0,759,22,5,1,307.0,317.25,277.125,1,0,0.024000000000000004,0,0,0,0.53,244
2021-06-07,19,0,771,23,6,1,244.0,316.0,284.125,1,0,0.025396825396825397,1,0,0,1.0,328
2021-06-14,19,0,803,24,6,1,328.0,268.5,294.0,1,0,0.017391304347826087,0,0,0,1.0,254
2021-06-21,19,0,803,25,6,1,254.0,283.25,290.125,1,0,0.021621621621621626,0,0,0,1.0,236
2021-06-28,19,0,758,26,6,1,236.0,265.5,291.375,1,0,0.014953271028037384,0,0,0,1.0,252
2021-07-05,19,0,914,27,7,1,252.0,267.5,291.75,1,0,0.014598540145985401,1,0,0,1.0,309
2021-07-12,19,0,1073,28,7,1,309.0,262.75,265.625,1,0,0.019801980198019802,0,0,0,1.0,518
2021-07-19,19,0,1081,29,7,1,518.0,328.75,306.0,1,0,0.018461538461538463,0,0,0,0.8512820512820513,506
2021-07-26,19,0,1005,30,7,1,506.0,396.25,330.875,1,0,0.01976744186046512,0,0,0,0.872093023255814,437
2021-08-02,19,0,1139,31,8,1,437.0,442.5,355.0,1,0,0.013733905579399143,1,0,0,1.0,579
2021-08-09,19,0,1204,32,8,1,579.0,510.0,386.375,1,0,0.01589958158995816,0,0,0,1.0,697
2021-08-16,19,0,1094,33,8,1,697.0,554.75,441.75,1,1,0.03515957636421995,0,0,0,1.0,586
2021-08-23,19,0,1032,34,8,1,586.0,574.75,485.5,1,0,0.007594936708860761,0,0,0,1.0,373
2021-08-30,19,0,862,35,8,1,373.0,558.75,500.625,1,0,0.020967741935483872,0,0,0,1.0,307
2021-09-06,19,0,798,36,9,1,307.0,490.75,500.375,1,0,0.020370370370370372,1,0,0,0.7222222222222222,230
2021-09-13,19,0,796,37,9,1,230.0,374.0,464.375,1,0,0.026923076923076925,0,0,0,1.0,213
2021-09-20,19,0,694,38,9,1,213.0,280.75,427.75,1,0,0.03058823529411765,0,0,0,0.7294117647058823,223
2021-09-27,19,0,684,39,9,1,223.0,243.25,401.0,1,0,0.020253164556962026,0,0,0,1.0,206
2021-10-04,19,0,741,40,10,1,206.0,218.0,354.375,1,0,0.018556701030927835,1,0,0,1.0,230
2021-10-11,19,0,645,41,10,1,230.0,218.0,296.0,1,0,0.01578947368421053,0,0,0,0.8947368421052632,209
2021-10-18,19,0,756,42,10,1,209.0,217.0,248.875,1,0,0.022448979591836737,0,0,0,0.21428571428571427,204
2021-10-25,19,0,844,43,10,1,204.0,212.25,227.75,1,0,0.017105263157894738,0,0,0,0.5394736842105263,323
2021-11-01,19,0,775,44,11,1,323.0,241.5,229.75,1,0,0.0191304347826087,0,0,0,0.7652173913043478,280
2021-11-08,19,0,672,45,11,1,280.0,254.0,236.0,1,0,0.020454545454545454,1,0,0,0.11363636363636363,223
2021-11-15,19,0,601,46,11,1,223.0,257.5,237.25,1,0,0.007407407407407408,0,0,0,0.2777777777777778,127
2021-11-22,19,0,613,47,11,1,127.0,238.25,225.25,1,0,0.018461538461538463,0,0,0,0.2923076923076923,144
2021-11-29,19,0,636,48,11,1,144.0,193.5,217.5,1,0,0.02535211267605634,0,0,0,0.0,162
2021-12-06,19,0,530,49,12,1,162.0,164.0,209.0,1,0,0.014285714285714287,1,0,0,0.0,137
2021-12-13,19,0,646,50,12,1,137.0,142.5,200.0,1,0,0.02077922077922078,0,0,0,0.1038961038961039,183
2021-12-20,19,0,708,51,12,1,183.0,156.5,197.375,1,0,0.013043478260869568,0,0,0,0.6195652173913043,269
2021-12-27,19,0,738,52,12,1,269.0,187.75,190.625,1,0,0.020930232558139535,0,0,0,0.32558139534883723,227
2022-01-03,19,0,575,1,1,1,227.0,204.0,184.0,1,0,0.02181818181818182,1,0,0,0.2545454545454545,118
2022-01-10,19,0,589,2,1,1,118.0,199.25,170.875,1,0,0.02857142857142857,0,0,0,0.6031746031746031,134
2022-01-17,19,0,618,3,1,1,134.0,187.0,171.75,1,0,0.011764705882352943,0,0,0,0.5098039215686274,131
2022-01-24,19,0,632,4,1,0,131.0,152.5,170.125,1,0,0.01666666666666667,0,0,0,1.0,160
2022-01-31,19,0,644,5,1,1,160.0,135.75,169.875,1,0,0.024137931034482762,0,0,0,0.8103448275862069,111
2022-02-07,19,0,661,6,2,1,111.0,134.0,166.625,1,0,0.014084507042253521,1,0,0,1.0,159
2022-02-14,19,0,730,7,2,1,159.0,140.25,163.625,1,0,0.023300970873786412,0,0,0,0.8155339805825242,252
2022-02-21,19,0,741,8,2,1,252.0,170.5,161.5,1,0,0.02653061224489796,0,0,0,0.25510204081632654,216
2022-02-28,19,0,737,9,2,1,216.0,184.5,160.125,1,0,0.023157894736842106,0,0,0,0.3894736842105263,213
2022-03-07,19,0,667,10,3,1,213.0,210.0,172.0,1,1,0.036601705595579195,1,0,0,0.3902439024390244,181
2022-03-14,19,0,670,11,3,1,181.0,215.5,177.875,1,0,0.011764705882352941,0,0,0,0.7294117647058823,214
2022-03-21,19,0,694,12,3,1,214.0,206.0,188.25,1,0,0.018000000000000002,0,0,0,1.0,235
2022-03-28,19,0,643,13,3,1,235.0,210.75,197.625,1,0,0.01739130434782609,0,0,0,0.782608695652174,150
2022-04-04,19,0,645,14,4,1,150.0,195.0,202.5,1,0,0.01739130434782609,1,0,0,0.10144927536231885,169
2022-04-11,19,0,776,15,4,1,169.0,192.0,203.75,1,0,0.018803418803418806,0,0,0,0.7264957264957265,301
2022-04-18,19,0,868,16,4,1,301.0,213.75,209.875,1,1,0.04306319857248069,0,0,0,1.0,348
2022-04-25,19,0,761,17,4,1,348.0,242.0,226.375,1,1,0.03717221047153232,0,0,0,1.0,286
2022-05-02,19,0,720,18,5,1,286.0,276.0,235.5,1,0,0.016363636363636365,1,0,0,0.6272727272727273,220
2022-05-09,19,0,731,19,5,1,220.0,288.75,240.375,1,0,0.032,0,0,0,1.0,213
2022-05-16,19,0,743,20,5,1,213.0,266.75,240.25,1,0,0.01616161616161616,0,0,0,0.7171717171717171,221
2022-05-23,19,0,999,21,5,1,221.0,235.0,238.5,1,0,0.015217391304347827,0,0,0,1.0,492
2022-05-30,19,0,810,22,5,1,492.0,286.5,281.25,1,0,0.011594202898550725,0,0,0,1.0,296
2022-06-06,19,0,823,23,6,1,296.0,305.5,297.125,1,0,0.007407407407407408,1,0,0,1.0,349
2022-06-13,19,0,793,24,6,1,349.0,339.5,303.125,1,0,0.012173913043478262,0,0,0,1.0,254
2022-06-20,19,0,785,25,6,1,254.0,347.75,291.375,1,0,0.018897637795275594,0,0,0,1.0,264
2022-06-27,19,0,803,26,6,1,264.0,290.75,288.625,1,0,0.01864406779661017,0,0,0,1.0,233
2022-07-04,19,0,853,27,7,1,233.0,275.0,290.25,1,0,0.024657534246575342,1,0,0,1.0,319
2022-07-11,19,0,1185,28,7,1,319.0,267.5,303.5,1,0,0.02278481012658228,0,0,0,1.0,611
2022-07-18,19,0,1067,29,7,1,611.0,356.75,352.25,1,0,0.012264150943396227,0,0,0,0.5094339622641509,518
2022-07-25,19,0,1109,30,7,1,518.0,420.25,355.5,1,0,0.01711711711711712,0,0,0,0.18018018018018017,539
2022-08-01,19,0,1132,31,8,1,539.0,496.75,385.875,1,0,0.0273972602739726,0,0,0,0.8538812785388128,589
2022-08-08,19,0,1222,32,8,1,589.0,564.25,415.875,1,0,0.020071684587813624,1,0,0,1.0,775
2022-08-15,19,0,1150,33,8,1,775.0,605.25,481.0,1,0,0.0132295719844358,0,0,0,1.0,643
2022-08-22,19,0,985,34,8,1,643.0,636.5,528.375,1,0,0.01847826086956522,0,0,0,1.0,415
2022-08-29,19,0,740,35,8,1,415.0,605.5,551.125,1,0,0.009708737864077669,0,0,0,0.5533980582524272,216
2022-09-05,19,0,778,36,9,1,216.0,512.25,538.25,1,0,0.027118644067796613,1,0,0,0.5254237288135594,291
2022-09-12,19,0,722,37,9,1,291.0,391.25,498.25,1,0,0.015841584158415842,0,0,0,0.6039603960396039,215
2022-09-19,19,0,662,38,9,1,215.0,284.25,460.375,1,0,0.006976744186046512,0,0,0,0.5581395348837209,201
2022-09-26,19,0,651,39,9,1,201.0,230.75,418.125,1,0,0.016000000000000004,0,0,0,0.6666666666666666,192
2022-10-03,19,0,500,40,10,1,192.0,224.75,368.5,1,0,0.02666666666666667,1,0,0,0.4,221
2022-10-10,19,0,463,41,10,1,221.0,207.25,299.25,1,0,0.016666666666666666,0,0,0,0.0,226
2022-10-17,19,0,488,42,10,1,226.0,210.0,247.125,0,0,0.0,0,0,0,0.25,208
2022-10-24,19,0,497,43,10,1,208.0,211.75,221.25,0,0,0.0,0,0,0,0.0,300
2022-10-31,19,0,520,44,10,1,300.0,238.75,231.75,1,0,0.028571428571428574,0,0,0,0.7142857142857143,357
2022-11-07,19,0,460,45,11,1,357.0,272.75,240.0,1,0,0.016666666666666666,1,0,0,0.75,202
2022-11-14,19,0,451,46,11,1,202.0,266.75,238.375,1,0,0.015384615384615385,0,0,0,0.8461538461538461,152
2022-11-21,19,0,459,47,11,1,152.0,252.75,232.25,1,0,0.022222222222222223,0,0,0,0.8888888888888888,127
2022-11-28,19,0,451,48,11,1,127.0,209.5,224.125,1,0,0.015384615384615385,0,0,0,0.8461538461538461,188
2022-12-05,19,0,411,49,12,1,188.0,167.25,220.0,1,0,0.018181818181818184,1,0,0,0.0,143
2022-12-12,19,0,469,50,12,1,143.0,152.5,209.625,1,0,0.015384615384615385,0,0,0,0.5384615384615384,164
2022-12-19,19,0,479,51,12,1,164.0,155.5,204.125,1,0,0.03076923076923077,0,0,0,0.0,290
2022-12-26,19,0,465,52,12,1,290.0,196.25,202.875,1,0,0.04000000000000001,0,0,0,0.06666666666666667,217
2020-12-28,20,0,288,53,12,1,0.0,0.0,0.0,1,0,0.025,0,0,0,0.0,49
2021-01-04,20,0,604,1,1,1,49.0,49.0,49.0,1,0,0.016666666666666666,1,0,0,0.08333333333333333,59
2021-01-11,20,0,625,2,1,1,59.0,54.0,54.0,1,0,0.02666666666666667,0,0,0,0.2,62
2021-01-18,20,0,604,3,1,1,62.0,56.666666666666664,56.666666666666664,1,0,0.023529411764705882,0,0,0,0.35294117647058826,47
2021-01-25,20,0,636,4,1,1,47.0,54.25,54.25,1,0,0.011111111111111112,0,0,0,0.0,63
2021-02-01,20,0,605,5,2,1,63.0,57.75,56.0,1,0,0.02666666666666667,0,0,0,0.0,68
2021-02-08,20,0,650,6,2,1,68.0,60.0,58.0,1,0,0.021052631578947368,1,0,0,0.3157894736842105,66
2021-02-15,20,0,662,7,2,1,66.0,61.0,59.142857142857146,1,0,0.03157894736842106,0,0,0,0.0,74
2021-02-22,20,0,838,8,2,1,74.0,67.75,61.0,1,0,0.03529411764705883,0,0,0,0.7058823529411765,152
2021-03-01,20,0,752,9,3,1,152.0,90.0,73.875,1,0,0.06666666666666667,0,0,0,0.75,81
2021-03-08,20,0,726,10,3,1,81.0,93.25,76.625,1,0,0.011764705882352941,1,0,0,0.7058823529411765,87
2021-03-15,20,0,680,11,3,1,87.0,98.5,79.75,0,1,0.017991747142416692,0,0,0,0.8181818181818182,67
2021-03-22,20,0,667,12,3,1,67.0,96.75,82.25,0,0,0.0,0,0,0,0.7,74
2021-03-29,20,0,744,13,3,1,74.0,77.25,83.625,0,0,0.0,0,0,0,0.7142857142857143,98
2021-04-05,20,0,715,14,4,1,98.0,81.5,87.375,1,0,0.01904761904761905,1,0,0,0.5238095238095238,71
2021-04-12,20,0,790,15,4,1,71.0,77.5,88.0,1,0,0.04,0,0,0,1.0,97
2021-04-19,20,0,813,16,4,1,97.0,85.0,90.875,1,0,0.04,0,0,0,0.95,118
2021-04-26,20,0,753,17,4,1,118.0,96.0,86.625,0,0,0.0,0,0,0,0.7272727272727273,100
2021-05-03,20,0,786,18,5,1,100.0,96.5,89.0,1,0,0.023529411764705882,1,0,0,1.0,106
2021-05-10,20,0,980,19,5,1,106.0,105.25,91.375,1,0,0.025,0,0,0,0.9375,177
2021-05-17,20,0,598,20,5,1,177.0,125.25,105.125,0,0,0.0,0,0,0,1.0,87
2021-05-24,20,0,786,21,5,1,87.0,117.5,106.75,1,0,0.05,0,0,0,1.0,119
2021-05-31,20,0,759,22,5,1,119.0,122.25,109.375,1,0,0.025,0,0,0,0.75,112
2021-06-07,20,0,771,23,6,1,112.0,123.75,114.5,1,0,0.013333333333333334,1,0,0,1.0,121
2021-06-14,20,0,803,24,6,1,121.0,109.75,117.5,1,0,0.016666666666666666,0,0,0,1.0,99
2021-06-21,20,0,803,25,6,1,99.0,112.75,115.125,0,0,0.0,0,0,0,1.0,113
2021-06-28,20,0,758,26,6,1,113.0,111.25,116.75,0,0,0.0,0,0,0,1.0,98
2021-07-05,20,0,914,27,7,1,98.0,107.75,115.75,1,0,0.011111111111111112,1,0,0,1.0,146
2021-07-12,20,0,1073,28,7,1,146.0,114.0,111.875,1,0,0.044444444444444446,0,0,0,1.0,257
2021-07-19,20,0,1081,29,7,1,257.0,153.5,133.125,1,0,0.011764705882352941,0,0,0,0.8235294117647058,224
2021-07-26,20,0,1005,30,7,1,224.0,181.25,146.25,1,0,0.023529411764705882,0,0,0,0.7647058823529411,187
2021-08-02,20,0,1139,31,8,1,187.0,203.5,155.625,1,0,0.011764705882352941,1,0,0,1.0,241
2021-08-09,20,0,1204,32,8,1,241.0,227.25,170.625,1,0,0.010526315789473684,0,0,0,1.0,271
2021-08-16,20,0,1094,33,8,1,271.0,230.75,192.125,1,0,0.05714285714285715,0,0,0,1.0,235
2021-08-23,20,0,1032,34,8,1,235.0,233.5,207.375,0,0,0.0,0,0,0,1.0,175
2021-08-30,20,0,862,35,8,1,175.0,230.5,217.0,1,0,0.03333333333333334,0,0,0,1.0,139
2021-09-06,20,0,798,36,9,1,139.0,205.0,216.125,1,0,0.015384615384615385,1,0,0,0.8461538461538461,127
2021-09-13,20,0,796,37,9,1,127.0,169.0,199.875,1,0,0.028571428571428574,0,0,0,1.0,91
2021-09-20,20,0,694,38,9,1,91.0,133.0,183.25,1,0,0.013333333333333334,0,0,0,0.8,89
2021-09-27,20,0,684,39,9,1,89.0,111.5,171.0,1,0,0.01,0,0,0,1.0,78
2021-10-04,20,0,741,40,10,1,78.0,96.25,150.625,0,0,0.0,1,0,0,1.0,76
2021-10-11,20,0,645,41,10,1,76.0,83.5,126.25,0,0,0.0,0,0,0,0.8333333333333334,86
2021-10-18,20,0,756,42,10,1,86.0,82.25,107.625,0,0,0.0,0,0,0,0.3333333333333333,91
2021-10-25,20,0,844,43,10,1,91.0,82.75,97.125,1,0,0.010526315789473684,0,0,0,0.3684210526315789,113
2021-11-01,20,0,775,44,11,1,113.0,91.5,93.875,1,0,0.03529411764705883,0,0,0,0.8823529411764706,93
2021-11-08,20,0,672,45,11,1,93.0,95.75,89.625,1,0,0.011764705882352941,1,0,0,0.058823529411764705,85
2021-11-15,20,0,601,46,11,1,85.0,95.5,88.875,1,0,0.021052631578947368,0,0,0,0.15789473684210525,77
2021-11-22,20,0,613,47,11,1,77.0,92.0,87.375,1,0,0.025,0,0,0,0.375,56
2021-11-29,20,0,636,48,11,1,56.0,77.75,84.625,1,0,0.01904761904761905,0,0,0,0.0,57
2021-12-06,20,0,530,49,12,1,57.0,68.75,82.25,1,0,0.018181818181818184,1,0,0,0.0,61
2021-12-13,20,0,646,50,12,1,61.0,62.75,79.125,1,1,0.04763202466148853,0,0,0,0.17647058823529413,80
2021-12-20,20,0,708,51,12,1,80.0,63.5,77.75,1,0,0.0125,0,0,0,0.5625,101
2021-12-27,20,0,738,52,12,1,101.0,74.75,76.25,1,0,0.04000000000000001,0,0,0,0.2,83
2022-01-03,20,0,575,1,1,1,83.0,81.25,75.0,1,0,0.02,1,0,0,0.1,55
2022-01-10,20,0,589,2,1,1,55.0,79.75,71.25,1,0,0.037500000000000006,0,0,0,0.5,62
2022-01-17,20,0,618,3,1,1,62.0,75.25,69.375,1,0,0.013333333333333334,0,0,0,0.5333333333333333,60
2022-01-24,20,0,632,4,1,0,60.0,65.0,69.875,1,0,0.011111111111111112,0,0,0,1.0,58
2022-01-31,20,0,644,5,1,1,58.0,58.75,70.0,1,0,0.016666666666666666,0,0,0,0.75,58
2022-02-07,20,0,661,6,2,1,58.0,59.5,69.625,0,0,0.0,1,0,0,1.0,58
2022-02-14,20,0,730,7,2,1,58.0,58.5,66.875,1,0,0.03636363636363637,0,0,0,0.8181818181818182,91
2022-02-21,20,0,741,8,2,1,91.0,66.25,65.625,1,0,0.011111111111111112,0,0,0,0.5,101
2022-02-28,20,0,737,9,2,1,101.0,77.0,67.875,1,0,0.010526315789473684,0,0,0,0.2631578947368421,64
2022-03-07,20,0,667,10,3,1,64.0,78.5,69.0,1,0,0.03076923076923077,1,0,0,0.38461538461538464,64
2022-03-14,20,0,670,11,3,1,64.0,80.0,69.25,1,0,0.03333333333333334,0,0,0,0.5555555555555556,76
2022-03-21,20,0,694,12,3,1,76.0,76.25,71.25,1,0,0.013333333333333334,0,0,0,1.0,106
2022-03-28,20,0,643,13,3,1,106.0,77.5,77.25,1,0,0.010526315789473684,0,0,0,0.8947368421052632,71
2022-04-04,20,0,645,14,4,1,71.0,79.25,78.875,1,0,0.02666666666666667,1,0,0,0.13333333333333333,79
2022-04-11,20,0,776,15,4,1,79.0,83.0,81.5,1,0,0.0125,0,0,0,0.5,107
2022-04-18,20,0,868,16,4,1,107.0,90.75,83.5,0,0,0.0,0,0,0,1.0,118
2022-04-25,20,0,761,17,4,1,118.0,93.75,85.625,0,0,0.0,0,0,0,1.0,88
2022-05-02,20,0,720,18,5,1,88.0,98.0,88.625,1,0,0.030000000000000006,1,0,0,0.3,77
2022-05-09,20,0,731,19,5,1,77.0,97.5,90.25,0,0,0.0,0,0,0,1.0,70
2022-05-16,20,0,743,20,5,1,70.0,88.25,89.5,1,0,0.015384615384615385,0,0,0,0.5384615384615384,90
2022-05-23,20,0,999,21,5,1,90.0,81.25,87.5,1,0,0.021052631578947368,0,0,0,1.0,191
2022-05-30,20,0,810,22,5,1,191.0,107.0,102.5,1,0,0.021052631578947368,0,0,0,1.0,120
2022-06-06,20,0,823,23,6,1,120.0,117.75,107.625,1,0,0.018181818181818184,1,0,0,1.0,116
2022-06-13,20,0,793,24,6,1,116.0,129.25,108.75,0,0,0.0,0,0,0,1.0,101
2022-06-20,20,0,785,25,6,1,101.0,132.0,106.625,0,0,0.0,0,0,0,1.0,111
2022-06-27,20,0,803,26,6,1,111.0,112.0,109.5,1,0,0.03333333333333333,0,0,0,1.0,84
2022-07-04,20,0,853,27,7,1,84.0,103.0,110.375,1,0,0.02666666666666667,1,0,0,1.0,102
2022-07-11,20,0,1185,28,7,1,102.0,99.5,114.375,0,0,0.0,0,0,0,1.0,260
2022-07-18,20,0,1067,29,7,1,260.0,139.25,135.625,0,0,0.0,0,0,0,0.6875,216
2022-07-25,20,0,1109,30,7,1,216.0,165.5,138.75,1,0,0.03333333333333334,0,0,0,0.16666666666666666,228
2022-08-01,20,0,1132,31,8,1,228.0,201.5,152.25,1,0,0.03636363636363637,0,0,0,0.8181818181818182,254
2022-08-08,20,0,1222,32,8,1,254.0,239.5,169.5,0,0,0.0,1,0,0,1.0,354
2022-08-15,20,0,1150,33,8,1,354.0,263.0,201.125,1,0,0.03529411764705883,0,0,0,1.0,289
2022-08-22,20,0,985,34,8,1,289.0,281.25,223.375,0,0,0.0,0,0,0,1.0,151
2022-08-29,20,0,740,35,8,1,151.0,262.0,231.75,1,0,0.03529411764705883,0,0,0,0.7058823529411765,100
2022-09-05,20,0,778,36,9,1,100.0,223.5,231.5,1,0,0.018181818181818184,1,0,0,0.5,111
2022-09-12,20,0,722,37,9,1,111.0,162.75,212.875,1,0,0.05,0,0,0,0.5,95
2022-09-19,20,0,662,38,9,1,95.0,114.25,197.75,1,0,0.02,0,0,0,0.75,103
2022-09-26,20,0,651,39,9,1,103.0,102.25,182.125,1,0,0.026086956521739136,0,0,0,0.7391304347826086,68
2022-10-03,20,0,500,40,10,1,68.0,94.25,158.875,0,0,0.0,1,0,0,0.4117647058823529,77
2022-10-10,20,0,463,41,10,1,77.0,85.75,124.25,1,0,0.022222222222222223,0,0,0,0.0,82
2022-10-17,20,0,488,42,10,1,82.0,82.5,98.375,1,0,0.01904761904761905,0,0,0,0.42857142857142855,81
2022-10-24,20,0,497,43,10,1,81.0,77.0,89.625,1,0,0.0125,0,0,0,0.0,96
2022-10-31,20,0,520,44,10,1,96.0,84.0,89.125,1,0,0.014285714285714287,0,0,0,0.7142857142857143,116
2022-11-07,20,0,460,45,11,1,116.0,93.75,89.75,0,0,0.0,1,0,0,0.8235294117647058,67
2022-11-14,20,0,451,46,11,1,67.0,90.0,86.25,1,0,0.011111111111111112,0,0,0,0.5555555555555556,81
2022-11-21,20,0,459,47,11,1,81.0,90.0,83.5,0,0,0.0,0,0,0,0.9230769230769231,57
2022-11-28,20,0,451,48,11,1,57.0,80.25,82.125,0,0,0.0,0,0,0,0.8461538461538461,70
2022-12-05,20,0,411,49,12,1,70.0,68.75,81.25,1,0,0.02,1,0,0,0.0,59
2022-12-12,20,0,469,50,12,1,59.0,66.75,78.375,0,0,0.0,0,0,0,0.4375,75
2022-12-19,20,0,479,51,12,1,75.0,65.25,77.625,1,0,0.011764705882352941,0,0,0,0.0,104
2022-12-26,20,0,465,52,12,1,104.0,77.0,78.625,0,0,0.0,0,0,0,0.06666666666666667,78
2020-12-28,21,0,288,53,12,1,0.0,0.0,0.0,0,0,0.0,0,0,0,0.0,9
2021-01-04,21,0,604,1,1,1,9.0,9.0,9.0,1,0,0.022222222222222223,1,0,0,0.1111111111111111,15
2021-01-11,21,0,625,2,1,1,15.0,12.0,12.0,1,0,0.05454545454545456,0,0,0,0.09090909090909091,16
2021-01-18,21,0,604,3,1,1,16.0,13.333333333333334,13.333333333333334,1,0,0.022222222222222223,0,0,0,0.3333333333333333,15
2021-01-25,21,0,636,4,1,1,15.0,13.75,13.75,1,0,0.04615384615384616,0,0,0,0.0,19
2021-02-01,21,0,605,5,2,1,19.0,16.25,14.8,1,0,0.02,0,0,0,0.0,18
2021-02-08,21,0,650,6,2,1,18.0,17.0,15.333333333333334,1,0,0.028571428571428574,1,0,0,0.42857142857142855,20
2021-02-15,21,0,662,7,2,1,20.0,18.0,16.0,1,0,0.025,0,0,0,0.0,17
2021-02-22,21,0,838,8,2,1,17.0,18.5,16.125,0,0,0.0,0,0,0,0.6153846153846154,18
2021-03-01,21,0,752,9,3,1,18.0,18.25,17.25,1,0,0.011764705882352941,0,0,0,0.8235294117647058,18
2021-03-08,21,0,726,10,3,1,18.0,18.25,17.625,1,0,0.018181818181818184,1,0,0,0.7272727272727273,16
2021-03-15,21,0,680,11,3,1,16.0,17.25,17.625,1,1,0.07198482642017988,0,0,0,0.8333333333333334,19
2021-03-22,21,0,667,12,3,1,19.0,17.75,18.125,0,0,0.0,0,0,0,0.6,16
2021-03-29,21,0,744,13,3,1,16.0,17.25,17.75,1,0,0.02,0,0,0,0.9,19
2021-04-05,21,0,715,14,4,1,19.0,17.5,17.875,1,0,0.018181818181818184,1,0,0,0.36363636363636365,18
2021-04-12,21,0,790,15,4,1,18.0,18.0,17.625,1,0,0.013333333333333334,0,0,0,1.0,19
2021-04-19,21,0,813,16,4,1,19.0,18.0,17.875,1,0,0.015384615384615385,0,0,0,0.9230769230769231,18
2021-04-26,21,0,753,17,4,1,18.0,18.5,17.875,0,0,0.0,0,0,0,0.8333333333333334,17
2021-05-03,21,0,786,18,5,1,17.0,18.0,17.75,1,0,0.05000000000000001,1,0,0,1.0,16
2021-05-10,21,0,980,19,5,1,16.0,17.5,17.75,0,0,0.0,0,0,0,0.9090909090909091,18
2021-05-17,21,0,598,20,5,1,18.0,17.25,17.625,1,0,0.03636363636363637,0,0,0,1.0,15
2021-05-24,21,0,786,21,5,1,15.0,16.5,17.5,1,0,0.025,0,0,0,1.0,18
2021-05-31,21,0,759,22,5,1,18.0,16.75,17.375,1,0,0.03636363636363637,0,0,0,0.8181818181818182,17
2021-06-07,21,0,771,23,6,1,17.0,17.0,17.25,1,0,0.05,1,0,0,1.0,20
2021-06-14,21,0,803,24,6,1,20.0,17.5,17.375,1,0,0.02,0,0,0,1.0,19
2021-06-21,21,0,803,25,6,1,19.0,18.5,17.5,1,0,0.03529411764705883,0,0,0,1.0,21
2021-06-28,21,0,758,26,6,1,21.0,19.25,18.0,1,0,0.05454545454545456,0,0,0,1.0,14
2021-07-05,21,0,914,27,7,1,14.0,18.5,17.75,1,0,0.025,1,0,0,1.0,19
2021-07-12,21,0,1073,28,7,1,19.0,18.25,17.875,0,0,0.0,0,0,0,1.0,18
2021-07-19,21,0,1081,29,7,1,18.0,18.0,18.25,1,0,0.014285714285714287,0,0,0,0.7857142857142857,20
2021-07-26,21,0,1005,30,7,1,20.0,17.75,18.5,1,0,0.03076923076923077,0,0,0,0.9230769230769231,17
2021-08-02,21,0,1139,31,8,1,17.0,18.5,18.5,1,0,0.015384615384615385,1,0,0,1.0,18
2021-08-09,21,0,1204,32,8,1,18.0,18.25,18.25,0,0,0.0,0,0,0,1.0,18
2021-08-16,21,0,1094,33,8,1,18.0,18.25,18.125,1,0,0.015384615384615385,0,0,0,1.0,19
2021-08-23,21,0,1032,34,8,1,19.0,18.0,17.875,1,0,0.018181818181818184,0,0,0,1.0,19
2021-08-30,21,0,862,35,8,1,19.0,18.5,18.5,0,0,0.0,0,0,0,1.0,16
2021-09-06,21,0,798,36,9,1,16.0,18.0,18.125,1,0,0.028571428571428574,1,0,0,0.9285714285714286,18
2021-09-13,21,0,796,37,9,1,18.0,18.0,18.125,1,0,0.014285714285714287,0,0,0,1.0,20
2021-09-20,21,0,694,38,9,1,20.0,18.25,18.125,0,0,0.0,0,0,0,0.75,18
2021-09-27,21,0,684,39,9,1,18.0,18.0,18.25,1,0,0.03636363636363637,0,0,0,1.0,18
2021-10-04,21,0,741,40,10,1,18.0,18.5,18.25,1,0,0.02666666666666667,1,0,0,1.0,17
2021-10-11,21,0,645,41,10,1,17.0,18.25,18.125,0,0,0.0,0,0,0,0.9166666666666666,19
2021-10-18,21,0,756,42,10,1,19.0,18.0,18.125,1,0,0.04615384615384616,0,0,0,0.23076923076923078,20
2021-10-25,21,0,844,43,10,1,20.0,18.5,18.25,1,0,0.05000000000000001,0,0,0,0.4166666666666667,18
2021-11-01,21,0,775,44,11,1,18.0,18.5,18.5,1,0,0.014285714285714287,0,0,0,0.8571428571428571,19
2021-11-08,21,0,672,45,11,1,19.0,19.0,18.625,1,0,0.013333333333333334,1,0,0,0.06666666666666667,17
2021-11-15,21,0,601,46,11,1,17.0,18.5,18.25,1,0,0.03333333333333333,0,0,0,0.08333333333333333,19
2021-11-22,21,0,613,47,11,1,19.0,18.25,18.375,0,0,0.0,0,0,0,0.26666666666666666,19
2021-11-29,21,0,636,48,11,1,19.0,18.5,18.5,1,0,0.016666666666666666,0,0,0,0.0,17
2021-12-06,21,0,530,49,12,1,17.0,18.0,18.5,1,0,0.02666666666666667,1,0,0,0.0,20
2021-12-13,21,0,646,50,12,1,20.0,18.75,18.625,0,0,0.0,0,0,0,0.2857142857142857,20
2021-12-20,21,0,708,51,12,1,20.0,19.0,18.625,0,0,0.0,0,0,0,0.7,16
2021-12-27,21,0,738,52,12,1,16.0,18.25,18.375,1,0,0.015384615384615385,0,0,0,0.23076923076923078,19
2022-01-03,21,0,575,1,1,1,19.0,18.75,18.375,1,0,0.022222222222222223,1,0,0,0.1111111111111111,18
2022-01-10,21,0,589,2,1,1,18.0,18.25,18.5,0,0,0.0,0,0,0,0.5555555555555556,17
2022-01-17,21,0,618,3,1,1,17.0,17.5,18.25,1,0,0.014285714285714287,0,0,0,0.42857142857142855,19
2022-01-24,21,0,632,4,1,0,19.0,18.25,18.25,0,0,0.0,0,0,0,1.0,16
2022-01-31,21,0,644,5,1,1,16.0,17.5,18.125,1,0,0.03076923076923077,0,0,0,0.6153846153846154,17
2022-02-07,21,0,661,6,2,1,17.0,17.25,17.75,1,0,0.05714285714285715,1,0,0,1.0,18
2022-02-14,21,0,730,7,2,1,18.0,17.5,17.5,0,0,0.0,0,0,0,0.7777777777777778,18
2022-02-21,21,0,741,8,2,1,18.0,17.25,17.75,1,0,0.04,0,0,0,0.3,16
2022-02-28,21,0,737,9,2,1,16.0,17.25,17.375,1,0,0.025,0,0,0,0.25,18
2022-03-07,21,0,667,10,3,1,18.0,17.5,17.375,1,0,0.03076923076923077,1,0,0,0.3076923076923077,18
2022-03-14,21,0,670,11,3,1,18.0,17.5,17.5,0,0,0.0,0,0,0,0.4,16
2022-03-21,21,0,694,12,3,1,16.0,17.0,17.125,1,0,0.09333333333333334,0,0,0,1.0,19
2022-03-28,21,0,643,13,3,1,19.0,17.75,17.5,1,0,0.018181818181818184,0,0,0,0.8181818181818182,16
2022-04-04,21,0,645,14,4,1,16.0,17.25,17.375,1,0,0.016666666666666666,1,0,0,0.16666666666666666,16
2022-04-11,21,0,776,15,4,1,16.0,16.75,17.125,0,0,0.0,0,0,0,0.5,17
2022-04-18,21,0,868,16,4,1,17.0,17.0,17.0,1,0,0.018181818181818184,0,0,0,1.0,18
2022-04-25,21,0,761,17,4,1,18.0,16.75,17.25,1,0,0.03333333333333333,0,0,0,1.0,19
2022-05-02,21,0,720,18,5,1,19.0,17.5,17.375,1,0,0.02,1,0,0,0.5,18
2022-05-09,21,0,731,19,5,1,18.0,18.0,17.375,0,0,0.0,0,0,0,1.0,17
2022-05-16,21,0,743,20,5,1,17.0,18.0,17.5,0,0,0.0,0,0,0,0.6,16
2022-05-23,21,0,999,21,5,1,16.0,17.5,17.125,1,0,0.04000000000000001,0,0,0,1.0,18
2022-05-30,21,0,810,22,5,1,18.0,17.25,17.375,0,0,0.0,0,0,0,1.0,18
2022-06-06,21,0,823,23,6,1,18.0,17.25,17.625,1,0,0.018181818181818184,1,0,0,1.0,18
2022-06-13,21,0,793,24,6,1,18.0,17.5,17.75,1,0,0.015384615384615385,0,0,0,1.0,18
2022-06-20,21,0,785,25,6,1,18.0,18.0,17.75,1,0,0.015384615384615385,0,0,0,1.0,18
2022-06-27,21,0,803,26,6,1,18.0,18.0,17.625,0,0,0.0,0,0,0,1.0,17
2022-07-04,21,0,853,27,7,1,17.0,17.75,17.5,0,0,0.0,1,0,0,1.0,17
2022-07-11,21,0,1185,28,7,1,17.0,17.5,17.5,1,0,0.04,0,0,0,1.0,17
2022-07-18,21,0,1067,29,7,1,17.0,17.25,17.625,1,0,0.016666666666666666,0,0,0,0.4166666666666667,16
2022-07-25,21,0,1109,30,7,1,16.0,16.75,17.375,0,0,0.0,0,0,0,0.18181818181818182,18
2022-08-01,21,0,1132,31,8,1,18.0,17.0,17.375,1,0,0.014285714285714287,0,0,0,0.8571428571428571,19
2022-08-08,21,0,1222,32,8,1,19.0,17.5,17.5,1,0,0.018181818181818184,1,0,0,1.0,18
2022-08-15,21,0,1150,33,8,1,18.0,17.75,17.5,1,0,0.05000000000000001,0,0,0,1.0,18
2022-08-22,21,0,985,34,8,1,18.0,18.25,17.5,1,0,0.028571428571428574,0,0,0,1.0,17
2022-08-29,21,0,740,35,8,1,17.0,18.0,17.5,1,0,0.015384615384615385,0,0,0,0.6153846153846154,18
2022-09-05,21,0,778,36,9,1,18.0,17.75,17.625,1,0,0.018181818181818184,1,0,0,0.5454545454545454,17
2022-09-12,21,0,722,37,9,1,17.0,17.5,17.625,0,0,0.0,0,0,0,0.4166666666666667,16
2022-09-19,21,0,662,38,9,1,16.0,17.0,17.625,1,0,0.014285714285714287,0,0,0,0.7142857142857143,19
2022-09-26,21,0,651,39,9,1,19.0,17.5,17.75,1,0,0.016666666666666666,0,0,0,0.8333333333333334,19
2022-10-03,21,0,500,40,10,1,19.0,17.75,17.75,1,0,0.02,1,0,0,0.3,18
2022-10-10,21,0,463,41,10,1,18.0,18.0,17.75,0,0,0.0,0,0,0,0.0,19
2022-10-17,21,0,488,42,10,1,19.0,18.75,17.875,0,0,0.0,0,0,0,0.4166666666666667,17
2022-10-24,21,0,497,43,10,1,17.0,18.25,17.875,1,0,0.03333333333333333,0,0,0,0.0,17
2022-10-31,21,0,520,44,10,1,17.0,17.75,17.75,0,0,0.0,0,0,0,0.75,17
2022-11-07,21,0,460,45,11,1,17.0,17.5,17.75,0,0,0.0,1,0,0,0.9166666666666666,19
2022-11-14,21,0,451,46,11,1,19.0,17.5,18.125,0,1,0.017362513472307415,0,0,0,0.5384615384615384,16
2022-11-21,21,0,459,47,11,1,16.0,17.25,17.75,1,0,0.028571428571428574,0,0,0,0.7857142857142857,21
2022-11-28,21,0,451,48,11,1,21.0,18.25,18.0,1,0,0.02666666666666667,0,0,0,0.6,18
2022-12-05,21,0,411,49,12,1,18.0,18.5,18.0,1,0,0.04615384615384616,1,0,0,0.0,17
2022-12-12,21,0,469,50,12,1,17.0,18.0,17.75,0,0,0.0,0,0,0,0.42857142857142855,18
2022-12-19,21,0,479,51,12,1,18.0,18.5,17.875,0,0,0.0,0,0,0,0.0,18
2022-12-26,21,0,465,52,12,1,18.0,17.75,18.0,1,0,0.05000000000000001,0,0,0,0.08333333333333333,21
2020-12-28,22,0,288,53,12,1,0.0,0.0,0.0,0,0,0.0,0,0,0,0.0,3
2021-01-04,22,0,604,1,1,1,3.0,3.0,3.0,0,0,0.0,0,0,0,0.0,5
2021-01-11,22,0,625,2,1,1,5.0,4.0,4.0,1,0,0.06666666666666667,0,0,0,0.0,6
2021-01-18,22,0,604,3,1,1,6.0,4.666666666666667,4.666666666666667,1,0,0.025,0,0,0,0.25,8
2021-01-25,22,0,636,4,1,1,8.0,5.5,5.5,1,0,0.07500000000000001,0,0,0,0.0,8
2021-02-01,22,0,605,5,2,1,8.0,6.75,6.0,0,0,0.0,0,0,0,0.0,11
2021-02-08,22,0,650,6,2,1,11.0,8.25,6.833333333333333,0,0,0.0,1,0,0,0.5,13
2021-02-15,22,0,662,7,2,1,13.0,10.0,7.714285714285714,0,0,0.0,0,0,0,0.0,12
2021-02-22,22,0,838,8,2,1,12.0,11.0,8.25,0,0,0.0,0,0,0,0.8,13
2021-03-01,22,0,752,9,3,1,13.0,12.25,9.5,1,0,0.05454545454545456,0,0,0,0.8181818181818182,13
2021-03-08,22,0,726,10,3,1,13.0,12.75,10.5,1,0,0.02,1,0,0,0.8,19
2021-03-15,22,0,680,11,3,1,19.0,14.25,12.125,0,0,0.0,0,0,0,0.8571428571428571,9
2021-03-22,22,0,667,12,3,1,9.0,13.5,12.25,0,0,0.0,0,0,0,0.4444444444444444,11
2021-03-29,22,0,744,13,3,1,11.0,13.0,12.625,0,0,0.0,0,0,0,0.9,10
2021-04-05,22,0,715,14,4,1,10.0,12.25,12.5,0,0,0.0,0,0,0,0.14285714285714285,8
2021-04-12,22,0,790,15,4,1,8.0,9.5,11.875,1,0,0.02,0,0,0,1.0,13
2021-04-19,22,0,813,16,4,1,13.0,10.5,12.0,1,0,0.08,0,0,0,1.0,8
2021-04-26,22,0,753,17,4,1,8.0,9.75,11.375,1,0,0.022222222222222223,0,0,0,0.7777777777777778,9
2021-05-03,22,0,786,18,5,1,9.0,9.5,10.875,1,0,0.042857142857142864,1,0,0,1.0,21
2021-05-10,22,0,980,19,5,1,21.0,12.75,11.125,1,0,0.018181818181818184,0,0,0,0.8181818181818182,23
2021-05-17,22,0,598,20,5,1,23.0,15.25,12.875,0,0,0.0,0,0,0,1.0,12
2021-05-24,22,0,786,21,5,1,12.0,16.25,13.0,1,1,0.04302060574757442,0,0,0,1.0,13
2021-05-31,22,0,759,22,5,1,13.0,17.25,13.375,1,0,0.02,0,0,0,0.5,13
2021-06-07,22,0,771,23,6,1,13.0,15.25,14.0,0,0,0.0,1,0,0,1.0,9
2021-06-14,22,0,803,24,6,1,9.0,11.75,13.5,1,0,0.05,0,0,0,1.0,9
2021-06-21,22,0,803,25,6,1,9.0,11.0,13.625,0,0,0.0,0,0,0,1.0,11
2021-06-28,22,0,758,26,6,1,11.0,10.5,13.875,0,0,0.0,0,0,0,1.0,11
2021-07-05,22,0,914,27,7,1,11.0,10.0,12.625,0,0,0.0,0,0,0,1.0,14
2021-07-12,22,0,1073,28,7,1,14.0,11.25,11.5,1,0,0.016666666666666666,0,0,0,1.0,13
2021-07-19,22,0,1081,29,7,1,13.0,12.25,11.625,1,0,0.016666666666666666,0,0,0,0.75,25
2021-07-26,22,0,1005,30,7,1,25.0,15.75,13.125,1,0,0.022222222222222223,0,0,0,0.8888888888888888,14
2021-08-02,22,0,1139,31,8,1,14.0,16.5,13.25,1,0,0.015384615384615385,1,0,0,1.0,17
2021-08-09,22,0,1204,32,8,1,17.0,17.25,14.25,1,0,0.04000000000000001,0,0,0,1.0,23
2021-08-16,22,0,1094,33,8,1,23.0,19.75,16.0,1,0,0.018181818181818184,0,0,0,1.0,19
2021-08-23,22,0,1032,34,8,1,19.0,18.25,17.0,1,0,0.016666666666666666,0,0,0,1.0,18
2021-08-30,22,0,862,35,8,1,18.0,19.25,17.875,1,0,0.015384615384615385,0,0,0,1.0,20
2021-09-06,22,0,798,36,9,1,20.0,20.0,18.625,1,0,0.06000000000000001,1,0,0,0.7,12
2021-09-13,22,0,796,37,9,1,12.0,17.25,18.5,0,0,0.0,0,0,0,1.0,12
2021-09-20,22,0,694,38,9,1,12.0,15.5,16.875,0,0,0.0,0,0,0,0.7,12
2021-09-27,22,0,684,39,9,1,12.0,14.0,16.625,0,0,0.0,0,0,0,1.0,11
2021-10-04,22,0,741,40,10,1,11.0,11.75,15.875,1,0,0.018181818181818184,1,0,0,1.0,12
2021-10-11,22,0,645,41,10,1,12.0,11.75,14.5,0,0,0.0,0,0,0,0.8571428571428571,10
2021-10-18,22,0,756,42,10,1,10.0,11.25,13.375,1,0,0.03636363636363637,0,0,0,0.36363636363636365,14
2021-10-25,22,0,844,43,10,1,14.0,11.75,12.875,0,0,0.0,0,0,0,0.75,11
2021-11-01,22,0,775,44,11,1,11.0,11.75,11.75,1,0,0.04,0,0,0,0.6,17
2021-11-08,22,0,672,45,11,1,17.0,13.0,12.375,0,0,0.0,1,0,0,0.1111111111111111,12
2021-11-15,22,0,601,46,11,1,12.0,13.5,12.375,0,0,0.0,0,0,0,0.375,10
2021-11-22,22,0,613,47,11,1,10.0,12.5,12.125,1,0,0.04,0,0,0,0.1,12
2021-11-29,22,0,636,48,11,1,12.0,12.75,12.25,0,0,0.0,0,0,0,0.0,7
2021-12-06,22,0,530,49,12,1,7.0,10.25,11.625,0,0,0.0,0,0,0,0.0,5
2021-12-13,22,0,646,50,12,1,5.0,8.5,11.0,1,0,0.025,0,0,0,0.125,9
2021-12-20,22,0,708,51,12,1,9.0,8.25,10.375,1,0,0.022222222222222223,0,0,0,0.4444444444444444,10
2021-12-27,22,0,738,52,12,1,10.0,7.75,10.25,1,0,0.04,0,0,0,0.2,5
2022-01-03,22,0,575,1,1,1,5.0,7.25,8.75,0,0,0.0,1,0,0,0.25,4
2022-01-10,22,0,589,2,1,1,4.0,7.0,7.75,0,0,0.0,0,0,0,0.5714285714285714,7
2022-01-17,22,0,618,3,1,1,7.0,6.5,7.375,1,0,0.06666666666666667,0,0,0,0.5,7
2022-01-24,22,0,632,4,1,0,7.0,5.75,6.75,1,0,0.025,0,0,0,1.0,8
2022-01-31,22,0,644,5,1,1,8.0,6.5,6.875,1,0,0.028571428571428574,0,0,0,0.7142857142857143,10
2022-02-07,22,0,661,6,2,1,10.0,8.0,7.5,1,0,0.025,1,0,0,1.0,9
2022-02-14,22,0,730,7,2,1,9.0,8.5,7.5,0,0,0.0,0,0,0,0.9090909090909091,17
2022-02-21,22,0,741,8,2,1,17.0,11.0,8.375,0,0,0.0,0,0,0,0.2857142857142857,18
2022-02-28,22,0,737,9,2,1,18.0,13.5,10.0,1,0,0.028571428571428574,0,0,0,0.2857142857142857,17
2022-03-07,22,0,667,10,3,1,17.0,15.25,11.625,0,0,0.0,1,0,0,0.18181818181818182,14
2022-03-14,22,0,670,11,3,1,14.0,16.5,12.5,1,0,0.016666666666666666,0,0,0,0.5,13
2022-03-21,22,0,694,12,3,1,13.0,15.5,13.25,0,1,0.01906271051544033,0,0,0,1.0,9
2022-03-28,22,0,643,13,3,1,9.0,13.25,13.375,0,0,0.0,0,0,0,0.8571428571428571,7
2022-04-04,22,0,645,14,4,1,7.0,10.75,13.0,0,0,0.0,1,0,0,0.1,12
2022-04-11,22,0,776,15,4,1,12.0,10.25,13.375,0,0,0.0,0,0,0,0.6666666666666666,11
2022-04-18,22,0,868,16,4,1,11.0,9.75,12.625,0,0,0.0,0,0,0,1.0,12
2022-04-25,22,0,761,17,4,1,12.0,10.5,11.875,0,0,0.0,0,0,0,1.0,17
2022-05-02,22,0,720,18,5,1,17.0,13.0,11.875,1,0,0.022222222222222223,1,0,0,0.4444444444444444,10
2022-05-09,22,0,731,19,5,1,10.0,12.5,11.375,1,0,0.025,0,0,0,1.0,15
2022-05-16,22,0,743,20,5,1,15.0,13.5,11.625,1,0,0.07500000000000001,0,0,0,0.5,10
2022-05-23,22,0,999,21,5,1,10.0,13.0,11.75,1,0,0.03636363636363637,0,0,0,1.0,18
2022-05-30,22,0,810,22,5,1,18.0,13.25,13.125,1,0,0.018181818181818184,0,0,0,1.0,14
2022-06-06,22,0,823,23,6,1,14.0,14.25,13.375,0,0,0.0,0,0,0,1.0,14
2022-06-13,22,0,793,24,6,1,14.0,14.0,13.75,0,0,0.0,0,0,0,1.0,11
2022-06-20,22,0,785,25,6,1,11.0,14.25,13.625,1,0,0.022222222222222223,0,0,0,1.0,9
2022-06-27,22,0,803,26,6,1,9.0,12.0,12.625,1,0,0.022222222222222223,0,0,0,1.0,17
2022-07-04,22,0,853,27,7,1,17.0,12.75,13.5,0,1,0.03051524100488785,1,0,0,1.0,17
2022-07-11,22,0,1185,28,7,1,17.0,13.5,13.75,0,0,0.0,0,0,0,1.0,22
2022-07-18,22,0,1067,29,7,1,22.0,16.25,15.25,1,0,0.018181818181818184,0,0,0,0.5454545454545454,19
2022-07-25,22,0,1109,30,7,1,19.0,18.75,15.375,1,0,0.015384615384615385,0,0,0,0.23076923076923078,20
2022-08-01,22,0,1132,31,8,1,20.0,19.5,16.125,0,0,0.0,0,0,0,0.9,16
2022-08-08,22,0,1222,32,8,1,16.0,19.25,16.375,1,0,0.04,1,0,0,1.0,18
2022-08-15,22,0,1150,33,8,1,18.0,18.25,17.25,1,0,0.04,0,0,0,1.0,16
2022-08-22,22,0,985,34,8,1,16.0,17.5,18.125,0,0,0.0,0,0,0,1.0,13
2022-08-29,22,0,740,35,8,1,13.0,15.75,17.625,0,0,0.0,0,0,0,0.5555555555555556,10
2022-09-05,22,0,778,36,9,1,10.0,14.25,16.75,1,0,0.022222222222222223,1,0,0,0.4444444444444444,11
2022-09-12,22,0,722,37,9,1,11.0,12.5,15.375,1,0,0.022222222222222223,0,0,0,0.5555555555555556,11
2022-09-19,22,0,662,38,9,1,11.0,11.25,14.375,1,0,0.022222222222222223,0,0,0,0.8888888888888888,12
2022-09-26,22,0,651,39,9,1,12.0,11.0,13.375,0,0,0.0,0,0,0,0.625,9
2022-10-03,22,0,500,40,10,1,9.0,10.75,12.5,1,0,0.022222222222222223,1,0,0,0.4444444444444444,15
2022-10-10,22,0,463,41,10,1,15.0,11.75,12.125,1,0,0.025,0,0,0,0.0,8
2022-10-17,22,0,488,42,10,1,8.0,11.0,11.125,0,0,0.0,0,0,0,0.5555555555555556,11
2022-10-24,22,0,497,43,10,1,11.0,10.75,10.875,1,0,0.02,0,0,0,0.0,10
2022-10-31,22,0,520,44,10,1,10.0,11.0,10.875,1,0,0.022222222222222223,0,0,0,0.6666666666666666,21
2022-11-07,22,0,460,45,11,1,21.0,12.5,12.125,1,0,0.022222222222222223,0,0,0,0.6666666666666666,10
2022-11-14,22,0,451,46,11,1,10.0,13.0,12.0,1,0,0.03333333333333333,0,0,0,0.8333333333333334,6
2022-11-21,22,0,459,47,11,1,6.0,11.75,11.25,1,0,0.05,0,0,0,0.625,10
2022-11-28,22,0,451,48,11,1,10.0,11.75,11.375,0,0,0.0,0,0,0,0.8571428571428571,12
2022-12-05,22,0,411,49,12,1,12.0,9.5,11.0,0,0,0.0,0,0,0,0.0,7
2022-12-12,22,0,469,50,12,1,7.0,8.75,10.875,1,0,0.04,0,0,0,0.4,7
2022-12-19,22,0,479,51,12,1,7.0,9.0,10.375,0,0,0.0,0,0,0,0.0,10
2022-12-26,22,0,465,52,12,1,10.0,9.0,10.375,1,0,0.03333333333333333,0,0,0,0.16666666666666666,6
2020-12-28,23,0,288,53,12,1,0.0,0.0,0.0,0,0,0.0,0,0,0,0.0,8
2021-01-04,23,0,604,1,1,1,8.0,8.0,8.0,1,0,0.018181818181818184,1,0,0,0.09090909090909091,16
2021-01-11,23,0,625,2,1,1,16.0,12.0,12.0,0,0,0.0,0,0,0,0.1,19
2021-01-18,23,0,604,3,1,1,19.0,14.333333333333334,14.333333333333334,1,0,0.016666666666666666,0,0,0,0.4166666666666667,19
2021-01-25,23,0,636,4,1,1,19.0,15.5,15.5,1,0,0.022222222222222223,0,0,0,0.0,16
2021-02-01,23,0,605,5,2,1,16.0,17.5,15.6,1,0,0.02666666666666667,0,0,0,0.0,19
2021-02-08,23,0,650,6,2,1,19.0,18.25,16.166666666666668,0,0,0.0,1,0,0,0.2857142857142857,18
2021-02-15,23,0,662,7,2,1,18.0,18.0,16.428571428571427,1,0,0.04615384615384616,0,0,0,0.0,19
2021-02-22,23,0,838,8,2,1,19.0,18.0,16.75,1,0,0.03636363636363637,0,0,0,0.6363636363636364,16
2021-03-01,23,0,752,9,3,1,16.0,18.0,17.75,1,0,0.028571428571428574,0,0,0,0.7857142857142857,18
2021-03-08,23,0,726,10,3,1,18.0,17.75,18.0,1,0,0.03333333333333333,1,0,0,0.75,18
2021-03-15,23,0,680,11,3,1,18.0,17.75,17.875,1,0,0.015384615384615385,0,0,0,0.6923076923076923,15
2021-03-22,23,0,667,12,3,1,15.0,16.75,17.375,1,0,0.016666666666666666,0,0,0,0.5833333333333334,17
2021-03-29,23,0,744,13,3,1,17.0,17.0,17.5,1,0,0.013333333333333334,0,0,0,0.9333333333333333,17
2021-04-05,23,0,715,14,4,1,17.0,16.75,17.25,0,0,0.0,1,0,0,0.375,18
2021-04-12,23,0,790,15,4,1,18.0,16.75,17.25,1,0,0.018181818181818184,0,0,0,1.0,17
2021-04-19,23,0,813,16,4,1,17.0,17.25,17.0,1,0,0.013333333333333334,0,0,0,0.8666666666666667,17
2021-04-26,23,0,753,17,4,1,17.0,17.25,17.125,1,0,0.028571428571428574,0,0,0,0.7857142857142857,18
2021-05-03,23,0,786,18,5,1,18.0,17.5,17.125,1,0,0.03636363636363637,1,0,0,1.0,19
2021-05-10,23,0,980,19,5,1,19.0,17.75,17.25,1,0,0.03333333333333333,0,0,0,0.9166666666666666,16
2021-05-17,23,0,598,20,5,1,16.0,17.5,17.375,1,1,0.037236600705089,0,0,0,1.0,17
2021-05-24,23,0,786,21,5,1,17.0,17.5,17.375,1,0,0.016666666666666666,0,0,0,1.0,17
2021-05-31,23,0,759,22,5,1,17.0,17.25,17.375,1,0,0.028571428571428574,0,0,0,0.7857142857142857,16
2021-06-07,23,0,771,23,6,1,16.0,16.5,17.125,1,0,0.04,1,0,0,1.0,18
2021-06-14,23,0,803,24,6,1,18.0,17.0,17.25,0,0,0.0,0,0,0,1.0,17
2021-06-21,23,0,803,25,6,1,17.0,17.0,17.25,1,0,0.016666666666666666,0,0,0,1.0,18
2021-06-28,23,0,758,26,6,1,18.0,17.25,17.25,1,0,0.018181818181818184,0,0,0,1.0,17
2021-07-05,23,0,914,27,7,1,17.0,17.5,17.0,0,0,0.0,1,0,0,1.0,18
2021-07-12,23,0,1073,28,7,1,18.0,17.5,17.25,1,0,0.0125,0,0,0,1.0,18
2021-07-19,23,0,1081,29,7,1,18.0,17.75,17.375,1,0,0.015384615384615385,0,0,0,0.9230769230769231,16
2021-07-26,23,0,1005,30,7,1,16.0,17.25,17.25,1,0,0.018181818181818184,0,0,0,0.8181818181818182,18
2021-08-02,23,0,1139,31,8,1,18.0,17.5,17.5,1,1,0.05891289724304604,1,0,0,1.0,18
2021-08-09,23,0,1204,32,8,1,18.0,17.5,17.5,0,0,0.0,0,0,0,1.0,17
2021-08-16,23,0,1094,33,8,1,17.0,17.25,17.5,1,0,0.013333333333333334,0,0,0,1.0,18
2021-08-23,23,0,1032,34,8,1,18.0,17.75,17.5,0,0,0.0,0,0,0,1.0,18
2021-08-30,23,0,862,35,8,1,18.0,17.75,17.625,1,0,0.04615384615384616,0,0,0,1.0,19
2021-09-06,23,0,798,36,9,1,19.0,18.0,17.75,1,0,0.016666666666666666,1,0,0,0.8333333333333334,16
2021-09-13,23,0,796,37,9,1,16.0,17.75,17.5,1,0,0.04615384615384616,0,0,0,1.0,20
2021-09-20,23,0,694,38,9,1,20.0,18.25,18.0,0,0,0.0,0,0,0,0.8888888888888888,19
2021-09-27,23,0,684,39,9,1,19.0,18.5,18.125,1,0,0.03076923076923077,0,0,0,1.0,17
2021-10-04,23,0,741,40,10,1,17.0,18.0,18.0,1,0,0.04,1,0,0,1.0,18
2021-10-11,23,0,645,41,10,1,18.0,18.5,18.125,1,0,0.013333333333333334,0,0,0,0.8,19
2021-10-18,23,0,756,42,10,1,19.0,18.25,18.25,1,0,0.02,0,0,0,0.3,18
2021-10-25,23,0,844,43,10,1,18.0,18.0,18.25,1,0,0.04,0,0,0,0.4,18
2021-11-01,23,0,775,44,11,1,18.0,18.25,18.125,1,0,0.025,0,0,0,0.8125,19
2021-11-08,23,0,672,45,11,1,19.0,18.5,18.5,0,0,0.0,1,0,0,0.25,19
2021-11-15,23,0,601,46,11,1,19.0,18.5,18.375,1,0,0.018181818181818184,0,0,0,0.09090909090909091,17
2021-11-22,23,0,613,47,11,1,17.0,18.25,18.125,1,0,0.028571428571428574,0,0,0,0.2857142857142857,20
2021-11-29,23,0,636,48,11,1,20.0,18.75,18.5,0,0,0.0,0,0,0,0.0,16
2021-12-06,23,0,530,49,12,1,16.0,18.0,18.25,1,0,0.014285714285714287,1,0,0,0.0,18
2021-12-13,23,0,646,50,12,1,18.0,17.75,18.125,1,0,0.016666666666666666,0,0,0,0.25,19
2021-12-20,23,0,708,51,12,1,19.0,18.25,18.25,1,0,0.025,0,0,0,0.625,19
2021-12-27,23,0,738,52,12,1,19.0,18.0,18.375,1,0,0.03636363636363637,0,0,0,0.18181818181818182,18
2022-01-03,23,0,575,1,1,1,18.0,18.5,18.25,1,0,0.016666666666666666,1,0,0,0.08333333333333333,17
2022-01-10,23,0,589,2,1,1,17.0,18.25,18.0,1,0,0.042857142857142864,0,0,0,0.5,18
2022-01-17,23,0,618,3,1,1,18.0,18.0,18.125,1,0,0.016666666666666666,0,0,0,0.5,19
2022-01-24,23,0,632,4,1,0,19.0,18.0,18.0,1,0,0.02666666666666667,0,0,0,1.0,19
2022-01-31,23,0,644,5,1,1,19.0,18.25,18.375,1,0,0.014285714285714287,0,0,0,0.7142857142857143,17
2022-02-07,23,0,661,6,2,1,17.0,18.25,18.25,1,0,0.04000000000000001,1,0,0,1.0,18
2022-02-14,23,0,730,7,2,1,18.0,18.25,18.125,1,0,0.042857142857142864,0,0,0,0.9285714285714286,20
2022-02-21,23,0,741,8,2,1,20.0,18.5,18.25,1,0,0.03333333333333333,0,0,0,0.4166666666666667,17
2022-02-28,23,0,737,9,2,1,17.0,18.0,18.125,1,0,0.015384615384615385,0,0,0,0.23076923076923078,20
2022-03-07,23,0,667,10,3,1,20.0,18.75,18.5,0,0,0.0,1,0,0,0.2,15
2022-03-14,23,0,670,11,3,1,15.0,18.0,18.125,1,0,0.015384615384615385,0,0,0,0.46153846153846156,17
2022-03-21,23,0,694,12,3,1,17.0,17.25,17.875,0,1,0.011529555102864067,0,0,0,1.0,19
2022-03-28,23,0,643,13,3,1,19.0,17.75,17.875,1,0,0.05000000000000001,0,0,0,0.8333333333333334,17
2022-04-04,23,0,645,14,4,1,17.0,17.0,17.875,0,0,0.0,1,0,0,0.07142857142857142,19
2022-04-11,23,0,776,15,4,1,19.0,18.0,18.0,0,1,0.031167838324897036,0,0,0,0.5454545454545454,17
2022-04-18,23,0,868,16,4,1,17.0,18.0,17.625,1,0,0.02,0,0,0,1.0,16
2022-04-25,23,0,761,17,4,1,16.0,17.25,17.5,1,0,0.02,0,0,0,1.0,19
2022-05-02,23,0,720,18,5,1,19.0,17.75,17.375,1,0,0.018181818181818184,1,0,0,0.2727272727272727,17
2022-05-09,23,0,731,19,5,1,17.0,17.25,17.625,0,0,0.0,0,0,0,1.0,18
2022-05-16,23,0,743,20,5,1,18.0,17.5,17.75,1,0,0.022222222222222223,0,0,0,0.6666666666666666,18
2022-05-23,23,0,999,21,5,1,18.0,18.0,17.625,0,0,0.0,0,0,0,1.0,18
2022-05-30,23,0,810,22,5,1,18.0,17.75,17.75,1,0,0.013333333333333334,0,0,0,1.0,21
2022-06-06,23,0,823,23,6,1,21.0,18.75,18.0,1,0,0.04615384615384616,1,0,0,1.0,19
2022-06-13,23,0,793,24,6,1,19.0,19.0,18.25,0,0,0.0,0,0,0,1.0,18
2022-06-20,23,0,785,25,6,1,18.0,19.0,18.5,0,0,0.0,0,0,0,1.0,17
2022-06-27,23,0,803,26,6,1,17.0,18.75,18.25,1,0,0.05000000000000001,0,0,0,1.0,18
2022-07-04,23,0,853,27,7,1,18.0,18.0,18.375,1,0,0.022222222222222223,1,0,0,1.0,18
2022-07-11,23,0,1185,28,7,1,18.0,17.75,18.375,0,0,0.0,0,0,0,1.0,17
2022-07-18,23,0,1067,29,7,1,17.0,17.5,18.25,0,0,0.0,0,0,0,0.6363636363636364,17
2022-07-25,23,0,1109,30,7,1,17.0,17.5,18.125,0,0,0.0,0,0,0,0.1,16
2022-08-01,23,0,1132,31,8,1,16.0,17.0,17.5,1,0,0.03333333333333333,0,0,0,0.8333333333333334,15
2022-08-08,23,0,1222,32,8,1,15.0,16.25,17.0,1,0,0.03076923076923077,1,0,0,1.0,18
2022-08-15,23,0,1150,33,8,1,18.0,16.5,17.0,1,0,0.015384615384615385,0,0,0,1.0,16
2022-08-22,23,0,985,34,8,1,16.0,16.25,16.875,1,0,0.016666666666666666,0,0,0,1.0,18
2022-08-29,23,0,740,35,8,1,18.0,16.75,16.875,1,0,0.02,0,0,0,0.5,17
2022-09-05,23,0,778,36,9,1,17.0,17.25,16.75,0,0,0.0,1,0,0,0.6,18
2022-09-12,23,0,722,37,9,1,18.0,17.25,16.875,1,0,0.016666666666666666,0,0,0,0.3333333333333333,18
2022-09-19,23,0,662,38,9,1,18.0,17.75,17.0,0,0,0.0,0,0,0,0.7777777777777778,17
2022-09-26,23,0,651,39,9,1,17.0,17.5,17.125,0,0,0.0,0,0,0,0.6666666666666666,20
2022-10-03,23,0,500,40,10,1,20.0,18.25,17.75,1,0,0.03333333333333333,1,0,0,0.4166666666666667,17
2022-10-10,23,0,463,41,10,1,17.0,18.0,17.625,1,0,0.028571428571428574,0,0,0,0.0,17
2022-10-17,23,0,488,42,10,1,17.0,17.75,17.75,0,0,0.0,0,0,0,0.5,17
2022-10-24,23,0,497,43,10,1,17.0,17.75,17.625,1,0,0.018181818181818184,0,0,0,0.0,17
2022-10-31,23,0,520,44,10,1,17.0,17.0,17.625,1,0,0.013333333333333334,0,0,0,0.8,21
2022-11-07,23,0,460,45,11,1,21.0,18.0,18.0,1,0,0.04,1,0,0,0.8,18
2022-11-14,23,0,451,46,11,1,18.0,18.25,18.0,1,0,0.03076923076923077,0,0,0,0.6153846153846154,16
2022-11-21,23,0,459,47,11,1,16.0,18.0,17.875,1,0,0.015384615384615385,0,0,0,0.9230769230769231,18
2022-11-28,23,0,451,48,11,1,18.0,18.25,17.625,1,0,0.04615384615384616,0,0,0,0.7692307692307693,17
2022-12-05,23,0,411,49,12,1,17.0,17.25,17.625,1,0,0.018181818181818184,1,0,0,0.0,19
2022-12-12,23,0,469,50,12,1,19.0,17.5,17.875,1,0,0.016666666666666666,0,0,0,0.5833333333333334,17
2022-12-19,23,0,479,51,12,1,17.0,17.75,17.875,1,0,0.03076923076923077,0,0,0,0.0,17
2022-12-26,23,0,465,52,12,1,17.0,17.5,17.875,1,0,0.04,0,0,0,0.1,17
2020-12-28,24,0,288,53,12,1,0.0,0.0,0.0,1,0,0.03333333333333333,0,0,0,0.0,14
2021-01-04,24,0,604,1,1,1,14.0,14.0,14.0,1,0,0.0625,1,0,0,0.1875,31
2021-01-11,24,0,625,2,1,1,31.0,22.5,22.5,1,0,0.02666666666666667,0,0,0,0.06666666666666667,32
2021-01-18,24,0,604,3,1,1,32.0,25.666666666666668,25.666666666666668,1,0,0.016666666666666666,0,0,0,0.3333333333333333,32
2021-01-25,24,0,636,4,1,1,32.0,27.25,27.25,1,0,0.013333333333333334,0,0,0,0.0,31
2021-02-01,24,0,605,5,2,1,31.0,31.5,28.0,1,0,0.02666666666666667,0,0,0,0.0,29
2021-02-08,24,0,650,6,2,1,29.0,31.0,28.166666666666668,0,0,0.0,1,0,0,0.2727272727272727,31
2021-02-15,24,0,662,7,2,1,31.0,30.75,28.571428571428573,1,0,0.015384615384615385,0,0,0,0.0,31
2021-02-22,24,0,838,8,2,1,31.0,30.5,28.875,0,1,0.05036354004522715,0,0,0,0.5,33
2021-03-01,24,0,752,9,3,1,33.0,31.0,31.25,0,0,0.0,0,0,0,0.8,35
2021-03-08,24,0,726,10,3,1,35.0,32.5,31.75,1,0,0.028571428571428574,1,0,0,0.6428571428571429,32
2021-03-15,24,0,680,11,3,1,32.0,32.75,31.75,0,0,0.0,0,0,0,0.8,31
2021-03-22,24,0,667,12,3,1,31.0,32.75,31.625,0,0,0.0,0,0,0,0.6153846153846154,32
2021-03-29,24,0,744,13,3,1,32.0,32.5,31.75,1,0,0.0125,0,0,0,0.8125,34
2021-04-05,24,0,715,14,4,1,34.0,32.25,32.375,1,0,0.02666666666666667,1,0,0,0.4,34
2021-04-12,24,0,790,15,4,1,34.0,32.75,32.75,1,0,0.05333333333333334,0,0,0,1.0,33
2021-04-19,24,0,813,16,4,1,33.0,33.25,33.0,1,0,0.025,0,0,0,0.9375,30
2021-04-26,24,0,753,17,4,1,30.0,32.75,32.625,0,0,0.0,0,0,0,0.6428571428571429,33
2021-05-03,24,0,786,18,5,1,33.0,32.5,32.375,0,0,0.0,1,0,0,1.0,34
2021-05-10,24,0,980,19,5,1,34.0,32.5,32.625,0,0,0.0,0,0,0,0.8461538461538461,29
2021-05-17,24,0,598,20,5,1,29.0,31.5,32.375,1,0,0.013333333333333334,0,0,0,1.0,32
2021-05-24,24,0,786,21,5,1,32.0,32.0,32.375,1,0,0.028571428571428574,0,0,0,1.0,33
2021-05-31,24,0,759,22,5,1,33.0,32.0,32.25,0,0,0.0,0,0,0,0.5833333333333334,32
2021-06-07,24,0,771,23,6,1,32.0,31.5,32.0,1,0,0.016666666666666666,1,0,0,1.0,32
2021-06-14,24,0,803,24,6,1,32.0,32.25,31.875,1,0,0.0125,0,0,0,1.0,32
2021-06-21,24,0,803,25,6,1,32.0,32.25,32.125,1,0,0.028571428571428574,0,0,0,1.0,34
2021-06-28,24,0,758,26,6,1,34.0,32.5,32.25,1,1,0.02778684325173943,0,0,0,1.0,30
2021-07-05,24,0,914,27,7,1,30.0,32.0,31.75,1,0,0.013333333333333334,1,0,0,1.0,32
2021-07-12,24,0,1073,28,7,1,32.0,32.0,32.125,0,0,0.0,0,0,0,1.0,30
2021-07-19,24,0,1081,29,7,1,30.0,31.5,31.875,1,0,0.044444444444444446,0,0,0,0.8888888888888888,35
2021-07-26,24,0,1005,30,7,1,35.0,31.75,32.125,1,0,0.0125,0,0,0,0.875,32
2021-08-02,24,0,1139,31,8,1,32.0,32.25,32.125,0,0,0.0,1,0,0,1.0,29
2021-08-09,24,0,1204,32,8,1,29.0,31.5,31.75,1,0,0.05000000000000001,0,0,0,1.0,31
2021-08-16,24,0,1094,33,8,1,31.0,31.75,31.625,0,0,0.0,0,0,0,1.0,33
2021-08-23,24,0,1032,34,8,1,33.0,31.25,31.5,1,0,0.04000000000000001,0,0,0,1.0,31
2021-08-30,24,0,862,35,8,1,31.0,31.0,31.625,1,0,0.015384615384615385,0,0,0,1.0,32
2021-09-06,24,0,798,36,9,1,32.0,31.75,31.625,1,0,0.018181818181818184,1,0,0,0.8181818181818182,31
2021-09-13,24,0,796,37,9,1,31.0,31.75,31.75,1,0,0.011764705882352941,0,0,0,1.0,29
2021-09-20,24,0,694,38,9,1,29.0,30.75,31.0,1,0,0.05333333333333334,0,0,0,0.8,32
2021-09-27,24,0,684,39,9,1,32.0,31.0,31.0,1,1,0.027942999746576002,0,0,0,1.0,34
2021-10-04,24,0,741,40,10,1,34.0,31.5,31.625,1,0,0.05000000000000001,1,0,0,1.0,32
2021-10-11,24,0,645,41,10,1,32.0,31.75,31.75,1,0,0.03333333333333333,0,0,0,0.9166666666666666,32
2021-10-18,24,0,756,42,10,1,32.0,32.5,31.625,1,0,0.01,0,0,0,0.3,29
2021-10-25,24,0,844,43,10,1,29.0,31.75,31.375,1,0,0.014285714285714287,0,0,0,0.35714285714285715,33
2021-11-01,24,0,775,44,11,1,33.0,31.5,31.5,1,0,0.03333333333333333,0,0,0,0.9166666666666666,33
2021-11-08,24,0,672,45,11,1,33.0,31.75,31.75,1,0,0.0125,1,0,0,0.1875,33
2021-11-15,24,0,601,46,11,1,33.0,32.0,32.25,0,0,0.0,0,0,0,0.14285714285714285,32
2021-11-22,24,0,613,47,11,1,32.0,32.75,32.25,0,0,0.0,0,0,0,0.23076923076923078,35
2021-11-29,24,0,636,48,11,1,35.0,33.25,32.375,1,0,0.011111111111111112,0,0,0,0.0,32
2021-12-06,24,0,530,49,12,1,32.0,33.0,32.375,1,0,0.015384615384615385,1,0,0,0.0,34
2021-12-13,24,0,646,50,12,1,34.0,33.25,32.625,1,0,0.037500000000000006,0,0,0,0.375,30
2021-12-20,24,0,708,51,12,1,30.0,32.75,32.75,1,0,0.03529411764705883,0,0,0,0.47058823529411764,31
2021-12-27,24,0,738,52,12,1,31.0,31.75,32.5,1,0,0.042105263157894736,0,0,0,0.3157894736842105,32
2022-01-03,24,0,575,1,1,1,32.0,31.75,32.375,1,0,0.016666666666666666,1,0,0,0.08333333333333333,30
2022-01-10,24,0,589,2,1,1,30.0,30.75,32.0,1,0,0.013333333333333334,0,0,0,0.6,32
2022-01-17,24,0,618,3,1,1,32.0,31.25,32.0,1,0,0.016666666666666666,0,0,0,0.3333333333333333,31
2022-01-24,24,0,632,4,1,0,31.0,31.25,31.5,1,0,0.028571428571428574,0,0,0,1.0,31
2022-01-31,24,0,644,5,1,1,31.0,31.0,31.375,1,0,0.023529411764705882,0,0,0,0.6470588235294118,32
2022-02-07,24,0,661,6,2,1,32.0,31.5,31.125,1,0,0.02666666666666667,1,0,0,1.0,31
2022-02-14,24,0,730,7,2,1,31.0,31.25,31.25,1,0,0.028571428571428574,0,0,0,0.7857142857142857,35
2022-02-21,24,0,741,8,2,1,35.0,32.25,31.75,1,0,0.015384615384615385,0,0,0,0.3076923076923077,31
2022-02-28,24,0,737,9,2,1,31.0,32.25,31.625,1,0,0.05333333333333334,0,0,0,0.26666666666666666,30
2022-03-07,24,0,667,10,3,1,30.0,31.75,31.625,1,0,0.05000000000000001,1,0,0,0.25,31
2022-03-14,24,0,670,11,3,1,31.0,31.75,31.5,1,0,0.011764705882352941,0,0,0,0.5294117647058824,31
2022-03-21,24,0,694,12,3,1,31.0,30.75,31.5,0,0,0.0,0,0,0,1.0,32
2022-03-28,24,0,643,13,3,1,32.0,31.0,31.625,1,0,0.10000000000000002,0,0,0,0.8333333333333334,32
2022-04-04,24,0,645,14,4,1,32.0,31.5,31.625,1,0,0.022222222222222223,1,0,0,0.16666666666666666,32
2022-04-11,24,0,776,15,4,1,32.0,31.75,31.75,1,1,0.04594875539933647,0,0,0,0.5,32
2022-04-18,24,0,868,16,4,1,32.0,32.0,31.375,1,0,0.011764705882352941,0,0,0,1.0,29
2022-04-25,24,0,761,17,4,1,29.0,31.25,31.125,1,0,0.018181818181818184,0,0,0,1.0,32
2022-05-02,24,0,720,18,5,1,32.0,31.25,31.375,0,0,0.0,1,0,0,0.5625,33
2022-05-09,24,0,731,19,5,1,33.0,31.5,31.625,0,0,0.0,0,0,0,1.0,31
2022-05-16,24,0,743,20,5,1,31.0,31.25,31.625,1,0,0.013333333333333334,0,0,0,0.6,33
2022-05-23,24,0,999,21,5,1,33.0,32.25,31.75,1,0,0.0625,0,0,0,1.0,33
2022-05-30,24,0,810,22,5,1,33.0,32.5,31.875,1,0,0.1,0,0,0,1.0,31
2022-06-06,24,0,823,23,6,1,31.0,32.0,31.75,0,0,0.0,1,0,0,1.0,34
2022-06-13,24,0,793,24,6,1,34.0,32.75,32.0,1,0,0.015384615384615385,0,0,0,1.0,33
2022-06-20,24,0,785,25,6,1,33.0,32.75,32.5,1,0,0.025,0,0,0,1.0,32
2022-06-27,24,0,803,26,6,1,32.0,32.5,32.5,1,0,0.016666666666666666,0,0,0,1.0,31
2022-07-04,24,0,853,27,7,1,31.0,32.5,32.25,1,0,0.03529411764705883,1,0,0,1.0,33
2022-07-11,24,0,1185,28,7,1,33.0,32.25,32.5,0,0,0.0,0,0,0,1.0,33
2022-07-18,24,0,1067,29,7,1,33.0,32.25,32.5,0,0,0.0,0,0,0,0.5454545454545454,33
2022-07-25,24,0,1109,30,7,1,33.0,32.5,32.5,1,1,0.042352050783659605,0,0,0,0.08333333333333333,31
2022-08-01,24,0,1132,31,8,1,31.0,32.5,32.5,1,0,0.06000000000000001,0,0,0,0.9,34
2022-08-08,24,0,1222,32,8,1,34.0,32.75,32.5,1,0,0.018181818181818184,1,0,0,1.0,31
2022-08-15,24,0,1150,33,8,1,31.0,32.25,32.25,1,1,0.08973760056675899,0,0,0,1.0,34
2022-08-22,24,0,985,34,8,1,34.0,32.5,32.5,1,0,0.04000000000000001,0,0,0,1.0,31
2022-08-29,24,0,740,35,8,1,31.0,32.5,32.5,1,0,0.04000000000000001,0,0,0,0.6,30
2022-09-05,24,0,778,36,9,1,30.0,31.5,32.125,0,0,0.0,1,0,0,0.5,26
2022-09-12,24,0,722,37,9,1,26.0,30.25,31.25,1,0,0.015384615384615385,0,0,0,0.38461538461538464,35
2022-09-19,24,0,662,38,9,1,35.0,30.5,31.5,0,0,0.0,0,0,0,0.6666666666666666,35
2022-09-26,24,0,651,39,9,1,35.0,31.5,32.0,1,0,0.037500000000000006,0,0,0,0.75,31
2022-10-03,24,0,500,40,10,1,31.0,31.75,31.625,0,0,0.0,1,0,0,0.4166666666666667,28
2022-10-10,24,0,463,41,10,1,28.0,32.25,31.25,1,0,0.028571428571428574,0,0,0,0.0,31
2022-10-17,24,0,488,42,10,1,31.0,31.25,30.875,0,0,0.0,0,0,0,0.2857142857142857,29
2022-10-24,24,0,497,43,10,1,29.0,29.75,30.625,1,0,0.015384615384615385,0,0,0,0.0,34
2022-10-31,24,0,520,44,10,1,34.0,30.5,31.125,1,0,0.05,0,0,0,0.6875,32
2022-11-07,24,0,460,45,11,1,32.0,31.5,31.875,0,0,0.0,1,0,0,0.7692307692307693,29
2022-11-14,24,0,451,46,11,1,29.0,31.0,31.125,0,0,0.0,0,0,0,0.7142857142857143,30
2022-11-21,24,0,459,47,11,1,30.0,31.25,30.5,0,0,0.0,0,0,0,0.8333333333333334,32
2022-11-28,24,0,451,48,11,1,32.0,30.75,30.625,1,0,0.028571428571428574,0,0,0,0.7142857142857143,33
2022-12-05,24,0,411,49,12,1,33.0,31.0,31.25,1,0,0.0125,1,0,0,0.0,32
2022-12-12,24,0,469,50,12,1,32.0,31.75,31.375,1,0,0.03076923076923077,0,0,0,0.46153846153846156,34
2022-12-19,24,0,479,51,12,1,34.0,32.75,32.0,0,0,0.0,0,0,0,0.0,32
2022-12-26,24,0,465,52,12,1,32.0,32.75,31.75,1,0,0.013333333333333334,0,0,0,0.06666666666666667,32
2020-12-28,25,0,288,53,12,1,0.0,0.0,0.0,0,0,0.0,0,0,0,0.0,8
2021-01-04,25,0,604,1,1,1,8.0,8.0,8.0,0,0,0.0,1,0,0,0.15384615384615385,19
2021-01-11,25,0,625,2,1,1,19.0,13.5,13.5,1,0,0.042857142857142864,0,0,0,0.21428571428571427,18
2021-01-18,25,0,604,3,1,1,18.0,15.0,15.0,1,0,0.018181818181818184,0,0,0,0.18181818181818182,20
2021-01-25,25,0,636,4,1,1,20.0,16.25,16.25,1,0,0.03636363636363637,0,0,0,0.0,19
2021-02-01,25,0,605,5,2,1,19.0,19.0,16.8,1,0,0.03076923076923077,0,0,0,0.0,18
2021-02-08,25,0,650,6,2,1,18.0,18.75,17.0,0,0,0.0,1,0,0,0.35294117647058826,20
2021-02-15,25,0,662,7,2,1,20.0,19.25,17.428571428571427,1,0,0.02666666666666667,0,0,0,0.0,19
2021-02-22,25,0,838,8,2,1,19.0,19.0,17.625,1,0,0.018181818181818184,0,0,0,0.5454545454545454,17
2021-03-01,25,0,752,9,3,1,17.0,18.5,18.75,1,0,0.015384615384615385,0,0,0,0.8461538461538461,19
2021-03-08,25,0,726,10,3,1,19.0,18.75,18.75,1,0,0.018181818181818184,1,0,0,0.6363636363636364,16
2021-03-15,25,0,680,11,3,1,16.0,17.75,18.5,0,0,0.0,0,0,0,0.7272727272727273,16
2021-03-22,25,0,667,12,3,1,16.0,17.0,18.0,0,1,0.01347496196247379,0,0,0,0.5,17
2021-03-29,25,0,744,13,3,1,17.0,17.0,17.75,0,0,0.0,0,0,0,0.8333333333333334,16
2021-04-05,25,0,715,14,4,1,16.0,16.25,17.5,1,0,0.03636363636363637,1,0,0,0.36363636363636365,15
2021-04-12,25,0,790,15,4,1,15.0,16.0,16.875,1,0,0.05454545454545456,0,0,0,1.0,17
2021-04-19,25,0,813,16,4,1,17.0,16.25,16.625,1,0,0.06153846153846154,0,0,0,0.8461538461538461,19
2021-04-26,25,0,753,17,4,1,19.0,16.75,16.875,1,0,0.015384615384615385,0,0,0,0.8461538461538461,18
2021-05-03,25,0,786,18,5,1,18.0,17.25,16.75,1,0,0.016666666666666666,1,0,0,1.0,18
2021-05-10,25,0,980,19,5,1,18.0,18.0,17.0,1,0,0.018181818181818184,0,0,0,0.8181818181818182,17
2021-05-17,25,0,598,20,5,1,17.0,18.0,17.125,1,0,0.04,0,0,0,1.0,17
2021-05-24,25,0,786,21,5,1,17.0,17.5,17.125,1,0,0.02,0,0,0,1.0,17
2021-05-31,25,0,759,22,5,1,17.0,17.25,17.25,0,0,0.0,0,0,0,0.7692307692307693,18
2021-06-07,25,0,771,23,6,1,18.0,17.25,17.625,1,0,0.02666666666666667,1,0,0,1.0,20
2021-06-14,25,0,803,24,6,1,20.0,18.0,18.0,1,0,0.016666666666666666,0,0,0,1.0,18
2021-06-21,25,0,803,25,6,1,18.0,18.25,17.875,0,0,0.0,0,0,0,1.0,18
2021-06-28,25,0,758,26,6,1,18.0,18.5,17.875,0,0,0.0,0,0,0,1.0,19
2021-07-05,25,0,914,27,7,1,19.0,18.75,18.0,0,0,0.0,1,0,0,1.0,19
2021-07-12,25,0,1073,28,7,1,19.0,18.5,18.25,1,0,0.015384615384615385,0,0,0,1.0,19
2021-07-19,25,0,1081,29,7,1,19.0,18.75,18.5,1,0,0.02,0,0,0,0.9,18
2021-07-26,25,0,1005,30,7,1,18.0,18.75,18.625,0,0,0.0,0,0,0,0.875,16
2021-08-02,25,0,1139,31,8,1,16.0,18.0,18.375,1,0,0.014285714285714287,1,0,0,1.0,21
2021-08-09,25,0,1204,32,8,1,21.0,18.5,18.5,1,1,0.06584649498479789,0,0,0,1.0,19
2021-08-16,25,0,1094,33,8,1,19.0,18.5,18.625,1,0,0.018181818181818184,0,0,0,1.0,17
2021-08-23,25,0,1032,34,8,1,17.0,18.25,18.5,1,0,0.02,0,0,0,1.0,18
2021-08-30,25,0,862,35,8,1,18.0,18.75,18.375,1,0,0.06666666666666668,0,0,0,1.0,16
2021-09-06,25,0,798,36,9,1,16.0,17.5,18.0,1,0,0.03076923076923077,1,0,0,0.8461538461538461,18
2021-09-13,25,0,796,37,9,1,18.0,17.25,17.875,0,0,0.0,0,0,0,1.0,19
2021-09-20,25,0,694,38,9,1,19.0,17.75,18.0,1,0,0.06666666666666667,0,0,0,0.75,18
2021-09-27,25,0,684,39,9,1,18.0,17.75,18.25,1,0,0.028571428571428574,0,0,0,1.0,20
2021-10-04,25,0,741,40,10,1,20.0,18.75,18.125,1,0,0.02,1,0,0,1.0,16
2021-10-11,25,0,645,41,10,1,16.0,18.25,17.75,1,0,0.028571428571428574,0,0,0,0.8571428571428571,19
2021-10-18,25,0,756,42,10,1,19.0,18.25,18.0,1,0,0.016666666666666666,0,0,0,0.25,18
2021-10-25,25,0,844,43,10,1,18.0,18.25,18.0,1,0,0.022222222222222223,0,0,0,0.4444444444444444,17
2021-11-01,25,0,775,44,11,1,17.0,17.5,18.125,1,0,0.1,0,0,0,0.9,20
2021-11-08,25,0,672,45,11,1,20.0,18.5,18.375,0,0,0.0,1,0,0,0.16666666666666666,17
2021-11-15,25,0,601,46,11,1,17.0,18.0,18.125,0,0,0.0,0,0,0,0.09090909090909091,17
2021-11-22,25,0,613,47,11,1,17.0,17.75,18.0,1,0,0.015384615384615385,0,0,0,0.23076923076923078,20
2021-11-29,25,0,636,48,11,1,20.0,18.5,18.0,1,0,0.05454545454545456,0,0,0,0.0,17
2021-12-06,25,0,530,49,12,1,17.0,17.75,18.125,1,0,0.03333333333333333,1,0,0,0.0,15
2021-12-13,25,0,646,50,12,1,15.0,17.25,17.625,1,0,0.0125,0,0,0,0.3125,20
2021-12-20,25,0,708,51,12,1,20.0,18.0,17.875,0,0,0.0,0,0,0,0.625,19
2021-12-27,25,0,738,52,12,1,19.0,17.75,18.125,0,0,0.0,0,0,0,0.2727272727272727,16
2022-01-03,25,0,575,1,1,1,16.0,17.5,17.625,0,0,0.0,1,0,0,0.15384615384615385,18
2022-01-10,25,0,589,2,1,1,18.0,18.25,17.75,1,0,0.042857142857142864,0,0,0,0.6428571428571429,19
2022-01-17,25,0,618,3,1,1,19.0,18.0,18.0,0,0,0.0,0,0,0,0.4166666666666667,17
2022-01-24,25,0,632,4,1,0,17.0,17.5,17.625,0,0,0.0,0,0,0,1.0,16
2022-01-31,25,0,644,5,1,1,16.0,17.5,17.5,1,0,0.02666666666666667,0,0,0,0.6666666666666666,19
2022-02-07,25,0,661,6,2,1,19.0,17.75,18.0,0,0,0.0,1,0,0,1.0,17
2022-02-14,25,0,730,7,2,1,17.0,17.25,17.625,1,0,0.016666666666666666,0,0,0,0.8333333333333334,19
2022-02-21,25,0,741,8,2,1,19.0,17.75,17.625,0,0,0.0,0,0,0,0.4,17
2022-02-28,25,0,737,9,2,1,17.0,18.0,17.75,1,0,0.06153846153846154,0,0,0,0.15384615384615385,17
2022-03-07,25,0,667,10,3,1,17.0,17.5,17.625,0,0,0.0,1,0,0,0.3333333333333333,17
2022-03-14,25,0,670,11,3,1,17.0,17.5,17.375,1,0,0.016666666666666666,0,0,0,0.5833333333333334,18
2022-03-21,25,0,694,12,3,1,18.0,17.25,17.5,1,0,0.03333333333333333,0,0,0,1.0,17
2022-03-28,25,0,643,13,3,1,17.0,17.25,17.625,1,0,0.03076923076923077,0,0,0,0.8461538461538461,15
2022-04-04,25,0,645,14,4,1,15.0,16.75,17.125,0,0,0.0,1,0,0,0.2222222222222222,16
2022-04-11,25,0,776,15,4,1,16.0,16.5,17.0,0,0,0.0,0,0,0,0.6666666666666666,19
2022-04-18,25,0,868,16,4,1,19.0,16.75,17.0,1,0,0.014285714285714287,0,0,0,1.0,19
2022-04-25,25,0,761,17,4,1,19.0,17.25,17.25,1,0,0.04615384615384616,0,0,0,1.0,17
2022-05-02,25,0,720,18,5,1,17.0,17.75,17.25,0,0,0.0,1,0,0,0.5,17
2022-05-09,25,0,731,19,5,1,17.0,18.0,17.25,1,0,0.015384615384615385,0,0,0,1.0,19
2022-05-16,25,0,743,20,5,1,19.0,18.0,17.375,1,0,0.03636363636363637,0,0,0,0.6363636363636364,16
2022-05-23,25,0,999,21,5,1,16.0,17.25,17.25,0,0,0.0,0,0,0,1.0,18
2022-05-30,25,0,810,22,5,1,18.0,17.5,17.625,1,0,0.022222222222222223,0,0,0,1.0,18
2022-06-06,25,0,823,23,6,1,18.0,17.75,17.875,1,0,0.04,1,0,0,1.0,18
2022-06-13,25,0,793,24,6,1,18.0,17.5,17.75,0,0,0.0,0,0,0,1.0,18
2022-06-20,25,0,785,25,6,1,18.0,18.0,17.625,1,0,0.016666666666666666,0,0,0,1.0,18
2022-06-27,25,0,803,26,6,1,18.0,18.0,17.75,0,0,0.0,0,0,0,1.0,20
2022-07-04,25,0,853,27,7,1,20.0,18.5,18.125,0,0,0.0,1,0,0,1.0,19
2022-07-11,25,0,1185,28,7,1,19.0,18.75,18.125,0,0,0.0,0,0,0,1.0,20
2022-07-18,25,0,1067,29,7,1,20.0,19.25,18.625,1,0,0.06000000000000001,0,0,0,0.6,16
2022-07-25,25,0,1109,30,7,1,16.0,18.75,18.375,1,0,0.016666666666666666,0,0,0,0.16666666666666666,17
2022-08-01,25,0,1132,31,8,1,17.0,18.0,18.25,1,0,0.08,0,0,0,0.9,18
2022-08-08,25,0,1222,32,8,1,18.0,17.75,18.25,1,0,0.04,1,0,0,1.0,17
2022-08-15,25,0,1150,33,8,1,17.0,17.0,18.125,1,0,0.02,0,0,0,1.0,18
2022-08-22,25,0,985,34,8,1,18.0,17.5,18.125,0,0,0.0,0,0,0,1.0,17
2022-08-29,25,0,740,35,8,1,17.0,17.5,17.75,1,0,0.02,0,0,0,0.5,16
2022-09-05,25,0,778,36,9,1,16.0,17.0,17.375,1,0,0.018181818181818184,1,0,0,0.7272727272727273,18
2022-09-12,25,0,722,37,9,1,18.0,17.25,17.125,1,0,0.03333333333333333,0,0,0,0.3333333333333333,17
2022-09-19,25,0,662,38,9,1,17.0,17.0,17.25,1,0,0.014285714285714287,0,0,0,0.8571428571428571,19
2022-09-26,25,0,651,39,9,1,19.0,17.5,17.5,1,0,0.015384615384615385,0,0,0,0.7692307692307693,19
2022-10-03,25,0,500,40,10,1,19.0,18.25,17.625,1,0,0.022222222222222223,1,0,0,0.4444444444444444,20
2022-10-10,25,0,463,41,10,1,20.0,18.75,18.0,0,0,0.0,0,0,0,0.0,18
2022-10-17,25,0,488,42,10,1,18.0,19.0,18.0,0,0,0.0,0,0,0,0.4,19
2022-10-24,25,0,497,43,10,1,19.0,19.0,18.25,1,0,0.03636363636363637,0,0,0,0.0,18
2022-10-31,25,0,520,44,10,1,18.0,18.75,18.5,1,0,0.014285714285714287,0,0,0,0.8571428571428571,18
2022-11-07,25,0,460,45,11,1,18.0,18.25,18.5,0,0,0.0,1,0,0,0.8,19
2022-11-14,25,0,451,46,11,1,19.0,18.5,18.75,1,0,0.016666666666666666,0,0,0,0.75,17
2022-11-21,25,0,459,47,11,1,17.0,18.0,18.5,0,0,0.0,0,0,0,0.9230769230769231,17
2022-11-28,25,0,451,48,11,1,17.0,17.75,18.25,1,0,0.016666666666666666,0,0,0,0.6666666666666666,19
2022-12-05,25,0,411,49,12,1,19.0,18.0,18.125,1,0,0.03636363636363637,1,0,0,0.0,20
2022-12-12,25,0,469,50,12,1,20.0,18.25,18.375,1,0,0.014285714285714287,0,0,0,0.5714285714285714,19
2022-12-19,25,0,479,51,12,1,19.0,18.75,18.375,1,0,0.03333333333333333,0,0,0,0.0,17
2022-12-26,25,0,465,52,12,1,17.0,18.75,18.25,1,0,0.02,0,0,0,0.1,19
2020-12-28,26,0,288,53,12,1,0.0,0.0,0.0,0,0,0.0,0,0,0,0.0,3
2021-01-04,26,0,604,1,1,1,3.0,3.0,3.0,0,0,0.0,1,0,0,0.16666666666666666,6
2021-01-11,26,0,625,2,1,1,6.0,4.5,4.5,1,0,0.04,0,0,0,0.2,5
2021-01-18,26,0,604,3,1,1,5.0,4.666666666666667,4.666666666666667,1,0,0.05,0,0,0,0.0,4
2021-01-25,26,0,636,4,1,1,4.0,4.5,4.5,1,0,0.03333333333333333,0,0,0,0.0,6
2021-02-01,26,0,605,5,2,1,6.0,5.25,4.8,1,0,0.05,0,0,0,0.0,4
2021-02-08,26,0,650,6,2,1,4.0,4.75,4.666666666666667,1,0,0.028571428571428574,1,0,0,0.42857142857142855,7
2021-02-15,26,0,662,7,2,1,7.0,5.25,5.0,0,0,0.0,0,0,0,0.0,5
2021-02-22,26,0,838,8,2,1,5.0,5.5,5.0,0,0,0.0,0,0,0,0.5714285714285714,7
2021-03-01,26,0,752,9,3,1,7.0,5.75,5.5,0,0,0.0,0,0,0,0.8571428571428571,7
2021-03-08,26,0,726,10,3,1,7.0,6.5,5.625,0,0,0.0,0,0,0,0.8333333333333334,6
2021-03-15,26,0,680,11,3,1,6.0,6.25,5.75,1,0,0.05,0,0,0,1.0,4
2021-03-22,26,0,667,12,3,1,4.0,6.0,5.75,1,0,0.04,0,0,0,0.4,5
2021-03-29,26,0,744,13,3,1,5.0,5.5,5.625,0,0,0.0,0,0,0,0.8333333333333334,6
2021-04-05,26,0,715,14,4,1,6.0,5.25,5.875,0,0,0.0,1,0,0,0.42857142857142855,7
2021-04-12,26,0,790,15,4,1,7.0,5.5,5.875,1,0,0.028571428571428574,0,0,0,1.0,7
2021-04-19,26,0,813,16,4,1,7.0,6.25,6.125,0,0,0.0,0,0,0,1.0,6
2021-04-26,26,0,753,17,4,1,6.0,6.5,6.0,1,0,0.08,0,0,0,0.6,5
2021-05-03,26,0,786,18,5,1,5.0,6.25,5.75,0,0,0.0,1,0,0,1.0,7
2021-05-10,26,0,980,19,5,1,7.0,6.25,5.875,1,0,0.06666666666666667,0,0,0,0.8333333333333334,6
2021-05-17,26,0,598,20,5,1,6.0,6.0,6.125,0,0,0.0,0,0,0,1.0,5
2021-05-24,26,0,786,21,5,1,5.0,5.75,6.125,0,1,0.027459102807689983,0,0,0,1.0,6
2021-05-31,26,0,759,22,5,1,6.0,6.0,6.125,0,0,0.0,0,0,0,0.5,4
2021-06-07,26,0,771,23,6,1,4.0,5.25,5.75,1,0,0.04,1,0,0,1.0,5
2021-06-14,26,0,803,24,6,1,5.0,5.0,5.5,0,0,0.0,0,0,0,1.0,7
2021-06-21,26,0,803,25,6,1,7.0,5.5,5.625,0,0,0.0,0,0,0,1.0,4
2021-06-28,26,0,758,26,6,1,4.0,5.0,5.5,0,0,0.0,0,0,0,1.0,5
2021-07-05,26,0,914,27,7,1,5.0,5.25,5.25,0,0,0.0,0,0,0,1.0,5
2021-07-12,26,0,1073,28,7,1,5.0,5.25,5.125,1,0,0.03333333333333333,0,0,0,1.0,6
2021-07-19,26,0,1081,29,7,1,6.0,5.0,5.25,0,0,0.0,0,0,0,0.8571428571428571,7
2021-07-26,26,0,1005,30,7,1,7.0,5.75,5.375,0,0,0.0,0,0,0,0.8,5
2021-08-02,26,0,1139,31,8,1,5.0,5.75,5.5,0,0,0.0,1,0,0,1.0,6
2021-08-09,26,0,1204,32,8,1,6.0,6.0,5.625,0,0,0.0,0,0,0,1.0,6
2021-08-16,26,0,1094,33,8,1,6.0,6.0,5.5,0,0,0.0,0,0,0,1.0,7
2021-08-23,26,0,1032,34,8,1,7.0,6.0,5.875,1,0,0.05,0,0,0,1.0,4
2021-08-30,26,0,862,35,8,1,4.0,5.75,5.75,0,0,0.0,0,0,0,1.0,5
2021-09-06,26,0,798,36,9,1,5.0,5.5,5.75,0,0,0.0,0,0,0,0.8,5
2021-09-13,26,0,796,37,9,1,5.0,5.25,5.625,0,0,0.0,0,0,0,1.0,5
2021-09-20,26,0,694,38,9,1,5.0,4.75,5.375,1,0,0.03333333333333333,0,0,0,0.8333333333333334,6
2021-09-27,26,0,684,39,9,1,6.0,5.25,5.5,0,0,0.0,0,0,0,1.0,6
2021-10-04,26,0,741,40,10,1,6.0,5.5,5.5,0,0,0.0,1,0,0,1.0,7
2021-10-11,26,0,645,41,10,1,7.0,6.0,5.625,1,0,0.028571428571428574,0,0,0,0.8571428571428571,7
2021-10-18,26,0,756,42,10,1,7.0,6.5,5.625,0,0,0.0,0,0,0,0.2857142857142857,7
2021-10-25,26,0,844,43,10,1,7.0,6.75,6.0,1,0,0.05714285714285715,0,0,0,0.42857142857142855,7
2021-11-01,26,0,775,44,11,1,7.0,7.0,6.25,0,0,0.0,0,0,0,0.9,12
2021-11-08,26,0,672,45,11,1,12.0,8.25,7.125,0,0,0.0,1,0,0,0.16666666666666666,6
2021-11-15,26,0,601,46,11,1,6.0,8.0,7.25,1,0,0.04,0,0,0,0.2,5
2021-11-22,26,0,613,47,11,1,5.0,7.5,7.125,0,0,0.0,0,0,0,0.3333333333333333,6
2021-11-29,26,0,636,48,11,1,6.0,7.25,7.125,1,0,0.05,0,0,0,0.0,4
2021-12-06,26,0,530,49,12,1,4.0,5.25,6.75,1,0,0.08571428571428573,1,0,0,0.0,7
2021-12-13,26,0,646,50,12,1,7.0,5.5,6.75,0,0,0.0,0,0,0,0.25,4
2021-12-20,26,0,708,51,12,1,4.0,5.25,6.375,0,0,0.0,0,0,0,0.5,4
2021-12-27,26,0,738,52,12,1,4.0,4.75,6.0,1,0,0.03333333333333333,0,0,0,0.3333333333333333,6
2022-01-03,26,0,575,1,1,1,6.0,5.25,5.25,1,0,0.05,1,0,0,0.25,4
2022-01-10,26,0,589,2,1,1,4.0,4.5,5.0,0,0,0.0,0,0,0,0.6666666666666666,3
2022-01-17,26,0,618,3,1,1,3.0,4.25,4.75,0,0,0.0,0,0,0,0.5,6
2022-01-24,26,0,632,4,1,0,6.0,4.75,4.75,0,0,0.0,0,0,0,1.0,7
2022-01-31,26,0,644,5,1,1,7.0,5.0,5.125,0,0,0.0,0,0,0,0.8,6
2022-02-07,26,0,661,6,2,1,6.0,5.5,5.0,1,0,0.04,0,0,0,1.0,5
2022-02-14,26,0,730,7,2,1,5.0,6.0,5.125,1,0,0.025,0,0,0,0.875,12
2022-02-21,26,0,741,8,2,1,12.0,7.5,6.125,0,0,0.0,0,0,0,0.42857142857142855,7
2022-02-28,26,0,737,9,2,1,7.0,7.5,6.25,0,0,0.0,0,0,0,0.3333333333333333,6
2022-03-07,26,0,667,10,3,1,6.0,7.5,6.5,1,0,0.03333333333333333,1,0,0,0.16666666666666666,6
2022-03-14,26,0,670,11,3,1,6.0,7.75,6.875,1,0,0.08571428571428573,0,0,0,0.5714285714285714,7
2022-03-21,26,0,694,12,3,1,7.0,6.5,7.0,0,0,0.0,0,0,0,1.0,6
2022-03-28,26,0,643,13,3,1,6.0,6.25,6.875,1,0,0.04,0,0,0,0.8,5
2022-04-04,26,0,645,14,4,1,5.0,6.0,6.75,0,0,0.0,0,0,0,0.16666666666666666,6
2022-04-11,26,0,776,15,4,1,6.0,6.0,6.875,0,0,0.0,0,0,0,0.5,6
2022-04-18,26,0,868,16,4,1,6.0,5.75,6.125,0,0,0.0,0,0,0,1.0,5
2022-04-25,26,0,761,17,4,1,5.0,5.5,5.875,0,0,0.0,0,0,0,1.0,5
2022-05-02,26,0,720,18,5,1,5.0,5.5,5.75,0,0,0.0,1,0,0,0.3333333333333333,6
2022-05-09,26,0,731,19,5,1,6.0,5.5,5.75,0,0,0.0,0,0,0,1.0,4
2022-05-16,26,0,743,20,5,1,4.0,5.0,5.375,0,0,0.0,0,0,0,0.6666666666666666,6
2022-05-23,26,0,999,21,5,1,6.0,5.25,5.375,0,0,0.0,0,0,0,1.0,8
2022-05-30,26,0,810,22,5,1,8.0,6.0,5.75,0,0,0.0,0,0,0,1.0,6
2022-06-06,26,0,823,23,6,1,6.0,6.0,5.75,1,0,0.04,0,0,0,1.0,5
2022-06-13,26,0,793,24,6,1,5.0,6.25,5.625,0,0,0.0,0,0,0,1.0,7
2022-06-20,26,0,785,25,6,1,7.0,6.5,5.875,1,0,0.028571428571428574,0,0,0,1.0,7
2022-06-27,26,0,803,26,6,1,7.0,6.25,6.125,0,0,0.0,0,0,0,1.0,5
2022-07-04,26,0,853,27,7,1,5.0,6.0,6.0,1,1,0.08829958353013832,1,0,0,1.0,6
2022-07-11,26,0,1185,28,7,1,6.0,6.25,6.25,1,0,0.028571428571428574,0,0,0,1.0,7
2022-07-18,26,0,1067,29,7,1,7.0,6.25,6.375,0,0,0.0,0,0,0,0.5,14
2022-07-25,26,0,1109,30,7,1,14.0,8.0,7.125,0,1,0.03158384751898532,0,0,0,0.16666666666666666,6
2022-08-01,26,0,1132,31,8,1,6.0,8.25,7.125,1,0,0.028571428571428574,0,0,0,0.8571428571428571,7
2022-08-08,26,0,1222,32,8,1,7.0,8.5,7.375,0,0,0.0,1,0,0,1.0,6
2022-08-15,26,0,1150,33,8,1,6.0,8.25,7.25,0,0,0.0,0,0,0,1.0,7
2022-08-22,26,0,985,34,8,1,7.0,6.5,7.25,1,0,0.03333333333333333,0,0,0,1.0,6
2022-08-29,26,0,740,35,8,1,6.0,6.5,7.375,1,0,0.05,0,0,0,0.25,4
2022-09-05,26,0,778,36,9,1,4.0,5.75,7.125,1,0,0.05714285714285715,1,0,0,0.5714285714285714,7
2022-09-12,26,0,722,37,9,1,7.0,6.0,7.125,0,0,0.0,0,0,0,0.42857142857142855,7
2022-09-19,26,0,662,38,9,1,7.0,6.0,6.25,1,0,0.03333333333333333,0,0,0,0.6666666666666666,6
2022-09-26,26,0,651,39,9,1,6.0,6.0,6.25,0,0,0.0,0,0,0,0.7142857142857143,7
2022-10-03,26,0,500,40,10,1,7.0,6.75,6.25,1,0,0.028571428571428574,1,0,0,0.42857142857142855,7
2022-10-10,26,0,463,41,10,1,7.0,6.75,6.375,1,0,0.03333333333333333,0,0,0,0.0,6
2022-10-17,26,0,488,42,10,1,6.0,6.5,6.25,0,0,0.0,0,0,0,0.5,6
2022-10-24,26,0,497,43,10,1,6.0,6.5,6.25,0,0,0.0,0,0,0,0.0,6
2022-10-31,26,0,520,44,10,1,6.0,6.25,6.5,0,0,0.0,0,0,0,0.75,11
2022-11-07,26,0,460,45,11,1,11.0,7.25,7.0,0,0,0.0,0,0,0,0.8,5
2022-11-14,26,0,451,46,11,1,5.0,7.0,6.75,1,1,0.1655592678340248,0,0,0,0.6,5
2022-11-21,26,0,459,47,11,1,5.0,6.75,6.625,0,0,0.0,0,0,0,0.8333333333333334,6
2022-11-28,26,0,451,48,11,1,6.0,6.75,6.5,0,0,0.0,0,0,0,0.8,5
2022-12-05,26,0,411,49,12,1,5.0,5.25,6.25,0,0,0.0,1,0,0,0.0,5
2022-12-12,26,0,469,50,12,1,5.0,5.25,6.125,1,0,0.04,0,0,0,0.6,5
2022-12-19,26,0,479,51,12,1,5.0,5.25,6.0,0,0,0.0,0,0,0,0.0,5
2022-12-26,26,0,465,52,12,1,5.0,5.0,5.875,0,0,0.0,0,0,0,0.3333333333333333,3
2020-12-28,27,0,288,53,12,1,0.0,0.0,0.0,1,0,0.03333333333333333,0,0,0,0.0,11
2021-01-04,27,0,604,1,1,1,11.0,11.0,11.0,1,0,0.018181818181818184,1,0,0,0.09090909090909091,28
2021-01-11,27,0,625,2,1,1,28.0,19.5,19.5,1,0,0.014285714285714287,0,0,0,0.14285714285714285,30
2021-01-18,27,0,604,3,1,1,30.0,23.0,23.0,1,0,0.02,0,0,0,0.4,25
2021-01-25,27,0,636,4,1,1,25.0,23.5,23.5,1,0,0.037500000000000006,0,0,0,0.0,27
2021-02-01,27,0,605,5,2,1,27.0,27.5,24.2,0,0,0.0,0,0,0,0.0,28
2021-02-08,27,0,650,6,2,1,28.0,27.5,24.833333333333332,1,0,0.016666666666666666,1,0,0,0.5,29
2021-02-15,27,0,662,7,2,1,29.0,27.25,25.428571428571427,1,0,0.03333333333333333,0,0,0,0.0,27
2021-02-22,27,0,838,8,2,1,27.0,27.75,25.625,1,0,0.02666666666666667,0,0,0,0.6,28
2021-03-01,27,0,752,9,3,1,28.0,28.0,27.75,1,0,0.03076923076923077,0,0,0,0.7692307692307693,25
2021-03-08,27,0,726,10,3,1,25.0,27.25,27.375,1,0,0.0125,1,0,0,0.6875,24
2021-03-15,27,0,680,11,3,1,24.0,26.0,26.625,0,0,0.0,0,0,0,0.6666666666666666,25
2021-03-22,27,0,667,12,3,1,25.0,25.5,26.625,1,0,0.022222222222222223,0,0,0,0.5555555555555556,24
2021-03-29,27,0,744,13,3,1,24.0,24.5,26.25,1,0,0.015384615384615385,0,0,0,0.7692307692307693,24
2021-04-05,27,0,715,14,4,1,24.0,24.25,25.75,0,0,0.0,1,0,0,0.4666666666666667,23
2021-04-12,27,0,790,15,4,1,23.0,24.0,25.0,1,0,0.021052631578947368,0,0,0,1.0,27
2021-04-19,27,0,813,16,4,1,27.0,24.5,25.0,1,1,0.059511126630848774,0,0,0,0.7857142857142857,25
2021-04-26,27,0,753,17,4,1,25.0,24.75,24.625,0,0,0.0,0,0,0,0.8181818181818182,26
2021-05-03,27,0,786,18,5,1,26.0,25.25,24.75,0,0,0.0,1,0,0,1.0,26
2021-05-10,27,0,980,19,5,1,26.0,26.0,25.0,1,0,0.03076923076923077,0,0,0,0.8461538461538461,24
2021-05-17,27,0,598,20,5,1,24.0,25.25,24.875,1,0,0.03636363636363637,0,0,0,1.0,25
2021-05-24,27,0,786,21,5,1,25.0,25.25,25.0,0,0,0.0,0,0,0,1.0,24
2021-05-31,27,0,759,22,5,1,24.0,24.75,25.0,0,0,0.0,0,0,0,0.8666666666666667,25
2021-06-07,27,0,771,23,6,1,25.0,24.5,25.25,1,0,0.02666666666666667,1,0,0,1.0,24
2021-06-14,27,0,803,24,6,1,24.0,24.5,24.875,0,0,0.0,0,0,0,1.0,23
2021-06-21,27,0,803,25,6,1,23.0,24.0,24.625,1,0,0.0125,0,0,0,1.0,24
2021-06-28,27,0,758,26,6,1,24.0,24.0,24.375,1,0,0.018181818181818184,0,0,0,1.0,24
2021-07-05,27,0,914,27,7,1,24.0,23.75,24.125,1,0,0.014285714285714287,1,0,0,1.0,26
2021-07-12,27,0,1073,28,7,1,26.0,24.25,24.375,1,0,0.015384615384615385,0,0,0,1.0,25
2021-07-19,27,0,1081,29,7,1,25.0,24.75,24.375,1,0,0.018181818181818184,0,0,0,0.9090909090909091,26
2021-07-26,27,0,1005,30,7,1,26.0,25.25,24.625,1,0,0.02,0,0,0,0.85,27
2021-08-02,27,0,1139,31,8,1,27.0,26.0,24.875,1,0,0.018181818181818184,1,0,0,1.0,26
2021-08-09,27,0,1204,32,8,1,26.0,26.0,25.125,1,0,0.014285714285714287,0,0,0,1.0,23
2021-08-16,27,0,1094,33,8,1,23.0,25.5,25.125,1,0,0.022222222222222223,0,0,0,1.0,26
2021-08-23,27,0,1032,34,8,1,26.0,25.5,25.375,0,0,0.0,0,0,0,1.0,27
2021-08-30,27,0,862,35,8,1,27.0,25.5,25.75,0,0,0.0,0,0,0,1.0,25
2021-09-06,27,0,798,36,9,1,25.0,25.25,25.625,1,0,0.015384615384615385,1,0,0,0.7692307692307693,25
2021-09-13,27,0,796,37,9,1,25.0,25.75,25.625,1,0,0.02666666666666667,0,0,0,1.0,24
2021-09-20,27,0,694,38,9,1,24.0,25.25,25.375,1,0,0.05714285714285715,0,0,0,0.8571428571428571,23
2021-09-27,27,0,684,39,9,1,23.0,24.25,24.875,1,0,0.015384615384615385,0,0,0,1.0,25
2021-10-04,27,0,741,40,10,1,25.0,24.25,24.75,1,0,0.04615384615384616,1,0,0,1.0,23
2021-10-11,27,0,645,41,10,1,23.0,23.75,24.75,1,0,0.018181818181818184,0,0,0,0.9090909090909091,27
2021-10-18,27,0,756,42,10,1,27.0,24.5,24.875,1,0,0.023529411764705882,0,0,0,0.29411764705882354,24
2021-10-25,27,0,844,43,10,1,24.0,24.75,24.5,1,0,0.016666666666666666,0,0,0,0.5833333333333334,25
2021-11-01,27,0,775,44,11,1,25.0,24.75,24.5,1,0,0.018181818181818184,0,0,0,0.9090909090909091,26
2021-11-08,27,0,672,45,11,1,26.0,25.5,24.625,0,0,0.0,1,0,0,0.1111111111111111,24
2021-11-15,27,0,601,46,11,1,24.0,24.75,24.625,1,1,0.04523247317520725,0,0,0,0.1111111111111111,24
2021-11-22,27,0,613,47,11,1,24.0,24.75,24.75,1,0,0.03636363636363637,0,0,0,0.2727272727272727,24
2021-11-29,27,0,636,48,11,1,24.0,24.5,24.625,1,0,0.03076923076923077,0,0,0,0.0,29
2021-12-06,27,0,530,49,12,1,29.0,25.25,25.375,1,0,0.025,1,0,0,0.0,26
2021-12-13,27,0,646,50,12,1,26.0,25.75,25.25,1,0,0.013333333333333334,0,0,0,0.3333333333333333,27
2021-12-20,27,0,708,51,12,1,27.0,26.5,25.625,1,0,0.023529411764705882,0,0,0,0.5294117647058824,28
2021-12-27,27,0,738,52,12,1,28.0,27.5,26.0,1,0,0.03333333333333334,0,0,0,0.3333333333333333,26
2022-01-03,27,0,575,1,1,1,26.0,26.75,26.0,1,0,0.03333333333333333,1,0,0,0.16666666666666666,29
2022-01-10,27,0,589,2,1,1,29.0,27.5,26.625,1,0,0.016666666666666666,0,0,0,0.5,26
2022-01-17,27,0,618,3,1,1,26.0,27.25,26.875,0,1,0.013547454447994324,0,0,0,0.5,28
2022-01-24,27,0,632,4,1,0,28.0,27.25,27.375,0,0,0.0,0,0,0,1.0,27
2022-01-31,27,0,644,5,1,1,27.0,27.5,27.125,1,0,0.0125,0,0,0,0.6875,27
2022-02-07,27,0,661,6,2,1,27.0,27.0,27.25,1,0,0.018181818181818184,1,0,0,1.0,30
2022-02-14,27,0,730,7,2,1,30.0,28.0,27.625,1,0,0.0125,0,0,0,0.875,28
2022-02-21,27,0,741,8,2,1,28.0,28.0,27.625,1,0,0.03076923076923077,0,0,0,0.46153846153846156,29
2022-02-28,27,0,737,9,2,1,29.0,28.5,28.0,1,0,0.03076923076923077,0,0,0,0.23076923076923078,24
2022-03-07,27,0,667,10,3,1,24.0,27.75,27.375,1,0,0.014285714285714287,1,0,0,0.21428571428571427,23
2022-03-14,27,0,670,11,3,1,23.0,26.0,27.0,1,0,0.042857142857142864,0,0,0,0.6428571428571429,25
2022-03-21,27,0,694,12,3,1,25.0,25.25,26.625,0,1,0.014868045172705145,0,0,0,1.0,26
2022-03-28,27,0,643,13,3,1,26.0,24.5,26.5,1,0,0.02666666666666667,0,0,0,0.8666666666666667,25
2022-04-04,27,0,645,14,4,1,25.0,24.75,26.25,0,0,0.0,1,0,0,0.21428571428571427,26
2022-04-11,27,0,776,15,4,1,26.0,25.5,25.75,1,0,0.013333333333333334,0,0,0,0.6,26
2022-04-18,27,0,868,16,4,1,26.0,25.75,25.5,1,0,0.014285714285714287,0,0,0,1.0,26
2022-04-25,27,0,761,17,4,1,26.0,25.75,25.125,1,0,0.028571428571428574,0,0,0,1.0,24
2022-05-02,27,0,720,18,5,1,24.0,25.5,25.125,1,0,0.022222222222222223,1,0,0,0.3333333333333333,26
2022-05-09,27,0,731,19,5,1,26.0,25.5,25.5,1,0,0.014285714285714287,0,0,0,1.0,26
2022-05-16,27,0,743,20,5,1,26.0,25.5,25.625,1,0,0.018181818181818184,0,0,0,0.6363636363636364,27
2022-05-23,27,0,999,21,5,1,27.0,25.75,25.75,0,1,0.032065634060360865,0,0,0,1.0,27
2022-05-30,27,0,810,22,5,1,27.0,26.5,26.0,1,0,0.013333333333333334,0,0,0,1.0,24
2022-06-06,27,0,823,23,6,1,24.0,26.0,25.75,1,0,0.016666666666666666,1,0,0,1.0,25
2022-06-13,27,0,793,24,6,1,25.0,25.75,25.625,1,0,0.03333333333333333,0,0,0,1.0,23
2022-06-20,27,0,785,25,6,1,23.0,24.75,25.25,1,0,0.028571428571428574,0,0,0,1.0,24
2022-06-27,27,0,803,26,6,1,24.0,24.0,25.25,1,0,0.037500000000000006,0,0,0,1.0,26
2022-07-04,27,0,853,27,7,1,26.0,24.5,25.25,1,0,0.03157894736842106,1,0,0,1.0,23
2022-07-11,27,0,1185,28,7,1,23.0,24.0,24.875,1,0,0.016666666666666666,0,0,0,1.0,24
2022-07-18,27,0,1067,29,7,1,24.0,24.25,24.5,1,0,0.03076923076923077,0,0,0,0.6153846153846154,26
2022-07-25,27,0,1109,30,7,1,26.0,24.75,24.375,1,0,0.013333333333333334,0,0,0,0.13333333333333333,25
2022-08-01,27,0,1132,31,8,1,25.0,24.5,24.5,0,0,0.0,0,0,0,0.9375,28
2022-08-08,27,0,1222,32,8,1,28.0,25.75,24.875,1,0,0.016666666666666666,1,0,0,1.0,25
2022-08-15,27,0,1150,33,8,1,25.0,26.0,25.125,1,0,0.022222222222222223,0,0,0,1.0,24
2022-08-22,27,0,985,34,8,1,24.0,25.5,25.125,1,0,0.06153846153846154,0,0,0,1.0,26
2022-08-29,27,0,740,35,8,1,26.0,25.75,25.125,1,0,0.028571428571428574,0,0,0,0.5714285714285714,24
2022-09-05,27,0,778,36,9,1,24.0,24.75,25.25,1,0,0.015384615384615385,1,0,0,0.5384615384615384,24
2022-09-12,27,0,722,37,9,1,24.0,24.5,25.25,1,0,0.03076923076923077,0,0,0,0.38461538461538464,23
2022-09-19,27,0,662,38,9,1,23.0,24.25,24.875,1,0,0.04,0,0,0,0.8,24
2022-09-26,27,0,651,39,9,1,24.0,23.75,24.75,1,0,0.02666666666666667,0,0,0,0.6666666666666666,26
2022-10-03,27,0,500,40,10,1,26.0,24.25,24.5,1,0,0.013333333333333334,1,0,0,0.4666666666666667,23
2022-10-10,27,0,463,41,10,1,23.0,24.0,24.25,1,0,0.037500000000000006,0,0,0,0.0,25
2022-10-17,27,0,488,42,10,1,25.0,24.5,24.375,1,0,0.044444444444444446,0,0,0,0.3888888888888889,26
2022-10-24,27,0,497,43,10,1,26.0,25.0,24.375,1,0,0.025,0,0,0,0.0,25
2022-10-31,27,0,520,44,10,1,25.0,24.75,24.5,0,0,0.0,0,0,0,0.7,26
2022-11-07,27,0,460,45,11,1,26.0,25.5,24.75,0,0,0.0,1,0,0,0.7857142857142857,26
2022-11-14,27,0,451,46,11,1,26.0,25.75,25.125,1,0,0.015384615384615385,0,0,0,0.6153846153846154,24
2022-11-21,27,0,459,47,11,1,24.0,25.25,25.125,1,0,0.015384615384615385,0,0,0,0.7692307692307693,25
2022-11-28,27,0,451,48,11,1,25.0,25.25,25.0,1,0,0.05,0,0,0,0.8125,28
2022-12-05,27,0,411,49,12,1,28.0,25.75,25.625,0,0,0.0,1,0,0,0.0,27
2022-12-12,27,0,469,50,12,1,27.0,26.0,25.875,1,0,0.0125,0,0,0,0.5,29
2022-12-19,27,0,479,51,12,1,29.0,27.25,26.25,1,1,0.04155117472670284,0,0,0,0.0,27
2022-12-26,27,0,465,52,12,1,27.0,27.75,26.5,0,0,0.0,0,0,0,0.13333333333333333,31
2020-12-28,28,0,288,53,12,1,0.0,0.0,0.0,0,0,0.0,0,0,0,0.0,33
2021-01-04,28,0,604,1,1,1,33.0,33.0,33.0,0,0,0.0,1,0,0,0.15384615384615385,63
2021-01-11,28,0,625,2,1,1,63.0,48.0,48.0,1,0,0.014285714285714287,0,0,0,0.14285714285714285,65
2021-01-18,28,0,604,3,1,1,65.0,53.666666666666664,53.666666666666664,1,0,0.015384615384615385,0,0,0,0.3076923076923077,65
2021-01-25,28,0,636,4,1,1,65.0,56.5,56.5,1,0,0.011764705882352941,0,0,0,0.0,70
2021-02-01,28,0,605,5,2,1,70.0,65.75,59.2,1,0,0.013333333333333334,0,0,0,0.0,66
2021-02-08,28,0,650,6,2,1,66.0,66.5,60.333333333333336,0,0,0.0,1,0,0,0.5,68
2021-02-15,28,0,662,7,2,1,68.0,67.25,61.42857142857143,0,0,0.0,0,0,0,0.0,68
2021-02-22,28,0,838,8,2,1,68.0,68.0,62.25,1,0,0.014285714285714287,0,0,0,0.5,70
2021-03-01,28,0,752,9,3,1,70.0,68.0,66.875,1,0,0.0125,0,0,0,0.8125,67
2021-03-08,28,0,726,10,3,1,67.0,68.25,67.375,1,0,0.03076923076923077,1,0,0,0.6923076923076923,69
2021-03-15,28,0,680,11,3,1,69.0,68.5,67.875,1,0,0.04000000000000001,0,0,0,0.8,68
2021-03-22,28,0,667,12,3,1,68.0,68.5,68.25,1,0,0.016666666666666666,0,0,0,0.75,71
2021-03-29,28,0,744,13,3,1,71.0,68.75,68.375,0,0,0.0,0,0,0,0.8,68
2021-04-05,28,0,715,14,4,1,68.0,69.0,68.625,0,0,0.0,1,0,0,0.4166666666666667,71
2021-04-12,28,0,790,15,4,1,71.0,69.5,69.0,1,0,0.011111111111111112,0,0,0,1.0,69
2021-04-19,28,0,813,16,4,1,69.0,69.75,69.125,1,0,0.023529411764705882,0,0,0,0.8235294117647058,65
2021-04-26,28,0,753,17,4,1,65.0,68.25,68.5,0,0,0.0,0,0,0,0.75,73
2021-05-03,28,0,786,18,5,1,73.0,69.5,69.25,0,0,0.0,1,0,0,1.0,64
2021-05-10,28,0,980,19,5,1,64.0,67.75,68.625,1,0,0.016666666666666666,0,0,0,0.75,70
2021-05-17,28,0,598,20,5,1,70.0,68.0,68.875,1,0,0.0125,0,0,0,1.0,73
2021-05-24,28,0,786,21,5,1,73.0,70.0,69.125,0,0,0.0,0,0,0,1.0,67
2021-05-31,28,0,759,22,5,1,67.0,68.5,69.0,1,0,0.015384615384615385,0,0,0,0.6923076923076923,69
2021-06-07,28,0,771,23,6,1,69.0,69.75,68.75,1,0,0.03529411764705883,1,0,0,1.0,70
2021-06-14,28,0,803,24,6,1,70.0,69.75,68.875,1,0,0.018181818181818184,0,0,0,1.0,72
2021-06-21,28,0,803,25,6,1,72.0,69.5,69.75,1,0,0.016666666666666666,0,0,0,1.0,66
2021-06-28,28,0,758,26,6,1,66.0,69.25,68.875,1,0,0.013333333333333334,0,0,0,1.0,69
2021-07-05,28,0,914,27,7,1,69.0,69.25,69.5,1,0,0.03076923076923077,1,0,0,1.0,72
2021-07-12,28,0,1073,28,7,1,72.0,69.75,69.75,1,0,0.03333333333333333,0,0,0,1.0,68
2021-07-19,28,0,1081,29,7,1,68.0,68.75,69.125,1,0,0.015384615384615385,0,0,0,0.9230769230769231,66
2021-07-26,28,0,1005,30,7,1,66.0,68.75,69.0,1,0,0.03076923076923077,0,0,0,0.8461538461538461,75
2021-08-02,28,0,1139,31,8,1,75.0,70.25,69.75,0,0,0.0,1,0,0,1.0,70
2021-08-09,28,0,1204,32,8,1,70.0,69.75,69.75,0,0,0.0,0,0,0,1.0,70
2021-08-16,28,0,1094,33,8,1,70.0,70.25,69.5,0,0,0.0,0,0,0,1.0,60
2021-08-23,28,0,1032,34,8,1,60.0,68.75,68.75,1,0,0.03529411764705883,0,0,0,1.0,69
2021-08-30,28,0,862,35,8,1,69.0,67.25,68.75,1,0,0.028571428571428574,0,0,0,1.0,65
2021-09-06,28,0,798,36,9,1,65.0,66.0,67.875,1,0,0.028571428571428574,1,0,0,0.7857142857142857,71
2021-09-13,28,0,796,37,9,1,71.0,66.25,68.25,1,0,0.025,0,0,0,1.0,66
2021-09-20,28,0,694,38,9,1,66.0,67.75,68.25,1,0,0.013333333333333334,0,0,0,0.9333333333333333,72
2021-09-27,28,0,684,39,9,1,72.0,68.5,67.875,1,0,0.0125,0,0,0,1.0,69
2021-10-04,28,0,741,40,10,1,69.0,69.5,67.75,0,0,0.0,1,0,0,1.0,69
2021-10-11,28,0,645,41,10,1,69.0,69.0,67.625,1,1,0.02740302751568456,0,0,0,0.8461538461538461,66
2021-10-18,28,0,756,42,10,1,66.0,69.0,68.375,1,0,0.023529411764705882,0,0,0,0.29411764705882354,66
2021-10-25,28,0,844,43,10,1,66.0,67.5,68.0,1,0,0.014285714285714287,0,0,0,0.42857142857142855,70
2021-11-01,28,0,775,44,11,1,70.0,67.75,68.625,1,0,0.02666666666666667,0,0,0,0.8666666666666667,73
2021-11-08,28,0,672,45,11,1,73.0,68.75,68.875,1,0,0.028571428571428574,1,0,0,0.07142857142857142,67
2021-11-15,28,0,601,46,11,1,67.0,69.0,69.0,0,0,0.0,0,0,0,0.17647058823529413,63
2021-11-22,28,0,613,47,11,1,63.0,68.25,67.875,1,0,0.015384615384615385,0,0,0,0.3076923076923077,68
2021-11-29,28,0,636,48,11,1,68.0,67.75,67.75,0,0,0.0,0,0,0,0.0,70
2021-12-06,28,0,530,49,12,1,70.0,67.0,67.875,1,0,0.02666666666666667,1,0,0,0.0,69
2021-12-13,28,0,646,50,12,1,69.0,67.5,68.25,1,0,0.042857142857142864,0,0,0,0.2857142857142857,69
2021-12-20,28,0,708,51,12,1,69.0,69.0,68.625,1,0,0.014285714285714287,0,0,0,0.5714285714285714,64
2021-12-27,28,0,738,52,12,1,64.0,68.0,67.875,1,0,0.05,0,0,0,0.3125,71
2022-01-03,28,0,575,1,1,1,71.0,68.25,67.625,0,0,0.0,1,0,0,0.09090909090909091,68
2022-01-10,28,0,589,2,1,1,68.0,68.0,67.75,1,0,0.03333333333333333,0,0,0,0.75,66
2022-01-17,28,0,618,3,1,1,66.0,67.25,68.125,0,0,0.0,0,0,0,0.3684210526315789,67
2022-01-24,28,0,632,4,1,0,67.0,68.0,68.0,1,0,0.03333333333333333,0,0,0,1.0,67
2022-01-31,28,0,644,5,1,1,67.0,67.0,67.625,1,0,0.015384615384615385,0,0,0,0.8461538461538461,61
2022-02-07,28,0,661,6,2,1,61.0,65.25,66.625,1,0,0.014285714285714287,1,0,0,1.0,71
2022-02-14,28,0,730,7,2,1,71.0,66.5,66.875,1,0,0.028571428571428574,0,0,0,0.7857142857142857,63
2022-02-21,28,0,741,8,2,1,63.0,65.5,66.75,1,0,0.016666666666666666,0,0,0,0.4166666666666667,66
2022-02-28,28,0,737,9,2,1,66.0,65.25,66.125,1,0,0.013333333333333334,0,0,0,0.26666666666666666,70
2022-03-07,28,0,667,10,3,1,70.0,67.5,66.375,1,0,0.016666666666666666,1,0,0,0.16666666666666666,76
2022-03-14,28,0,670,11,3,1,76.0,68.75,67.625,1,0,0.023529411764705882,0,0,0,0.6470588235294118,67
2022-03-21,28,0,694,12,3,1,67.0,69.75,67.625,1,0,0.023529411764705882,0,0,0,1.0,66
2022-03-28,28,0,643,13,3,1,66.0,69.75,67.5,1,0,0.013333333333333334,0,0,0,0.8,69
2022-04-04,28,0,645,14,4,1,69.0,69.5,68.5,1,0,0.015384615384615385,1,0,0,0.23076923076923078,71
2022-04-11,28,0,776,15,4,1,71.0,68.25,68.5,1,0,0.018181818181818184,0,0,0,0.45454545454545453,71
2022-04-18,28,0,868,16,4,1,71.0,69.25,69.5,1,0,0.025,0,0,0,1.0,70
2022-04-25,28,0,761,17,4,1,70.0,70.25,70.0,1,1,0.07090161403722851,0,0,0,1.0,68
2022-05-02,28,0,720,18,5,1,68.0,70.0,69.75,1,0,0.025,1,0,0,0.375,72
2022-05-09,28,0,731,19,5,1,72.0,70.25,69.25,0,0,0.0,0,0,0,1.0,69
2022-05-16,28,0,743,20,5,1,69.0,69.75,69.5,1,0,0.03076923076923077,0,0,0,0.6153846153846154,68
2022-05-23,28,0,999,21,5,1,68.0,69.25,69.75,0,0,0.0,0,0,0,1.0,73
2022-05-30,28,0,810,22,5,1,73.0,70.5,70.25,1,0,0.018181818181818184,0,0,0,1.0,65
2022-06-06,28,0,823,23,6,1,65.0,68.75,69.5,1,0,0.014285714285714287,1,0,0,1.0,65
2022-06-13,28,0,793,24,6,1,65.0,67.75,68.75,1,0,0.03076923076923077,0,0,0,1.0,73
2022-06-20,28,0,785,25,6,1,73.0,69.0,69.125,1,0,0.023529411764705882,0,0,0,1.0,67
2022-06-27,28,0,803,26,6,1,67.0,67.5,69.0,1,0,0.013333333333333334,0,0,0,1.0,65
2022-07-04,28,0,853,27,7,1,65.0,67.5,68.125,0,0,0.0,1,0,0,1.0,67
2022-07-11,28,0,1185,28,7,1,67.0,68.0,67.875,1,0,0.025,0,0,0,1.0,64
2022-07-18,28,0,1067,29,7,1,64.0,65.75,67.375,1,0,0.037500000000000006,0,0,0,0.625,66
2022-07-25,28,0,1109,30,7,1,66.0,65.5,66.5,1,0,0.013333333333333334,0,0,0,0.06666666666666667,70
2022-08-01,28,0,1132,31,8,1,70.0,66.75,67.125,1,0,0.013333333333333334,0,0,0,0.8666666666666667,74
2022-08-08,28,0,1222,32,8,1,74.0,68.5,68.25,1,0,0.015384615384615385,1,0,0,1.0,62
2022-08-15,28,0,1150,33,8,1,62.0,68.0,66.875,1,0,0.03636363636363637,0,0,0,1.0,69
2022-08-22,28,0,985,34,8,1,69.0,68.75,67.125,0,0,0.0,0,0,0,1.0,68
2022-08-29,28,0,740,35,8,1,68.0,68.25,67.5,0,0,0.0,0,0,0,0.6666666666666666,65
2022-09-05,28,0,778,36,9,1,65.0,66.0,67.25,1,0,0.015384615384615385,1,0,0,0.5384615384615384,67
2022-09-12,28,0,722,37,9,1,67.0,67.25,67.625,1,0,0.028571428571428574,0,0,0,0.5714285714285714,72
2022-09-19,28,0,662,38,9,1,72.0,68.0,68.375,1,0,0.016666666666666666,0,0,0,0.8333333333333334,69
2022-09-26,28,0,651,39,9,1,69.0,68.25,68.25,1,0,0.04000000000000001,0,0,0,0.6666666666666666,69
2022-10-03,28,0,500,40,10,1,69.0,69.25,67.625,1,0,0.014285714285714287,1,0,0,0.5,66
2022-10-10,28,0,463,41,10,1,66.0,69.0,68.125,1,0,0.02,0,0,0,0.0,62
2022-10-17,28,0,488,42,10,1,62.0,66.5,67.25,1,0,0.03076923076923077,0,0,0,0.3076923076923077,72
2022-10-24,28,0,497,43,10,1,72.0,67.25,67.75,1,0,0.014285714285714287,0,0,0,0.0,67
2022-10-31,28,0,520,44,10,1,67.0,66.75,68.0,1,1,0.03314981706589141,0,0,0,0.6923076923076923,68
2022-11-07,28,0,460,45,11,1,68.0,67.25,68.125,1,0,0.014285714285714287,1,0,0,0.8571428571428571,66
2022-11-14,28,0,451,46,11,1,66.0,68.25,67.375,1,0,0.042857142857142864,0,0,0,0.7142857142857143,67
2022-11-21,28,0,459,47,11,1,67.0,67.0,67.125,1,0,0.023529411764705882,0,0,0,0.8235294117647058,67
2022-11-28,28,0,451,48,11,1,67.0,67.0,66.875,1,0,0.018181818181818184,0,0,0,0.6363636363636364,68
2022-12-05,28,0,411,49,12,1,68.0,67.0,67.125,1,0,0.03333333333333333,1,0,0,0.0,66
2022-12-12,28,0,469,50,12,1,66.0,67.0,67.625,1,0,0.04,0,0,0,0.7,73
2022-12-19,28,0,479,51,12,1,73.0,68.5,67.75,0,0,0.0,0,0,0,0.0,67
2022-12-26,28,0,465,52,12,1,67.0,68.5,67.75,1,0,0.028571428571428574,0,0,0,0.14285714285714285,70
2020-12-28,29,0,288,53,12,1,0.0,0.0,0.0,0,1,0.07789581636799242,0,0,0,0.0,9
2021-01-04,29,0,604,1,1,1,9.0,9.0,9.0,0,0,0.0,1,0,0,0.18181818181818182,18
2021-01-11,29,0,625,2,1,1,18.0,13.5,13.5,0,0,0.0,0,0,0,0.08333333333333333,20
2021-01-18,29,0,604,3,1,1,20.0,15.666666666666666,15.666666666666666,1,0,0.028571428571428574,0,0,0,0.21428571428571427,16
2021-01-25,29,0,636,4,1,1,16.0,15.75,15.75,1,0,0.02,0,0,0,0.0,17
2021-02-01,29,0,605,5,2,1,17.0,17.75,16.0,1,0,0.03333333333333333,0,0,0,0.0,17
2021-02-08,29,0,650,6,2,1,17.0,17.5,16.166666666666668,0,0,0.0,1,0,0,0.375,18
2021-02-15,29,0,662,7,2,1,18.0,17.0,16.428571428571427,1,0,0.02,0,0,0,0.0,17
2021-02-22,29,0,838,8,2,1,17.0,17.25,16.5,0,0,0.0,0,0,0,0.5333333333333333,19
2021-03-01,29,0,752,9,3,1,19.0,17.75,17.75,0,0,0.0,0,0,0,0.8461538461538461,19
2021-03-08,29,0,726,10,3,1,19.0,18.25,17.875,1,0,0.015384615384615385,1,0,0,0.6923076923076923,17
2021-03-15,29,0,680,11,3,1,17.0,18.0,17.5,0,0,0.0,0,0,0,0.7,17
2021-03-22,29,0,667,12,3,1,17.0,18.0,17.625,1,0,0.022222222222222223,0,0,0,0.5555555555555556,18
2021-03-29,29,0,744,13,3,1,18.0,17.75,17.75,0,0,0.0,0,0,0,0.8333333333333334,17
2021-04-05,29,0,715,14,4,1,17.0,17.25,17.75,1,0,0.011764705882352941,1,0,0,0.47058823529411764,20
2021-04-12,29,0,790,15,4,1,20.0,18.0,18.0,1,0,0.028571428571428574,0,0,0,1.0,20
2021-04-19,29,0,813,16,4,1,20.0,18.75,18.375,0,0,0.0,0,0,0,0.7857142857142857,18
2021-04-26,29,0,753,17,4,1,18.0,18.75,18.25,0,0,0.0,0,0,0,0.7058823529411765,18
2021-05-03,29,0,786,18,5,1,18.0,19.0,18.125,1,0,0.018181818181818184,1,0,0,1.0,16
2021-05-10,29,0,980,19,5,1,16.0,18.0,18.0,1,0,0.02,0,0,0,0.9,18
2021-05-17,29,0,598,20,5,1,18.0,17.5,18.125,1,0,0.06000000000000001,0,0,0,1.0,18
2021-05-24,29,0,786,21,5,1,18.0,17.5,18.125,1,0,0.05,0,0,0,1.0,16
2021-05-31,29,0,759,22,5,1,16.0,17.0,18.0,1,1,0.07092490762395035,0,0,0,0.6666666666666666,21
2021-06-07,29,0,771,23,6,1,21.0,18.25,18.125,1,0,0.03076923076923077,1,0,0,1.0,19
2021-06-14,29,0,803,24,6,1,19.0,18.5,18.0,1,0,0.022222222222222223,0,0,0,1.0,21
2021-06-21,29,0,803,25,6,1,21.0,19.25,18.375,1,0,0.016666666666666666,0,0,0,1.0,20
2021-06-28,29,0,758,26,6,1,20.0,20.25,18.625,1,0,0.015384615384615385,0,0,0,1.0,19
2021-07-05,29,0,914,27,7,1,19.0,19.75,19.0,1,0,0.0125,1,0,0,1.0,21
2021-07-12,29,0,1073,28,7,1,21.0,20.25,19.375,1,0,0.0125,0,0,0,1.0,22
2021-07-19,29,0,1081,29,7,1,22.0,20.5,19.875,1,0,0.07272727272727274,0,0,0,0.7272727272727273,20
2021-07-26,29,0,1005,30,7,1,20.0,20.5,20.375,1,0,0.02,0,0,0,0.9,22
2021-08-02,29,0,1139,31,8,1,22.0,21.25,20.5,1,0,0.018181818181818184,1,0,0,1.0,22
2021-08-09,29,0,1204,32,8,1,22.0,21.5,20.875,1,0,0.03636363636363637,0,0,0,1.0,17
2021-08-16,29,0,1094,33,8,1,17.0,20.25,20.375,0,0,0.0,0,0,0,1.0,19
2021-08-23,29,0,1032,34,8,1,19.0,20.0,20.25,1,0,0.028571428571428574,0,0,0,1.0,22
2021-08-30,29,0,862,35,8,1,22.0,20.0,20.625,1,0,0.015384615384615385,0,0,0,1.0,19
2021-09-06,29,0,798,36,9,1,19.0,19.25,20.375,0,0,0.0,1,0,0,0.9230769230769231,24
2021-09-13,29,0,796,37,9,1,24.0,21.0,20.625,0,0,0.0,0,0,0,1.0,18
2021-09-20,29,0,694,38,9,1,18.0,20.75,20.375,0,0,0.0,0,0,0,0.9,19
2021-09-27,29,0,684,39,9,1,19.0,20.0,20.0,0,0,0.0,0,0,0,1.0,20
2021-10-04,29,0,741,40,10,1,20.0,20.25,19.75,1,0,0.013333333333333334,1,0,0,1.0,19
2021-10-11,29,0,645,41,10,1,19.0,19.0,20.0,1,0,0.014285714285714287,0,0,0,0.8571428571428571,21
2021-10-18,29,0,756,42,10,1,21.0,19.75,20.25,1,0,0.023529411764705882,0,0,0,0.35294117647058826,20
2021-10-25,29,0,844,43,10,1,20.0,20.0,20.0,1,0,0.013333333333333334,0,0,0,0.4,18
2021-11-01,29,0,775,44,11,1,18.0,19.5,19.875,1,0,0.06666666666666667,0,0,0,0.8666666666666667,19
2021-11-08,29,0,672,45,11,1,19.0,19.5,19.25,0,0,0.0,1,0,0,0.09090909090909091,13
2021-11-15,29,0,601,46,11,1,13.0,17.5,18.625,1,0,0.03333333333333333,0,0,0,0.25,16
2021-11-22,29,0,613,47,11,1,16.0,16.5,18.25,0,0,0.0,0,0,0,0.3,19
2021-11-29,29,0,636,48,11,1,19.0,16.75,18.125,1,0,0.042857142857142864,0,0,0,0.0,18
2021-12-06,29,0,530,49,12,1,18.0,16.5,18.0,0,0,0.0,1,0,0,0.0,16
2021-12-13,29,0,646,50,12,1,16.0,17.25,17.375,1,0,0.02666666666666667,0,0,0,0.26666666666666666,16
2021-12-20,29,0,708,51,12,1,16.0,17.25,16.875,1,0,0.016666666666666666,0,0,0,0.5833333333333334,17
2021-12-27,29,0,738,52,12,1,17.0,16.75,16.75,0,0,0.0,0,0,0,0.3076923076923077,18
2022-01-03,29,0,575,1,1,1,18.0,16.75,16.625,0,0,0.0,1,0,0,0.2727272727272727,17
2022-01-10,29,0,589,2,1,1,17.0,17.0,17.125,1,0,0.06000000000000001,0,0,0,0.5,20
2022-01-17,29,0,618,3,1,1,20.0,18.0,17.625,1,0,0.03333333333333333,0,0,0,0.3333333333333333,18
2022-01-24,29,0,632,4,1,0,18.0,18.25,17.5,0,0,0.0,0,0,0,1.0,15
2022-01-31,29,0,644,5,1,1,15.0,17.5,17.125,1,0,0.016666666666666666,0,0,0,0.5833333333333334,20
2022-02-07,29,0,661,6,2,1,20.0,18.25,17.625,1,0,0.018181818181818184,1,0,0,1.0,18
2022-02-14,29,0,730,7,2,1,18.0,17.75,17.875,1,0,0.04615384615384616,0,0,0,0.8461538461538461,19
2022-02-21,29,0,741,8,2,1,19.0,18.0,18.125,0,0,0.0,0,0,0,0.4166666666666667,19
2022-02-28,29,0,737,9,2,1,19.0,19.0,18.25,1,0,0.04615384615384616,0,0,0,0.15384615384615385,18
2022-03-07,29,0,667,10,3,1,18.0,18.5,18.375,0,0,0.0,1,0,0,0.26666666666666666,19
2022-03-14,29,0,670,11,3,1,19.0,18.75,18.25,0,0,0.0,0,0,0,0.6666666666666666,17
2022-03-21,29,0,694,12,3,1,17.0,18.25,18.125,1,1,0.08477624690139147,0,0,0,1.0,15
2022-03-28,29,0,643,13,3,1,15.0,17.25,18.125,1,0,0.018181818181818184,0,0,0,0.9090909090909091,18
2022-04-04,29,0,645,14,4,1,18.0,17.25,17.875,0,0,0.0,1,0,0,0.1,18
2022-04-11,29,0,776,15,4,1,18.0,17.0,17.875,1,0,0.015384615384615385,0,0,0,0.6153846153846154,17
2022-04-18,29,0,868,16,4,1,17.0,17.0,17.625,0,0,0.0,0,0,0,1.0,18
2022-04-25,29,0,761,17,4,1,18.0,17.75,17.5,0,0,0.0,0,0,0,1.0,17
2022-05-02,29,0,720,18,5,1,17.0,17.5,17.375,1,0,0.016666666666666666,1,0,0,0.6666666666666666,21
2022-05-09,29,0,731,19,5,1,21.0,18.25,17.625,1,0,0.04000000000000001,0,0,0,1.0,19
2022-05-16,29,0,743,20,5,1,19.0,18.75,17.875,1,0,0.015384615384615385,0,0,0,0.46153846153846156,17
2022-05-23,29,0,999,21,5,1,17.0,18.5,18.125,1,0,0.016666666666666666,0,0,0,1.0,17
2022-05-30,29,0,810,22,5,1,17.0,18.5,18.0,0,0,0.0,0,0,0,1.0,21
2022-06-06,29,0,823,23,6,1,21.0,18.5,18.375,1,1,0.0820610216151842,1,0,0,1.0,20
2022-06-13,29,0,793,24,6,1,20.0,18.75,18.75,0,0,0.0,0,0,0,1.0,19
2022-06-20,29,0,785,25,6,1,19.0,19.25,18.875,1,0,0.04,0,0,0,1.0,19
2022-06-27,29,0,803,26,6,1,19.0,19.75,19.125,0,0,0.0,0,0,0,1.0,20
2022-07-04,29,0,853,27,7,1,20.0,19.5,19.0,1,0,0.02,1,0,0,1.0,19
2022-07-11,29,0,1185,28,7,1,19.0,19.25,19.0,0,0,0.0,0,0,0,1.0,22
2022-07-18,29,0,1067,29,7,1,22.0,20.0,19.625,1,0,0.04615384615384616,0,0,0,0.6923076923076923,20
2022-07-25,29,0,1109,30,7,1,20.0,20.25,20.0,1,0,0.028571428571428574,0,0,0,0.14285714285714285,19
2022-08-01,29,0,1132,31,8,1,19.0,20.0,19.75,1,0,0.03333333333333333,0,0,0,0.9166666666666666,21
2022-08-08,29,0,1222,32,8,1,21.0,20.5,19.875,1,0,0.05333333333333334,1,0,0,1.0,19
2022-08-15,29,0,1150,33,8,1,19.0,19.75,19.875,1,0,0.03076923076923077,0,0,0,1.0,18
2022-08-22,29,0,985,34,8,1,18.0,19.25,19.75,1,0,0.047058823529411764,0,0,0,1.0,19
2022-08-29,29,0,740,35,8,1,19.0,19.25,19.625,1,0,0.02,0,0,0,0.7,20
2022-09-05,29,0,778,36,9,1,20.0,19.0,19.75,1,0,0.05,1,0,0,0.625,19
2022-09-12,29,0,722,37,9,1,19.0,19.0,19.375,1,0,0.03076923076923077,0,0,0,0.38461538461538464,19
2022-09-19,29,0,662,38,9,1,19.0,19.25,19.25,1,0,0.03076923076923077,0,0,0,0.6923076923076923,20
2022-09-26,29,0,651,39,9,1,20.0,19.5,19.375,1,0,0.018181818181818184,0,0,0,0.8181818181818182,21
2022-10-03,29,0,500,40,10,1,21.0,19.75,19.375,0,0,0.0,1,0,0,0.21428571428571427,21
2022-10-10,29,0,463,41,10,1,21.0,20.25,19.625,0,0,0.0,0,0,0,0.0,19
2022-10-17,29,0,488,42,10,1,19.0,20.25,19.75,0,0,0.0,0,0,0,0.5,18
2022-10-24,29,0,497,43,10,1,18.0,19.75,19.625,1,0,0.03157894736842106,0,0,0,0.0,20
2022-10-31,29,0,520,44,10,1,20.0,19.5,19.625,1,0,0.04,0,0,0,0.6,19
2022-11-07,29,0,460,45,11,1,19.0,19.0,19.625,1,0,0.028571428571428574,1,0,0,0.9285714285714286,17
2022-11-14,29,0,451,46,11,1,17.0,18.5,19.375,1,0,0.015384615384615385,0,0,0,0.5384615384615384,18
2022-11-21,29,0,459,47,11,1,18.0,18.5,19.125,1,0,0.015384615384615385,0,0,0,0.7692307692307693,19
2022-11-28,29,0,451,48,11,1,19.0,18.25,18.875,1,0,0.015384615384615385,0,0,0,0.7692307692307693,20
2022-12-05,29,0,411,49,12,1,20.0,18.5,18.75,1,0,0.025,1,0,0,0.0,14
2022-12-12,29,0,469,50,12,1,14.0,17.75,18.125,1,0,0.018181818181818184,0,0,0,0.5454545454545454,17
2022-12-19,29,0,479,51,12,1,17.0,17.5,18.0,1,0,0.014285714285714287,0,0,0,0.0,19
2022-12-26,29,0,465,52,12,1,19.0,17.5,17.875,1,0,0.022222222222222223,0,0,0,0.1111111111111111,17
2020-12-28,30,1,288,53,12,1,0.0,0.0,0.0,1,0,0.06666666666666667,0,0,0,0.0,3
2021-01-04,30,1,604,1,1,1,3.0,3.0,3.0,1,0,0.08,0,0,0,0.0,5
2021-01-11,30,1,625,2,1,1,5.0,4.0,4.0,0,0,0.0,0,0,0,0.16666666666666666,6
2021-01-18,30,1,604,3,1,1,6.0,4.666666666666667,4.666666666666667,0,0,0.0,0,0,0,0.3333333333333333,6
2021-01-25,30,1,636,4,1,1,6.0,5.0,5.0,0,0,0.0,0,0,0,0.0,6
2021-02-01,30,1,605,5,2,1,6.0,5.75,5.2,0,0,0.0,0,0,0,0.0,4
2021-02-08,30,1,650,6,2,1,4.0,5.5,5.0,0,0,0.0,1,0,0,0.4,5
2021-02-15,30,1,662,7,2,1,5.0,5.25,5.0,0,0,0.0,0,0,0,0.0,6
2021-02-22,30,1,838,8,2,1,6.0,5.25,5.125,0,0,0.0,0,0,0,0.75,4
2021-03-01,30,1,752,9,3,1,4.0,4.75,5.25,1,0,0.028571428571428574,0,0,0,0.8571428571428571,7
2021-03-08,30,1,726,10,3,1,7.0,5.5,5.5,1,0,0.03333333333333333,1,0,0,0.6666666666666666,6
2021-03-15,30,1,680,11,3,1,6.0,5.75,5.5,0,0,0.0,0,0,0,0.7142857142857143,7
2021-03-22,30,1,667,12,3,1,7.0,6.0,5.625,1,0,0.03333333333333333,0,0,0,0.5,6
2021-03-29,30,1,744,13,3,1,6.0,6.5,5.625,1,0,0.04,0,0,0,0.8,5
2021-04-05,30,1,715,14,4,1,5.0,6.0,5.75,0,0,0.0,1,0,0,0.5,6
2021-04-12,30,1,790,15,4,1,6.0,6.0,5.875,0,0,0.0,0,0,0,1.0,5
2021-04-19,30,1,813,16,4,1,5.0,5.5,5.75,0,0,0.0,0,0,0,1.0,4
2021-04-26,30,1,753,17,4,1,4.0,5.0,5.75,1,0,0.08,0,0,0,0.8,5
2021-05-03,30,1,786,18,5,1,5.0,5.0,5.5,1,0,0.03333333333333333,1,0,0,1.0,6
2021-05-10,30,1,980,19,5,1,6.0,5.0,5.5,0,0,0.0,0,0,0,0.8571428571428571,7
2021-05-17,30,1,598,20,5,1,7.0,5.5,5.5,1,0,0.05,0,0,0,1.0,4
2021-05-24,30,1,786,21,5,1,4.0,5.5,5.25,1,0,0.06666666666666667,0,0,0,1.0,3
2021-05-31,30,1,759,22,5,1,3.0,5.0,5.0,0,0,0.0,0,0,0,0.6666666666666666,6
2021-06-07,30,1,771,23,6,1,6.0,5.0,5.0,0,0,0.0,1,0,0,1.0,6
2021-06-14,30,1,803,24,6,1,6.0,4.75,5.125,0,0,0.0,0,0,0,1.0,6
2021-06-21,30,1,803,25,6,1,6.0,5.25,5.375,0,0,0.0,0,0,0,1.0,4
2021-06-28,30,1,758,26,6,1,4.0,5.5,5.25,1,0,0.03333333333333333,0,0,0,1.0,6
2021-07-05,30,1,914,27,7,1,6.0,5.5,5.25,0,1,0.0243791946593795,1,0,0,1.0,7
2021-07-12,30,1,1073,28,7,1,7.0,5.75,5.25,0,1,0.0260426990290392,0,0,0,1.0,6
2021-07-19,30,1,1081,29,7,1,6.0,5.75,5.5,1,0,0.04,0,0,0,1.0,5
2021-07-26,30,1,1005,30,7,1,5.0,6.0,5.75,0,0,0.0,0,0,0,0.8,5
2021-08-02,30,1,1139,31,8,1,5.0,5.75,5.625,1,0,0.04,1,0,0,1.0,5
2021-08-09,30,1,1204,32,8,1,5.0,5.25,5.5,1,0,0.04,0,0,0,1.0,5
2021-08-16,30,1,1094,33,8,1,5.0,5.0,5.375,1,0,0.04,0,0,0,1.0,5
2021-08-23,30,1,1032,34,8,1,5.0,5.0,5.5,1,0,0.1,0,0,0,1.0,4
2021-08-30,30,1,862,35,8,1,4.0,4.75,5.25,1,0,0.03333333333333333,0,0,0,1.0,6
2021-09-06,30,1,798,36,9,1,6.0,5.0,5.125,0,0,0.0,0,0,0,0.75,4
2021-09-13,30,1,796,37,9,1,4.0,4.75,4.875,1,0,0.03333333333333333,0,0,0,1.0,6
2021-09-20,30,1,694,38,9,1,6.0,5.0,5.0,1,0,0.04,0,0,0,0.8,5
2021-09-27,30,1,684,39,9,1,5.0,5.25,5.0,1,0,0.028571428571428574,0,0,0,1.0,7
2021-10-04,30,1,741,40,10,1,7.0,5.5,5.25,1,0,0.04,1,0,0,1.0,5
2021-10-11,30,1,645,41,10,1,5.0,5.75,5.25,0,0,0.0,0,0,0,1.0,5
2021-10-18,30,1,756,42,10,1,5.0,5.5,5.25,1,0,0.028571428571428574,0,0,0,0.2857142857142857,7
2021-10-25,30,1,844,43,10,1,7.0,6.0,5.625,0,0,0.0,0,0,0,0.6,5
2021-11-01,30,1,775,44,11,1,5.0,5.5,5.5,1,0,0.04,0,0,0,1.0,5
2021-11-08,30,1,672,45,11,1,5.0,5.5,5.625,1,0,0.04,1,0,0,0.2,5
2021-11-15,30,1,601,46,11,1,5.0,5.5,5.5,0,0,0.0,0,0,0,0.16666666666666666,6
2021-11-22,30,1,613,47,11,1,6.0,5.25,5.625,0,0,0.0,0,0,0,0.3333333333333333,3
2021-11-29,30,1,636,48,11,1,3.0,4.75,5.125,1,0,0.08,0,0,0,0.0,5
2021-12-06,30,1,530,49,12,1,5.0,4.75,5.125,1,0,0.08,1,0,0,0.0,5
2021-12-13,30,1,646,50,12,1,5.0,4.75,5.125,1,0,0.1,0,0,0,0.5,4
2021-12-20,30,1,708,51,12,1,4.0,4.25,4.75,0,0,0.0,0,0,0,0.5,6
2021-12-27,30,1,738,52,12,1,6.0,5.0,4.875,0,0,0.0,0,0,0,0.2,5
2022-01-03,30,1,575,1,1,1,5.0,5.0,4.875,0,0,0.0,1,0,0,0.16666666666666666,6
2022-01-10,30,1,589,2,1,1,6.0,5.25,5.0,0,0,0.0,0,0,0,0.75,4
2022-01-17,30,1,618,3,1,1,4.0,5.25,4.75,0,0,0.0,0,0,0,0.3333333333333333,6
2022-01-24,30,1,632,4,1,0,6.0,5.25,5.125,0,0,0.0,0,0,0,1.0,5
2022-01-31,30,1,644,5,1,1,5.0,5.25,5.125,0,0,0.0,0,0,0,0.8333333333333334,6
2022-02-07,30,1,661,6,2,1,6.0,5.25,5.25,0,1,0.015331038948543986,1,0,0,1.0,7
2022-02-14,30,1,730,7,2,1,7.0,6.0,5.625,0,0,0.0,0,0,0,1.0,4
2022-02-21,30,1,741,8,2,1,4.0,5.5,5.375,0,0,0.0,0,0,0,0.2,5
2022-02-28,30,1,737,9,2,1,5.0,5.5,5.375,0,0,0.0,0,0,0,0.2857142857142857,7
2022-03-07,30,1,667,10,3,1,7.0,5.75,5.5,1,0,0.04,0,0,0,0.4,5
2022-03-14,30,1,670,11,3,1,5.0,5.25,5.625,1,0,0.04,0,0,0,0.6,5
2022-03-21,30,1,694,12,3,1,5.0,5.5,5.5,1,0,0.028571428571428574,0,0,0,1.0,7
2022-03-28,30,1,643,13,3,1,7.0,6.0,5.75,1,0,0.03333333333333333,0,0,0,0.8333333333333334,6
2022-04-04,30,1,645,14,4,1,6.0,5.75,5.75,0,0,0.0,1,0,0,0.0,6
2022-04-11,30,1,776,15,4,1,6.0,6.0,5.625,1,0,0.10000000000000002,0,0,0,0.6666666666666666,6
2022-04-18,30,1,868,16,4,1,6.0,6.25,5.875,1,0,0.05,0,0,0,1.0,4
2022-04-25,30,1,761,17,4,1,4.0,5.5,5.75,1,0,0.05,0,0,0,1.0,4
2022-05-02,30,1,720,18,5,1,4.0,5.0,5.375,1,0,0.03333333333333333,1,0,0,0.5,6
2022-05-09,30,1,731,19,5,1,6.0,5.0,5.5,0,0,0.0,0,0,0,1.0,3
2022-05-16,30,1,743,20,5,1,3.0,4.25,5.25,0,0,0.0,0,0,0,0.6,5
2022-05-23,30,1,999,21,5,1,5.0,4.5,5.0,0,0,0.0,0,0,0,1.0,5
2022-05-30,30,1,810,22,5,1,5.0,4.75,4.875,0,0,0.0,0,0,0,1.0,7
2022-06-06,30,1,823,23,6,1,7.0,5.0,5.0,0,0,0.0,0,0,0,1.0,3
2022-06-13,30,1,793,24,6,1,3.0,5.0,4.625,0,0,0.0,0,0,0,1.0,5
2022-06-20,30,1,785,25,6,1,5.0,5.0,4.75,0,0,0.0,0,0,0,1.0,6
2022-06-27,30,1,803,26,6,1,6.0,5.25,5.0,1,0,0.03333333333333333,0,0,0,1.0,6
2022-07-04,30,1,853,27,7,1,6.0,5.0,5.0,1,0,0.03333333333333333,1,0,0,1.0,6
2022-07-11,30,1,1185,28,7,1,6.0,5.75,5.375,1,0,0.02666666666666667,0,0,0,1.0,59
2022-07-18,30,1,1067,29,7,1,59.0,19.25,12.125,0,0,0.0,0,0,0,0.875,20
2022-07-25,30,1,1109,30,7,1,20.0,22.75,14.0,1,0,0.0125,0,0,0,0.0625,34
2022-08-01,30,1,1132,31,8,1,34.0,29.75,17.375,1,0,0.010526315789473684,0,0,0,0.8421052631578947,61
2022-08-08,30,1,1222,32,8,1,61.0,43.5,24.625,0,0,0.0,1,0,0,1.0,27
2022-08-15,30,1,1150,33,8,1,27.0,35.5,27.375,1,1,0.04615591887268043,0,0,0,1.0,63
2022-08-22,30,1,985,34,8,1,63.0,46.25,34.5,1,0,0.02666666666666667,0,0,0,1.0,40
2022-08-29,30,1,740,35,8,1,40.0,47.75,38.75,0,0,0.0,0,0,0,0.38461538461538464,35
2022-09-05,30,1,778,36,9,1,35.0,41.25,42.375,1,0,0.02666666666666667,1,0,0,0.6,61
2022-09-12,30,1,722,37,9,1,61.0,49.75,42.625,0,0,0.0,0,0,0,0.4,31
2022-09-19,30,1,662,38,9,1,31.0,41.75,44.0,0,0,0.0,0,0,0,0.7142857142857143,18
2022-09-26,30,1,651,39,9,1,18.0,36.25,42.0,1,0,0.05,0,0,0,0.625,17
2022-10-03,30,1,500,40,10,1,17.0,31.75,36.5,1,0,0.08,1,0,0,0.6,5
2022-10-10,30,1,463,41,10,1,5.0,17.75,33.75,1,0,0.1,0,0,0,0.0,2
2022-10-17,30,1,488,42,10,1,2.0,10.5,26.125,0,0,0.0,0,0,0,0.6,5
2022-10-24,30,1,497,43,10,1,5.0,7.25,21.75,1,0,0.04,0,0,0,0.0,5
2022-10-31,30,1,520,44,10,1,5.0,4.25,18.0,1,0,0.03333333333333333,0,0,0,0.6666666666666666,6
2022-11-07,30,1,460,45,11,1,6.0,4.5,11.125,1,0,0.05714285714285715,1,0,0,0.8571428571428571,7
2022-11-14,30,1,451,46,11,1,7.0,5.75,8.125,1,0,0.03333333333333333,0,0,0,0.6666666666666666,6
2022-11-21,30,1,459,47,11,1,6.0,6.0,6.625,0,0,0.0,0,0,0,1.0,5
2022-11-28,30,1,451,48,11,1,5.0,6.0,5.125,0,0,0.0,0,0,0,0.75,4
2022-12-05,30,1,411,49,12,1,4.0,5.5,5.0,0,0,0.0,0,0,0,0.0,3
2022-12-12,30,1,469,50,12,1,3.0,4.5,5.125,0,0,0.0,0,0,0,0.5,6
2022-12-19,30,1,479,51,12,1,6.0,4.5,5.25,1,0,0.03333333333333333,0,0,0,0.0,6
2022-12-26,30,1,465,52,12,1,6.0,4.75,5.375,0,0,0.0,0,0,0,0.16666666666666666,6
2020-12-28,31,1,288,53,12,1,0.0,0.0,0.0,0,0,0.0,0,0,0,0.0,3
2021-01-04,31,1,604,1,1,1,3.0,3.0,3.0,0,0,0.0,0,0,0,0.0,3
2021-01-11,31,1,625,2,1,1,3.0,3.0,3.0,1,0,0.05,0,0,0,0.25,4
2021-01-18,31,1,604,3,1,1,4.0,3.3333333333333335,3.3333333333333335,0,0,0.0,0,0,0,0.4,5
2021-01-25,31,1,636,4,1,1,5.0,3.75,3.75,0,0,0.0,0,0,0,0.0,7
2021-02-01,31,1,605,5,2,1,7.0,4.75,4.4,0,0,0.0,0,0,0,0.0,5
2021-02-08,31,1,650,6,2,1,5.0,5.25,4.5,0,0,0.0,1,0,0,0.2,5
2021-02-15,31,1,662,7,2,1,5.0,5.5,4.571428571428571,0,0,0.0,0,0,0,0.0,5
2021-02-22,31,1,838,8,2,1,5.0,5.5,4.625,0,0,0.0,0,0,0,0.6,6
2021-03-01,31,1,752,9,3,1,6.0,5.25,5.0,1,0,0.03333333333333333,0,0,0,0.8333333333333334,6
2021-03-08,31,1,726,10,3,1,6.0,5.5,5.375,0,0,0.0,1,0,0,0.6666666666666666,6
2021-03-15,31,1,680,11,3,1,6.0,5.75,5.625,1,0,0.06666666666666667,0,0,0,0.8333333333333334,6
2021-03-22,31,1,667,12,3,1,6.0,6.0,5.75,1,0,0.03333333333333333,0,0,0,0.6666666666666666,6
2021-03-29,31,1,744,13,3,1,6.0,6.0,5.625,0,0,0.0,0,0,0,0.8333333333333334,6
2021-04-05,31,1,715,14,4,1,6.0,6.0,5.75,1,0,0.028571428571428574,1,0,0,0.42857142857142855,7
2021-04-12,31,1,790,15,4,1,7.0,6.25,6.0,1,0,0.03333333333333333,0,0,0,1.0,6
2021-04-19,31,1,813,16,4,1,6.0,6.25,6.125,1,0,0.028571428571428574,0,0,0,0.8571428571428571,7
2021-04-26,31,1,753,17,4,1,7.0,6.5,6.25,1,0,0.05,0,0,0,0.75,4
2021-05-03,31,1,786,18,5,1,4.0,6.0,6.0,1,0,0.03333333333333333,1,0,0,1.0,6
2021-05-10,31,1,980,19,5,1,6.0,5.75,6.0,0,0,0.0,0,0,0,0.8333333333333334,9
2021-05-17,31,1,598,20,5,1,9.0,6.5,6.375,1,0,0.028571428571428574,0,0,0,1.0,8
2021-05-24,31,1,786,21,5,1,8.0,6.75,6.625,0,0,0.0,0,0,0,1.0,4
2021-05-31,31,1,759,22,5,1,4.0,6.75,6.375,0,0,0.0,0,0,0,0.7142857142857143,7
2021-06-07,31,1,771,23,6,1,7.0,7.0,6.375,0,0,0.0,1,0,0,1.0,6
2021-06-14,31,1,803,24,6,1,6.0,6.25,6.375,0,0,0.0,0,0,0,1.0,5
2021-06-21,31,1,803,25,6,1,5.0,5.5,6.125,0,0,0.0,0,0,0,1.0,5
2021-06-28,31,1,758,26,6,1,5.0,5.75,6.25,0,0,0.0,0,0,0,1.0,7
2021-07-05,31,1,914,27,7,1,7.0,5.75,6.375,1,0,0.044444444444444446,1,0,0,1.0,9
2021-07-12,31,1,1073,28,7,1,9.0,6.5,6.375,1,0,0.07500000000000001,0,0,0,1.0,9
2021-07-19,31,1,1081,29,7,1,9.0,7.5,6.5,1,0,0.02,0,0,0,0.9,13
2021-07-26,31,1,1005,30,7,1,13.0,9.5,7.625,1,0,0.022222222222222223,0,0,0,0.8888888888888888,12
2021-08-02,31,1,1139,31,8,1,12.0,10.75,8.25,0,0,0.0,1,0,0,1.0,16
2021-08-09,31,1,1204,32,8,1,16.0,12.5,9.5,1,0,0.06666666666666668,0,0,0,1.0,12
2021-08-16,31,1,1094,33,8,1,12.0,13.25,10.375,0,1,0.03536446442173886,0,0,0,1.0,10
2021-08-23,31,1,1032,34,8,1,10.0,12.5,11.0,0,0,0.0,0,0,0,1.0,7
2021-08-30,31,1,862,35,8,1,7.0,11.25,11.0,0,0,0.0,0,0,0,1.0,6
2021-09-06,31,1,798,36,9,1,6.0,8.75,10.625,1,0,0.06666666666666667,0,0,0,0.8333333333333334,6
2021-09-13,31,1,796,37,9,1,6.0,7.25,10.25,1,0,0.025,0,0,0,1.0,8
2021-09-20,31,1,694,38,9,1,8.0,6.75,9.625,1,0,0.08,0,0,0,0.8,5
2021-09-27,31,1,684,39,9,1,5.0,6.25,8.75,0,0,0.0,0,0,0,1.0,4
2021-10-04,31,1,741,40,10,1,4.0,5.75,7.25,1,0,0.03333333333333333,1,0,0,1.0,6
2021-10-11,31,1,645,41,10,1,6.0,5.75,6.5,0,0,0.0,0,0,0,0.8,5
2021-10-18,31,1,756,42,10,1,5.0,5.0,5.875,0,0,0.0,0,0,0,0.2857142857142857,7
2021-10-25,31,1,844,43,10,1,7.0,5.5,5.875,0,0,0.0,0,0,0,0.5,7
2021-11-01,31,1,775,44,11,1,7.0,6.25,6.0,0,0,0.0,0,0,0,0.8,5
2021-11-08,31,1,672,45,11,1,5.0,6.0,5.875,1,0,0.03333333333333333,1,0,0,0.16666666666666666,6
2021-11-15,31,1,601,46,11,1,6.0,6.25,5.625,1,0,0.03333333333333333,0,0,0,0.16666666666666666,6
2021-11-22,31,1,613,47,11,1,6.0,6.0,5.75,1,0,0.05,0,0,0,0.25,4
2021-11-29,31,1,636,48,11,1,4.0,5.25,5.75,0,0,0.0,0,0,0,0.0,5
2021-12-06,31,1,530,49,12,1,5.0,5.25,5.625,0,0,0.0,0,0,0,0.0,4
2021-12-13,31,1,646,50,12,1,4.0,4.75,5.5,1,0,0.04,0,0,0,0.4,5
2021-12-20,31,1,708,51,12,1,5.0,4.5,5.25,0,0,0.0,0,0,0,0.5,6
2021-12-27,31,1,738,52,12,1,6.0,5.0,5.125,1,0,0.03333333333333333,0,0,0,0.3333333333333333,6
2022-01-03,31,1,575,1,1,1,6.0,5.25,5.25,1,0,0.028571428571428574,1,0,0,0.14285714285714285,7
2022-01-10,31,1,589,2,1,1,7.0,6.0,5.375,0,0,0.0,0,0,0,0.5,6
2022-01-17,31,1,618,3,1,1,6.0,6.25,5.375,0,0,0.0,0,0,0,0.4,5
2022-01-24,31,1,632,4,1,0,5.0,6.0,5.5,0,0,0.0,0,0,0,1.0,3
2022-01-31,31,1,644,5,1,1,3.0,5.25,5.25,0,0,0.0,0,0,0,0.6,5
2022-02-07,31,1,661,6,2,1,5.0,4.75,5.375,0,0,0.0,0,0,0,1.0,5
2022-02-14,31,1,730,7,2,1,5.0,4.5,5.375,0,0,0.0,0,0,0,0.8333333333333334,7
2022-02-21,31,1,741,8,2,1,7.0,5.0,5.5,0,0,0.0,0,0,0,0.3333333333333333,6
2022-02-28,31,1,737,9,2,1,6.0,5.75,5.5,0,0,0.0,0,0,0,0.5,4
2022-03-07,31,1,667,10,3,1,4.0,5.5,5.125,1,0,0.03333333333333333,1,0,0,0.3333333333333333,6
2022-03-14,31,1,670,11,3,1,6.0,5.75,5.125,0,0,0.0,0,0,0,0.75,4
2022-03-21,31,1,694,12,3,1,4.0,5.0,5.0,1,1,0.03477345318316675,0,0,0,1.0,6
2022-03-28,31,1,643,13,3,1,6.0,5.0,5.375,1,1,0.03333333333333333,0,0,0,0.8333333333333334,6
2022-04-04,31,1,645,14,4,1,6.0,5.5,5.5,0,0,0.0,0,0,0,0.2,5
2022-04-11,31,1,776,15,4,1,5.0,5.25,5.5,0,0,0.0,0,0,0,0.5,5
2022-04-18,31,1,868,16,4,1,5.0,5.5,5.25,1,0,0.025,0,0,0,1.0,10
2022-04-25,31,1,761,17,4,1,10.0,6.5,5.75,1,0,0.04,0,0,0,1.0,5
2022-05-02,31,1,720,18,5,1,5.0,6.25,5.875,0,0,0.0,1,0,0,0.42857142857142855,7
2022-05-09,31,1,731,19,5,1,7.0,6.75,6.0,0,0,0.0,0,0,0,1.0,6
2022-05-16,31,1,743,20,5,1,6.0,7.0,6.25,1,0,0.04,0,0,0,0.6,5
2022-05-23,31,1,999,21,5,1,5.0,5.75,6.125,0,0,0.0,0,0,0,1.0,10
2022-05-30,31,1,810,22,5,1,10.0,7.0,6.625,0,0,0.0,0,0,0,1.0,6
2022-06-06,31,1,823,23,6,1,6.0,6.75,6.75,1,0,0.04,1,0,0,1.0,6
2022-06-13,31,1,793,24,6,1,6.0,6.75,6.875,0,0,0.0,0,0,0,1.0,7
2022-06-20,31,1,785,25,6,1,7.0,7.25,6.5,0,0,0.0,0,0,0,1.0,6
2022-06-27,31,1,803,26,6,1,6.0,6.25,6.625,0,0,0.0,0,0,0,1.0,6
2022-07-04,31,1,853,27,7,1,6.0,6.25,6.5,0,0,0.0,0,0,0,1.0,5
2022-07-11,31,1,1185,28,7,1,5.0,6.0,6.375,0,0,0.0,0,0,0,1.0,11
2022-07-18,31,1,1067,29,7,1,11.0,7.0,7.125,1,0,0.04,0,0,0,0.4,11
2022-07-25,31,1,1109,30,7,1,11.0,8.25,7.25,1,0,0.028571428571428574,0,0,0,0.14285714285714285,10
2022-08-01,31,1,1132,31,8,1,10.0,9.25,7.75,1,0,0.05000000000000001,0,0,0,0.8333333333333334,14
2022-08-08,31,1,1222,32,8,1,14.0,11.5,8.75,0,0,0.0,1,0,0,1.0,14
2022-08-15,31,1,1150,33,8,1,14.0,12.25,9.625,0,0,0.0,0,0,0,1.0,10
2022-08-22,31,1,985,34,8,1,10.0,12.0,10.125,1,0,0.028571428571428574,0,0,0,1.0,7
2022-08-29,31,1,740,35,8,1,7.0,11.25,10.25,1,0,0.03333333333333333,0,0,0,0.5,6
2022-09-05,31,1,778,36,9,1,6.0,9.25,10.375,0,0,0.0,1,0,0,0.6666666666666666,6
2022-09-12,31,1,722,37,9,1,6.0,7.25,9.75,1,0,0.08571428571428573,0,0,0,0.42857142857142855,7
2022-09-19,31,1,662,38,9,1,7.0,6.5,9.25,0,0,0.0,0,0,0,0.6,6
2022-09-26,31,1,651,39,9,1,6.0,6.25,8.75,1,0,0.028571428571428574,0,0,0,0.7142857142857143,7
2022-10-03,31,1,500,40,10,1,7.0,6.5,7.875,1,0,0.028571428571428574,1,0,0,0.42857142857142855,7
2022-10-10,31,1,463,41,10,1,7.0,6.75,7.0,1,0,0.03333333333333333,0,0,0,0.0,6
2022-10-17,31,1,488,42,10,1,6.0,6.5,6.5,0,0,0.0,0,0,0,0.3333333333333333,6
2022-10-24,31,1,497,43,10,1,6.0,6.5,6.375,1,0,0.06666666666666667,0,0,0,0.0,6
2022-10-31,31,1,520,44,10,1,6.0,6.25,6.375,0,0,0.0,0,0,0,0.6666666666666666,7
2022-11-07,31,1,460,45,11,1,7.0,6.25,6.5,1,0,0.028571428571428574,1,0,0,0.8571428571428571,7
2022-11-14,31,1,451,46,11,1,7.0,6.5,6.5,1,0,0.03333333333333333,0,0,0,0.8333333333333334,6
2022-11-21,31,1,459,47,11,1,6.0,6.5,6.5,1,0,0.03333333333333333,0,0,0,0.8333333333333334,6
2022-11-28,31,1,451,48,11,1,6.0,6.5,6.375,0,0,0.0,0,0,0,0.6,5
2022-12-05,31,1,411,49,12,1,5.0,6.0,6.125,0,0,0.0,1,0,0,0.0,7
2022-12-12,31,1,469,50,12,1,7.0,6.0,6.25,1,0,0.04,0,0,0,0.4,5
2022-12-19,31,1,479,51,12,1,5.0,5.75,6.125,0,0,0.0,0,0,0,0.0,4
2022-12-26,31,1,465,52,12,1,4.0,5.25,5.875,1,0,0.05,0,0,0,0.0,4
2020-12-28,32,1,288,53,12,1,0.0,0.0,0.0,1,0,0.05,0,0,0,0.0,14
2021-01-04,32,1,604,1,1,1,14.0,14.0,14.0,1,0,0.025,1,0,0,0.1875,33
2021-01-11,32,1,625,2,1,1,33.0,23.5,23.5,1,0,0.014285714285714287,0,0,0,0.21428571428571427,30
2021-01-18,32,1,604,3,1,1,30.0,25.666666666666668,25.666666666666668,1,0,0.013333333333333334,0,0,0,0.2,32
2021-01-25,32,1,636,4,1,1,32.0,27.25,27.25,0,0,0.0,0,0,0,0.0,34
2021-02-01,32,1,605,5,2,1,34.0,32.25,28.6,1,0,0.016666666666666666,0,0,0,0.0,33
2021-02-08,32,1,650,6,2,1,33.0,32.25,29.333333333333332,1,0,0.03076923076923077,1,0,0,0.46153846153846156,33
2021-02-15,32,1,662,7,2,1,33.0,33.0,29.857142857142858,0,0,0.0,0,0,0,0.0,35
2021-02-22,32,1,838,8,2,1,35.0,33.75,30.5,1,0,0.058823529411764705,0,0,0,0.5882352941176471,34
2021-03-01,32,1,752,9,3,1,34.0,33.75,33.0,1,0,0.015384615384615385,0,0,0,0.7692307692307693,30
2021-03-08,32,1,726,10,3,1,30.0,33.0,32.625,1,0,0.03529411764705883,1,0,0,0.7647058823529411,31
2021-03-15,32,1,680,11,3,1,31.0,32.5,32.75,1,0,0.013333333333333334,0,0,0,0.7333333333333333,31
2021-03-22,32,1,667,12,3,1,31.0,31.5,32.625,1,0,0.07142857142857142,0,0,0,0.5,35
2021-03-29,32,1,744,13,3,1,35.0,31.75,32.75,1,0,0.03636363636363637,0,0,0,0.7272727272727273,32
2021-04-05,32,1,715,14,4,1,32.0,32.25,32.625,1,0,0.013333333333333334,1,0,0,0.4666666666666667,31
2021-04-12,32,1,790,15,4,1,31.0,32.25,32.375,0,0,0.0,0,0,0,1.0,33
2021-04-19,32,1,813,16,4,1,33.0,32.75,32.125,1,0,0.042857142857142864,0,0,0,0.8571428571428571,33
2021-04-26,32,1,753,17,4,1,33.0,32.25,32.0,1,0,0.014285714285714287,0,0,0,0.6428571428571429,33
2021-05-03,32,1,786,18,5,1,33.0,32.5,32.375,1,0,0.044444444444444446,1,0,0,1.0,33
2021-05-10,32,1,980,19,5,1,33.0,33.0,32.625,1,0,0.015384615384615385,0,0,0,0.8461538461538461,29
2021-05-17,32,1,598,20,5,1,29.0,32.0,32.375,1,0,0.013333333333333334,0,0,0,1.0,29
2021-05-24,32,1,786,21,5,1,29.0,31.0,31.625,0,0,0.0,0,0,0,1.0,28
2021-05-31,32,1,759,22,5,1,28.0,29.75,31.125,0,0,0.0,0,0,0,0.7142857142857143,30
2021-06-07,32,1,771,23,6,1,30.0,29.0,31.0,0,0,0.0,1,0,0,1.0,33
2021-06-14,32,1,803,24,6,1,33.0,30.0,31.0,1,0,0.014285714285714287,0,0,0,1.0,34
2021-06-21,32,1,803,25,6,1,34.0,31.25,31.125,1,0,0.015384615384615385,0,0,0,1.0,31
2021-06-28,32,1,758,26,6,1,31.0,32.0,30.875,1,0,0.02666666666666667,0,0,0,1.0,34
2021-07-05,32,1,914,27,7,1,34.0,33.0,31.0,1,0,0.013333333333333334,1,0,0,1.0,34
2021-07-12,32,1,1073,28,7,1,34.0,33.25,31.625,1,0,0.022222222222222223,0,0,0,1.0,33
2021-07-19,32,1,1081,29,7,1,33.0,33.0,32.125,1,0,0.011764705882352941,0,0,0,0.8823529411764706,31
2021-07-26,32,1,1005,30,7,1,31.0,33.0,32.5,1,0,0.028571428571428574,0,0,0,0.9285714285714286,33
2021-08-02,32,1,1139,31,8,1,33.0,32.75,32.875,1,0,0.025,1,0,0,1.0,35
2021-08-09,32,1,1204,32,8,1,35.0,33.0,33.125,1,0,0.037500000000000006,0,0,0,1.0,30
2021-08-16,32,1,1094,33,8,1,30.0,32.25,32.625,1,0,0.02666666666666667,0,0,0,1.0,33
2021-08-23,32,1,1032,34,8,1,33.0,32.75,32.875,1,0,0.018181818181818184,0,0,0,1.0,33
2021-08-30,32,1,862,35,8,1,33.0,32.75,32.75,1,0,0.02666666666666667,0,0,0,1.0,32
2021-09-06,32,1,798,36,9,1,32.0,32.0,32.5,0,0,0.0,1,0,0,0.8461538461538461,30
2021-09-13,32,1,796,37,9,1,30.0,32.0,32.125,1,0,0.023529411764705882,0,0,0,1.0,30
2021-09-20,32,1,694,38,9,1,30.0,31.25,32.0,1,0,0.03076923076923077,0,0,0,0.8461538461538461,33
2021-09-27,32,1,684,39,9,1,33.0,31.25,32.0,1,0,0.028571428571428574,0,0,0,1.0,30
2021-10-04,32,1,741,40,10,1,30.0,30.75,31.375,0,0,0.0,1,0,0,1.0,31
2021-10-11,32,1,645,41,10,1,31.0,31.0,31.5,1,0,0.02666666666666667,0,0,0,0.8,32
2021-10-18,32,1,756,42,10,1,32.0,31.5,31.375,1,0,0.015384615384615385,0,0,0,0.3076923076923077,32
2021-10-25,32,1,844,43,10,1,32.0,31.25,31.25,1,0,0.016666666666666666,0,0,0,0.4166666666666667,32
2021-11-01,32,1,775,44,11,1,32.0,31.75,31.25,1,0,0.013333333333333334,0,0,0,0.9333333333333333,32
2021-11-08,32,1,672,45,11,1,32.0,32.0,31.5,1,0,0.015384615384615385,1,0,0,0.07692307692307693,30
2021-11-15,32,1,601,46,11,1,30.0,31.5,31.5,0,0,0.0,0,0,0,0.17647058823529413,34
2021-11-22,32,1,613,47,11,1,34.0,32.0,31.625,1,0,0.013333333333333334,0,0,0,0.3333333333333333,33
2021-11-29,32,1,636,48,11,1,33.0,32.25,32.0,1,0,0.023529411764705882,0,0,0,0.0,35
2021-12-06,32,1,530,49,12,1,35.0,33.0,32.5,0,0,0.0,1,0,0,0.0,29
2021-12-13,32,1,646,50,12,1,29.0,32.75,32.125,1,0,0.0125,0,0,0,0.25,33
2021-12-20,32,1,708,51,12,1,33.0,32.5,32.25,1,0,0.028571428571428574,0,0,0,0.35714285714285715,33
2021-12-27,32,1,738,52,12,1,33.0,32.5,32.375,0,0,0.0,0,0,0,0.38461538461538464,34
2022-01-03,32,1,575,1,1,1,34.0,32.25,32.625,1,0,0.02,1,0,0,0.3,30
2022-01-10,32,1,589,2,1,1,30.0,32.5,32.625,0,0,0.0,0,0,0,0.6923076923076923,33
2022-01-17,32,1,618,3,1,1,33.0,32.5,32.5,1,0,0.042857142857142864,0,0,0,0.5714285714285714,35
2022-01-24,32,1,632,4,1,0,35.0,33.0,32.75,1,0,0.025,0,0,0,1.0,32
2022-01-31,32,1,644,5,1,1,32.0,32.5,32.375,1,0,0.028571428571428574,0,0,0,0.7857142857142857,33
2022-02-07,32,1,661,6,2,1,33.0,33.25,32.875,0,0,0.0,1,0,0,1.0,32
2022-02-14,32,1,730,7,2,1,32.0,33.0,32.75,1,0,0.037500000000000006,0,0,0,0.9375,34
2022-02-21,32,1,741,8,2,1,34.0,32.75,32.875,1,0,0.016666666666666666,0,0,0,0.4166666666666667,32
2022-02-28,32,1,737,9,2,1,32.0,32.75,32.625,0,0,0.0,0,0,0,0.3333333333333333,33
2022-03-07,32,1,667,10,3,1,33.0,32.75,33.0,1,0,0.021052631578947368,1,0,0,0.2631578947368421,30
2022-03-14,32,1,670,11,3,1,30.0,32.25,32.625,1,0,0.03636363636363637,0,0,0,0.45454545454545453,33
2022-03-21,32,1,694,12,3,1,33.0,32.0,32.375,1,0,0.05714285714285715,0,0,0,1.0,36
2022-03-28,32,1,643,13,3,1,36.0,33.0,32.875,0,0,0.0,0,0,0,0.9230769230769231,31
2022-04-04,32,1,645,14,4,1,31.0,32.5,32.625,1,0,0.05,1,0,0,0.0625,32
2022-04-11,32,1,776,15,4,1,32.0,33.0,32.625,1,0,0.028571428571428574,0,0,0,0.5714285714285714,34
2022-04-18,32,1,868,16,4,1,34.0,33.25,32.625,1,0,0.02,0,0,0,1.0,31
2022-04-25,32,1,761,17,4,1,31.0,32.0,32.5,0,0,0.0,0,0,0,1.0,32
2022-05-02,32,1,720,18,5,1,32.0,32.25,32.375,1,0,0.03529411764705883,1,0,0,0.4117647058823529,27
2022-05-09,32,1,731,19,5,1,27.0,31.0,32.0,1,0,0.05714285714285715,0,0,0,1.0,31
2022-05-16,32,1,743,20,5,1,31.0,30.25,31.75,1,0,0.015384615384615385,0,0,0,0.6153846153846154,34
2022-05-23,32,1,999,21,5,1,34.0,31.0,31.5,1,0,0.013333333333333334,0,0,0,1.0,31
2022-05-30,32,1,810,22,5,1,31.0,30.75,31.5,0,0,0.0,0,0,0,1.0,35
2022-06-06,32,1,823,23,6,1,35.0,32.75,31.875,1,0,0.022222222222222223,1,0,0,1.0,35
2022-06-13,32,1,793,24,6,1,35.0,33.75,32.0,1,0,0.02666666666666667,0,0,0,1.0,32
2022-06-20,32,1,785,25,6,1,32.0,33.25,32.125,1,0,0.04000000000000001,0,0,0,1.0,30
2022-06-27,32,1,803,26,6,1,30.0,33.0,31.875,1,0,0.014285714285714287,0,0,0,1.0,31
2022-07-04,32,1,853,27,7,1,31.0,32.0,32.375,1,0,0.013333333333333334,1,0,0,1.0,30
2022-07-11,32,1,1185,28,7,1,30.0,30.75,32.25,1,0,0.02666666666666667,0,0,0,1.0,35
2022-07-18,32,1,1067,29,7,1,35.0,31.5,32.375,1,0,0.013333333333333334,0,0,0,0.5333333333333333,34
2022-07-25,32,1,1109,30,7,1,34.0,32.5,32.75,1,0,0.02666666666666667,0,0,0,0.06666666666666667,28
2022-08-01,32,1,1132,31,8,1,28.0,31.75,31.875,1,0,0.025,0,0,0,0.875,31
2022-08-08,32,1,1222,32,8,1,31.0,32.0,31.375,1,0,0.014285714285714287,1,0,0,1.0,31
2022-08-15,32,1,1150,33,8,1,31.0,31.0,31.25,1,0,0.03333333333333333,0,0,0,1.0,32
2022-08-22,32,1,985,34,8,1,32.0,30.5,31.5,1,0,0.042857142857142864,0,0,0,1.0,33
2022-08-29,32,1,740,35,8,1,33.0,31.75,31.75,1,0,0.015384615384615385,0,0,0,0.5384615384615384,31
2022-09-05,32,1,778,36,9,1,31.0,31.75,31.875,1,0,0.025,1,0,0,0.5625,31
2022-09-12,32,1,722,37,9,1,31.0,31.75,31.375,0,0,0.0,0,0,0,0.46153846153846156,30
2022-09-19,32,1,662,38,9,1,30.0,31.25,30.875,1,0,0.028571428571428574,0,0,0,0.8571428571428571,31
2022-09-26,32,1,651,39,9,1,31.0,30.75,31.25,1,0,0.025,0,0,0,0.625,32
2022-10-03,32,1,500,40,10,1,32.0,31.0,31.375,1,0,0.02666666666666667,1,0,0,0.4666666666666667,28
2022-10-10,32,1,463,41,10,1,28.0,30.25,31.0,1,0,0.016666666666666666,0,0,0,0.0,32
2022-10-17,32,1,488,42,10,1,32.0,30.75,31.0,1,0,0.011111111111111112,0,0,0,0.4444444444444444,30
2022-10-24,32,1,497,43,10,1,30.0,30.5,30.625,1,0,0.014285714285714287,0,0,0,0.0,34
2022-10-31,32,1,520,44,10,1,34.0,31.0,31.0,1,0,0.02666666666666667,0,0,0,0.6666666666666666,32
2022-11-07,32,1,460,45,11,1,32.0,32.0,31.125,1,0,0.042857142857142864,1,0,0,0.7857142857142857,31
2022-11-14,32,1,451,46,11,1,31.0,31.75,31.25,0,0,0.0,0,0,0,0.8,32
2022-11-21,32,1,459,47,11,1,32.0,32.25,31.375,0,0,0.0,0,0,0,0.8235294117647058,31
2022-11-28,32,1,451,48,11,1,31.0,31.5,31.25,1,0,0.011111111111111112,0,0,0,0.7777777777777778,31
2022-12-05,32,1,411,49,12,1,31.0,31.25,31.625,1,0,0.016666666666666666,1,0,0,0.0,33
2022-12-12,32,1,469,50,12,1,33.0,31.75,31.75,0,0,0.0,0,0,0,0.6428571428571429,33
2022-12-19,32,1,479,51,12,1,33.0,32.0,32.125,1,0,0.0125,0,0,0,0.0,29
2022-12-26,32,1,465,52,12,1,29.0,31.5,31.5,1,0,0.0125,0,0,0,0.125,33
2020-12-28,33,1,288,53,12,1,0.0,0.0,0.0,1,0,0.1,0,0,0,0.0,2
2021-01-04,33,1,604,1,1,1,2.0,2.0,2.0,0,0,0.0,1,0,0,0.16666666666666666,6
2021-01-11,33,1,625,2,1,1,6.0,4.0,4.0,0,0,0.0,0,0,0,0.2,5
2021-01-18,33,1,604,3,1,1,5.0,4.333333333333333,4.333333333333333,0,0,0.0,0,0,0,0.2,5
2021-01-25,33,1,636,4,1,1,5.0,4.5,4.5,0,0,0.0,0,0,0,0.0,6
2021-02-01,33,1,605,5,2,1,6.0,5.5,4.8,1,0,0.05,0,0,0,0.0,4
2021-02-08,33,1,650,6,2,1,4.0,5.0,4.666666666666667,0,0,0.0,0,0,0,0.4,5
2021-02-15,33,1,662,7,2,1,5.0,5.0,4.714285714285714,0,0,0.0,0,0,0,0.0,6
2021-02-22,33,1,838,8,2,1,6.0,5.25,4.875,1,0,0.03333333333333333,0,0,0,0.6666666666666666,6
2021-03-01,33,1,752,9,3,1,6.0,5.25,5.375,0,0,0.0,0,0,0,0.8,5
2021-03-08,33,1,726,10,3,1,5.0,5.5,5.25,0,0,0.0,1,0,0,0.6666666666666666,6
2021-03-15,33,1,680,11,3,1,6.0,5.75,5.375,0,0,0.0,0,0,0,0.8333333333333334,6
2021-03-22,33,1,667,12,3,1,6.0,5.75,5.5,1,0,0.05,0,0,0,0.5,4
2021-03-29,33,1,744,13,3,1,4.0,5.25,5.25,0,0,0.0,0,0,0,0.8333333333333334,6
2021-04-05,33,1,715,14,4,1,6.0,5.5,5.5,1,0,0.04,1,0,0,0.4,5
2021-04-12,33,1,790,15,4,1,5.0,5.25,5.5,0,0,0.0,0,0,0,1.0,5
2021-04-19,33,1,813,16,4,1,5.0,5.0,5.375,1,0,0.03333333333333333,0,0,0,0.8333333333333334,6
2021-04-26,33,1,753,17,4,1,6.0,5.5,5.375,0,0,0.0,0,0,0,0.6666666666666666,6
2021-05-03,33,1,786,18,5,1,6.0,5.5,5.5,1,0,0.04,1,0,0,1.0,5
2021-05-10,33,1,980,19,5,1,5.0,5.5,5.375,0,0,0.0,0,0,0,0.8571428571428571,9
2021-05-17,33,1,598,20,5,1,9.0,6.5,5.75,1,0,0.03333333333333333,0,0,0,1.0,6
2021-05-24,33,1,786,21,5,1,6.0,6.5,6.0,0,0,0.0,0,0,0,1.0,6
2021-05-31,33,1,759,22,5,1,6.0,6.5,6.0,1,0,0.03333333333333333,0,0,0,0.6666666666666666,6
2021-06-07,33,1,771,23,6,1,6.0,6.75,6.125,1,0,0.05,1,0,0,1.0,4
2021-06-14,33,1,803,24,6,1,4.0,5.5,6.0,1,0,0.05714285714285715,0,0,0,1.0,7
2021-06-21,33,1,803,25,6,1,7.0,5.75,6.125,1,0,0.05,0,0,0,1.0,4
2021-06-28,33,1,758,26,6,1,4.0,5.25,5.875,0,0,0.0,0,0,0,1.0,6
2021-07-05,33,1,914,27,7,1,6.0,5.25,6.0,0,0,0.0,1,0,0,1.0,7
2021-07-12,33,1,1073,28,7,1,7.0,6.0,5.75,1,1,0.04645357567352412,0,0,0,1.0,9
2021-07-19,33,1,1081,29,7,1,9.0,6.5,6.125,0,0,0.0,0,0,0,0.8888888888888888,12
2021-07-26,33,1,1005,30,7,1,12.0,8.5,6.875,1,0,0.04,0,0,0,0.9,12
2021-08-02,33,1,1139,31,8,1,12.0,10.0,7.625,1,0,0.02,1,0,0,1.0,13
2021-08-09,33,1,1204,32,8,1,13.0,11.5,8.75,1,0,0.02,0,0,0,1.0,13
2021-08-16,33,1,1094,33,8,1,13.0,12.5,9.5,1,0,0.04,0,0,0,1.0,10
2021-08-23,33,1,1032,34,8,1,10.0,12.0,10.25,0,0,0.0,0,0,0,1.0,7
2021-08-30,33,1,862,35,8,1,7.0,10.75,10.375,0,0,0.0,0,0,0,1.0,4
2021-09-06,33,1,798,36,9,1,4.0,8.5,10.0,1,0,0.06666666666666667,1,0,0,0.8333333333333334,6
2021-09-13,33,1,796,37,9,1,6.0,6.75,9.625,0,0,0.0,0,0,0,1.0,6
2021-09-20,33,1,694,38,9,1,6.0,5.75,8.875,1,0,0.03333333333333333,0,0,0,0.8333333333333334,6
2021-09-27,33,1,684,39,9,1,6.0,5.5,8.125,1,0,0.06666666666666667,0,0,0,1.0,6
2021-10-04,33,1,741,40,10,1,6.0,6.0,7.25,0,0,0.0,0,0,0,1.0,4
2021-10-11,33,1,645,41,10,1,4.0,5.5,6.125,1,1,0.07048658960441828,0,0,0,0.8333333333333334,6
2021-10-18,33,1,756,42,10,1,6.0,5.5,5.625,0,0,0.0,0,0,0,0.0,5
2021-10-25,33,1,844,43,10,1,5.0,5.25,5.375,1,0,0.04,0,0,0,0.4,5
2021-11-01,33,1,775,44,11,1,5.0,5.0,5.5,1,0,0.08,0,0,0,0.8,5
2021-11-08,33,1,672,45,11,1,5.0,5.25,5.375,0,1,0.0618117713713853,1,0,0,0.0,4
2021-11-15,33,1,601,46,11,1,4.0,4.75,5.125,0,0,0.0,0,0,0,0.16666666666666666,6
2021-11-22,33,1,613,47,11,1,6.0,5.0,5.125,0,0,0.0,0,0,0,0.25,4
2021-11-29,33,1,636,48,11,1,4.0,4.75,4.875,0,0,0.0,0,0,0,0.0,6
2021-12-06,33,1,530,49,12,1,6.0,5.0,5.125,0,0,0.0,0,0,0,0.0,4
2021-12-13,33,1,646,50,12,1,4.0,5.0,4.875,0,0,0.0,0,0,0,0.16666666666666666,6
2021-12-20,33,1,708,51,12,1,6.0,5.0,5.0,0,0,0.0,0,0,0,0.75,4
2021-12-27,33,1,738,52,12,1,4.0,5.0,4.875,1,0,0.03333333333333333,0,0,0,0.3333333333333333,6
2022-01-03,33,1,575,1,1,1,6.0,5.0,5.0,1,0,0.028571428571428574,1,0,0,0.14285714285714285,7
2022-01-10,33,1,589,2,1,1,7.0,5.75,5.375,1,0,0.05,0,0,0,0.5,4
2022-01-17,33,1,618,3,1,1,4.0,5.25,5.125,1,0,0.04,0,0,0,0.6,5
2022-01-24,33,1,632,4,1,0,5.0,5.5,5.25,0,0,0.0,0,0,0,1.0,4
2022-01-31,33,1,644,5,1,1,4.0,5.0,5.0,0,0,0.0,0,0,0,0.6666666666666666,6
2022-02-07,33,1,661,6,2,1,6.0,4.75,5.25,0,0,0.0,0,0,0,1.0,5
2022-02-14,33,1,730,7,2,1,5.0,5.0,5.125,1,0,0.04,0,0,0,0.8,5
2022-02-21,33,1,741,8,2,1,5.0,5.0,5.25,0,0,0.0,0,0,0,0.42857142857142855,7
2022-02-28,33,1,737,9,2,1,7.0,5.75,5.375,1,0,0.028571428571428574,0,0,0,0.2857142857142857,7
2022-03-07,33,1,667,10,3,1,7.0,6.0,5.375,0,0,0.0,1,0,0,0.2857142857142857,7
2022-03-14,33,1,670,11,3,1,7.0,6.5,5.75,0,0,0.0,0,0,0,0.5,6
2022-03-21,33,1,694,12,3,1,6.0,6.75,5.875,1,0,0.04,0,0,0,1.0,5
2022-03-28,33,1,643,13,3,1,5.0,6.25,6.0,1,0,0.06666666666666667,0,0,0,0.6666666666666666,3
2022-04-04,33,1,645,14,4,1,3.0,5.25,5.625,1,0,0.05714285714285715,1,0,0,0.14285714285714285,7
2022-04-11,33,1,776,15,4,1,7.0,5.25,5.875,1,0,0.04,0,0,0,0.6,6
2022-04-18,33,1,868,16,4,1,6.0,5.25,6.0,1,0,0.028571428571428574,0,0,0,1.0,8
2022-04-25,33,1,761,17,4,1,8.0,6.0,6.125,1,0,0.10000000000000002,0,0,0,1.0,6
2022-05-02,33,1,720,18,5,1,6.0,6.75,6.0,1,0,0.08,1,0,0,0.6,5
2022-05-09,33,1,731,19,5,1,5.0,6.25,5.75,0,0,0.0,0,0,0,1.0,3
2022-05-16,33,1,743,20,5,1,3.0,5.5,5.375,0,0,0.0,0,0,0,0.5,6
2022-05-23,33,1,999,21,5,1,6.0,5.0,5.5,0,0,0.0,0,0,0,1.0,11
2022-05-30,33,1,810,22,5,1,11.0,6.25,6.5,1,0,0.06666666666666667,0,0,0,1.0,6
2022-06-06,33,1,823,23,6,1,6.0,6.5,6.375,0,0,0.0,0,0,0,1.0,5
2022-06-13,33,1,793,24,6,1,5.0,7.0,6.25,1,0,0.03333333333333333,0,0,0,1.0,6
2022-06-20,33,1,785,25,6,1,6.0,7.0,6.0,1,0,0.06666666666666667,0,0,0,1.0,6
2022-06-27,33,1,803,26,6,1,6.0,5.75,6.0,1,0,0.06666666666666667,0,0,0,1.0,6
2022-07-04,33,1,853,27,7,1,6.0,5.75,6.125,0,0,0.0,1,0,0,1.0,5
2022-07-11,33,1,1185,28,7,1,5.0,5.75,6.375,0,0,0.0,0,0,0,1.0,10
2022-07-18,33,1,1067,29,7,1,10.0,6.75,6.875,1,0,0.022222222222222223,0,0,0,0.4444444444444444,10
2022-07-25,33,1,1109,30,7,1,10.0,7.75,6.75,1,0,0.02,0,0,0,0.1,10
2022-08-01,33,1,1132,31,8,1,10.0,8.75,7.25,1,0,0.044444444444444446,0,0,0,0.8888888888888888,12
2022-08-08,33,1,1222,32,8,1,12.0,10.5,8.125,0,0,0.0,1,0,0,1.0,13
2022-08-15,33,1,1150,33,8,1,13.0,11.25,9.0,0,0,0.0,0,0,0,1.0,11
2022-08-22,33,1,985,34,8,1,11.0,11.5,9.625,0,0,0.0,0,0,0,1.0,6
2022-08-29,33,1,740,35,8,1,6.0,10.5,9.625,0,0,0.0,0,0,0,0.8,5
2022-09-05,33,1,778,36,9,1,5.0,8.75,9.625,0,0,0.0,1,0,0,0.5714285714285714,7
2022-09-12,33,1,722,37,9,1,7.0,7.25,9.25,0,0,0.0,0,0,0,0.6666666666666666,3
2022-09-19,33,1,662,38,9,1,3.0,5.25,8.375,0,0,0.0,0,0,0,0.6666666666666666,7
2022-09-26,33,1,651,39,9,1,7.0,5.5,8.0,0,0,0.0,0,0,0,0.6,5
2022-10-03,33,1,500,40,10,1,5.0,5.5,7.125,0,0,0.0,1,0,0,0.3333333333333333,6
2022-10-10,33,1,463,41,10,1,6.0,5.25,6.25,0,0,0.0,0,0,0,0.0,5
2022-10-17,33,1,488,42,10,1,5.0,5.75,5.5,1,0,0.03333333333333333,0,0,0,0.5,6
2022-10-24,33,1,497,43,10,1,6.0,5.5,5.5,1,0,0.04,0,0,0,0.0,5
2022-10-31,33,1,520,44,10,1,5.0,5.5,5.5,1,0,0.03333333333333333,0,0,0,0.6666666666666666,6
2022-11-07,33,1,460,45,11,1,6.0,5.5,5.375,1,0,0.04,1,0,0,0.8,5
2022-11-14,33,1,451,46,11,1,5.0,5.5,5.625,0,0,0.0,0,0,0,0.6666666666666666,6
2022-11-21,33,1,459,47,11,1,6.0,5.5,5.5,0,0,0.0,0,0,0,0.8333333333333334,6
2022-11-28,33,1,451,48,11,1,6.0,5.75,5.625,0,0,0.0,0,0,0,0.75,4
2022-12-05,33,1,411,49,12,1,4.0,5.25,5.375,1,0,0.03333333333333333,1,0,0,0.0,6
2022-12-12,33,1,469,50,12,1,6.0,5.5,5.5,0,0,0.0,0,0,0,0.75,4
2022-12-19,33,1,479,51,12,1,4.0,5.0,5.25,0,0,0.0,0,0,0,0.0,4
2022-12-26,33,1,465,52,12,1,4.0,4.5,5.125,1,0,0.03333333333333333,0,0,0,0.16666666666666666,6
2020-12-28,34,1,288,53,12,1,0.0,0.0,0.0,0,0,0.0,0,0,0,0.0,11
2021-01-04,34,1,604,1,1,1,11.0,11.0,11.0,0,0,0.0,1,0,0,0.21428571428571427,25
2021-01-11,34,1,625,2,1,1,25.0,18.0,18.0,0,0,0.0,0,0,0,0.14285714285714285,24
2021-01-18,34,1,604,3,1,1,24.0,20.0,20.0,1,0,0.022222222222222223,0,0,0,0.3333333333333333,26
2021-01-25,34,1,636,4,1,1,26.0,21.5,21.5,1,0,0.0125,0,0,0,0.0,26
2021-02-01,34,1,605,5,2,1,26.0,25.25,22.4,1,0,0.018181818181818184,0,0,0,0.0,27
2021-02-08,34,1,650,6,2,1,27.0,25.75,23.166666666666668,1,1,0.02823389552694301,1,0,0,0.4166666666666667,23
2021-02-15,34,1,662,7,2,1,23.0,25.5,23.142857142857142,1,0,0.025,0,0,0,0.0,28
2021-02-22,34,1,838,8,2,1,28.0,26.0,23.75,0,0,0.0,0,0,0,0.5,26
2021-03-01,34,1,752,9,3,1,26.0,26.0,25.625,0,0,0.0,0,0,0,0.9411764705882353,25
2021-03-08,34,1,726,10,3,1,25.0,25.5,25.625,1,0,0.06666666666666667,1,0,0,0.6666666666666666,24
2021-03-15,34,1,680,11,3,1,24.0,25.75,25.625,1,0,0.04000000000000001,0,0,0,0.6666666666666666,24
2021-03-22,34,1,667,12,3,1,24.0,24.75,25.375,1,0,0.014285714285714287,0,0,0,0.6428571428571429,25
2021-03-29,34,1,744,13,3,1,25.0,24.5,25.25,1,1,0.069382233485652,0,0,0,0.9,23
2021-04-05,34,1,715,14,4,1,23.0,24.0,24.75,1,0,0.011111111111111112,1,0,0,0.5,24
2021-04-12,34,1,790,15,4,1,24.0,24.0,24.875,1,0,0.014285714285714287,0,0,0,1.0,26
2021-04-19,34,1,813,16,4,1,26.0,24.5,24.625,1,0,0.037500000000000006,0,0,0,0.8125,25
2021-04-26,34,1,753,17,4,1,25.0,24.5,24.5,1,0,0.028571428571428574,0,0,0,0.7142857142857143,26
2021-05-03,34,1,786,18,5,1,26.0,25.25,24.625,1,0,0.013333333333333334,1,0,0,1.0,23
2021-05-10,34,1,980,19,5,1,23.0,25.0,24.5,1,0,0.018181818181818184,0,0,0,0.9090909090909091,24
2021-05-17,34,1,598,20,5,1,24.0,24.5,24.5,1,0,0.011764705882352941,0,0,0,1.0,25
2021-05-24,34,1,786,21,5,1,25.0,24.5,24.5,1,0,0.028571428571428574,0,0,0,1.0,23
2021-05-31,34,1,759,22,5,1,23.0,23.75,24.5,1,0,0.03333333333333333,0,0,0,0.8333333333333334,26
2021-06-07,34,1,771,23,6,1,26.0,24.5,24.75,1,0,0.02666666666666667,1,0,0,1.0,26
2021-06-14,34,1,803,24,6,1,26.0,25.0,24.75,1,0,0.011764705882352941,0,0,0,1.0,26
2021-06-21,34,1,803,25,6,1,26.0,25.25,24.875,1,0,0.03076923076923077,0,0,0,1.0,23
2021-06-28,34,1,758,26,6,1,23.0,25.25,24.5,0,0,0.0,0,0,0,1.0,27
2021-07-05,34,1,914,27,7,1,27.0,25.5,25.0,0,0,0.0,1,0,0,1.0,24
2021-07-12,34,1,1073,28,7,1,24.0,25.0,25.0,0,0,0.0,0,0,0,1.0,22
2021-07-19,34,1,1081,29,7,1,22.0,24.0,24.625,1,0,0.016666666666666666,0,0,0,0.9166666666666666,24
2021-07-26,34,1,1005,30,7,1,24.0,24.25,24.75,1,0,0.0125,0,0,0,0.8125,23
2021-08-02,34,1,1139,31,8,1,23.0,23.25,24.375,1,0,0.013333333333333334,1,0,0,1.0,25
2021-08-09,34,1,1204,32,8,1,25.0,23.5,24.25,1,0,0.018181818181818184,0,0,0,1.0,23
2021-08-16,34,1,1094,33,8,1,23.0,23.75,23.875,1,0,0.014285714285714287,0,0,0,1.0,23
2021-08-23,34,1,1032,34,8,1,23.0,23.5,23.875,1,0,0.015384615384615385,0,0,0,1.0,25
2021-08-30,34,1,862,35,8,1,25.0,24.0,23.625,1,0,0.04000000000000001,0,0,0,1.0,24
2021-09-06,34,1,798,36,9,1,24.0,23.75,23.625,1,0,0.023529411764705882,1,0,0,0.8235294117647058,24
2021-09-13,34,1,796,37,9,1,24.0,24.0,23.875,1,0,0.028571428571428574,0,0,0,1.0,25
2021-09-20,34,1,694,38,9,1,25.0,24.5,24.0,1,0,0.014285714285714287,0,0,0,0.9285714285714286,25
2021-09-27,34,1,684,39,9,1,25.0,24.5,24.25,1,0,0.05263157894736842,0,0,0,1.0,24
2021-10-04,34,1,741,40,10,1,24.0,24.5,24.125,1,0,0.044444444444444446,1,0,0,1.0,25
2021-10-11,34,1,645,41,10,1,25.0,24.75,24.375,0,0,0.0,0,0,0,0.8461538461538461,28
2021-10-18,34,1,756,42,10,1,28.0,25.5,25.0,1,0,0.016666666666666666,0,0,0,0.3333333333333333,23
2021-10-25,34,1,844,43,10,1,23.0,25.0,24.75,0,0,0.0,0,0,0,0.3333333333333333,24
2021-11-01,34,1,775,44,11,1,24.0,25.0,24.75,1,0,0.028571428571428574,0,0,0,0.7857142857142857,27
2021-11-08,34,1,672,45,11,1,27.0,25.5,25.125,0,0,0.0,1,0,0,0.16666666666666666,24
2021-11-15,34,1,601,46,11,1,24.0,24.5,25.0,1,0,0.03076923076923077,0,0,0,0.07692307692307693,24
2021-11-22,34,1,613,47,11,1,24.0,24.75,24.875,0,0,0.0,0,0,0,0.3333333333333333,26
2021-11-29,34,1,636,48,11,1,26.0,25.25,25.125,0,0,0.0,0,0,0,0.0,24
2021-12-06,34,1,530,49,12,1,24.0,24.5,25.0,0,0,0.0,1,0,0,0.0,25
2021-12-13,34,1,646,50,12,1,25.0,24.75,24.625,1,0,0.028571428571428574,0,0,0,0.35714285714285715,24
2021-12-20,34,1,708,51,12,1,24.0,24.75,24.75,1,0,0.05000000000000001,0,0,0,0.3333333333333333,23
2021-12-27,34,1,738,52,12,1,23.0,24.0,24.625,1,0,0.011764705882352941,0,0,0,0.29411764705882354,24
2022-01-03,34,1,575,1,1,1,24.0,24.0,24.25,1,0,0.05000000000000001,1,0,0,0.08333333333333333,23
2022-01-10,34,1,589,2,1,1,23.0,23.5,24.125,1,0,0.05000000000000001,0,0,0,0.5,25
2022-01-17,34,1,618,3,1,1,25.0,23.75,24.25,1,0,0.04,0,0,0,0.4,27
2022-01-24,34,1,632,4,1,0,27.0,24.75,24.375,1,0,0.015384615384615385,0,0,0,1.0,25
2022-01-31,34,1,644,5,1,1,25.0,25.0,24.5,1,0,0.03529411764705883,0,0,0,0.7058823529411765,23
2022-02-07,34,1,661,6,2,1,23.0,25.0,24.25,0,0,0.0,1,0,0,1.0,26
2022-02-14,34,1,730,7,2,1,26.0,25.25,24.5,1,0,0.02666666666666667,0,0,0,0.8666666666666667,24
2022-02-21,34,1,741,8,2,1,24.0,24.5,24.625,1,0,0.028571428571428574,0,0,0,0.5714285714285714,26
2022-02-28,34,1,737,9,2,1,26.0,24.75,24.875,1,0,0.02666666666666667,0,0,0,0.4,26
2022-03-07,34,1,667,10,3,1,26.0,25.5,25.25,0,0,0.0,1,0,0,0.25,24
2022-03-14,34,1,670,11,3,1,24.0,25.0,25.125,0,0,0.0,0,0,0,0.5714285714285714,25
2022-03-21,34,1,694,12,3,1,25.0,25.25,24.875,1,0,0.0125,0,0,0,1.0,23
2022-03-28,34,1,643,13,3,1,23.0,24.5,24.625,0,0,0.0,0,0,0,0.8571428571428571,24
2022-04-04,34,1,645,14,4,1,24.0,24.0,24.75,1,0,0.016666666666666666,1,0,0,0.08333333333333333,27
2022-04-11,34,1,776,15,4,1,27.0,24.75,24.875,1,0,0.030000000000000006,0,0,0,0.6,24
2022-04-18,34,1,868,16,4,1,24.0,24.5,24.875,1,0,0.05555555555555555,0,0,0,1.0,26
2022-04-25,34,1,761,17,4,1,26.0,25.25,24.875,1,0,0.0125,0,0,0,1.0,25
2022-05-02,34,1,720,18,5,1,25.0,25.5,24.75,1,0,0.03636363636363637,1,0,0,0.45454545454545453,24
2022-05-09,34,1,731,19,5,1,24.0,24.75,24.75,1,0,0.02666666666666667,0,0,0,1.0,27
2022-05-16,34,1,743,20,5,1,27.0,25.5,25.0,1,0,0.014285714285714287,0,0,0,0.5,22
2022-05-23,34,1,999,21,5,1,22.0,24.5,24.875,0,0,0.0,0,0,0,1.0,26
2022-05-30,34,1,810,22,5,1,26.0,24.75,25.125,1,0,0.04000000000000001,0,0,0,1.0,26
2022-06-06,34,1,823,23,6,1,26.0,25.25,25.0,1,0,0.037500000000000006,1,0,0,1.0,26
2022-06-13,34,1,793,24,6,1,26.0,25.0,25.25,1,0,0.013333333333333334,0,0,0,1.0,24
2022-06-20,34,1,785,25,6,1,24.0,25.5,25.0,1,0,0.015384615384615385,0,0,0,1.0,24
2022-06-27,34,1,803,26,6,1,24.0,25.0,24.875,1,0,0.015384615384615385,0,0,0,1.0,24
2022-07-04,34,1,853,27,7,1,24.0,24.5,24.875,1,0,0.015384615384615385,1,0,0,1.0,25
2022-07-11,34,1,1185,28,7,1,25.0,24.25,24.625,1,0,0.02666666666666667,0,0,0,1.0,23
2022-07-18,34,1,1067,29,7,1,23.0,24.0,24.75,1,0,0.028571428571428574,0,0,0,0.6428571428571429,26
2022-07-25,34,1,1109,30,7,1,26.0,24.5,24.75,0,0,0.0,0,0,0,0.18181818181818182,25
2022-08-01,34,1,1132,31,8,1,25.0,24.75,24.625,0,0,0.0,0,0,0,0.9166666666666666,25
2022-08-08,34,1,1222,32,8,1,25.0,24.75,24.5,0,0,0.0,1,0,0,1.0,25
2022-08-15,34,1,1150,33,8,1,25.0,25.25,24.625,1,0,0.015384615384615385,0,0,0,1.0,26
2022-08-22,34,1,985,34,8,1,26.0,25.25,24.875,1,0,0.011764705882352941,0,0,0,1.0,24
2022-08-29,34,1,740,35,8,1,24.0,25.0,24.875,0,0,0.0,0,0,0,0.42857142857142855,27
2022-09-05,34,1,778,36,9,1,27.0,25.5,25.125,1,0,0.04615384615384616,1,0,0,0.46153846153846156,23
2022-09-12,34,1,722,37,9,1,23.0,25.0,25.125,0,0,0.0,0,0,0,0.3076923076923077,23
2022-09-19,34,1,662,38,9,1,23.0,24.25,24.75,1,0,0.015384615384615385,0,0,0,0.7692307692307693,27
2022-09-26,34,1,651,39,9,1,27.0,25.0,25.0,1,0,0.016666666666666666,0,0,0,0.6666666666666666,22
2022-10-03,34,1,500,40,10,1,22.0,23.75,24.625,1,0,0.013333333333333334,1,0,0,0.4666666666666667,25
2022-10-10,34,1,463,41,10,1,25.0,24.25,24.625,1,0,0.037500000000000006,0,0,0,0.0,25
2022-10-17,34,1,488,42,10,1,25.0,24.75,24.5,1,0,0.022222222222222223,0,0,0,0.4444444444444444,26
2022-10-24,34,1,497,43,10,1,26.0,24.5,24.75,0,0,0.0,0,0,0,0.0,28
2022-10-31,34,1,520,44,10,1,28.0,26.0,24.875,1,0,0.011764705882352941,0,0,0,0.6470588235294118,22
2022-11-07,34,1,460,45,11,1,22.0,25.25,24.75,1,0,0.015384615384615385,1,0,0,0.9230769230769231,24
2022-11-14,34,1,451,46,11,1,24.0,25.0,24.875,1,0,0.04000000000000001,0,0,0,0.8,27
2022-11-21,34,1,459,47,11,1,27.0,25.25,24.875,1,1,0.04850887120403394,0,0,0,0.9230769230769231,26
2022-11-28,34,1,451,48,11,1,26.0,24.75,25.375,0,0,0.0,0,0,0,0.6666666666666666,27
2022-12-05,34,1,411,49,12,1,27.0,26.0,25.625,0,0,0.0,1,0,0,0.0,23
2022-12-12,34,1,469,50,12,1,23.0,25.75,25.375,1,0,0.025,0,0,0,0.5625,24
2022-12-19,34,1,479,51,12,1,24.0,25.0,25.125,1,0,0.014285714285714287,0,0,0,0.0,24
2022-12-26,34,1,465,52,12,1,24.0,24.5,24.625,1,0,0.028571428571428574,0,0,0,0.14285714285714285,24
2020-12-28,35,1,288,53,12,1,0.0,0.0,0.0,1,0,0.028571428571428574,0,0,0,0.0,14
2021-01-04,35,1,604,1,1,1,14.0,14.0,14.0,0,0,0.0,1,0,0,0.125,37
2021-01-11,35,1,625,2,1,1,37.0,25.5,25.5,1,0,0.010526315789473684,0,0,0,0.15789473684210525,36
2021-01-18,35,1,604,3,1,1,36.0,29.0,29.0,0,0,0.0,0,0,0,0.14285714285714285,36
2021-01-25,35,1,636,4,1,1,36.0,30.75,30.75,1,0,0.02666666666666667,0,0,0,0.0,35
2021-02-01,35,1,605,5,2,1,35.0,36.0,31.6,1,0,0.022222222222222223,0,0,0,0.0,39
2021-02-08,35,1,650,6,2,1,39.0,36.5,32.833333333333336,1,0,0.013333333333333334,1,0,0,0.5333333333333333,32
2021-02-15,35,1,662,7,2,1,32.0,35.5,32.714285714285715,1,0,0.08333333333333333,0,0,0,0.0,36
2021-02-22,35,1,838,8,2,1,36.0,35.5,33.125,1,0,0.016666666666666666,0,0,0,0.5833333333333334,37
2021-03-01,35,1,752,9,3,1,37.0,36.0,36.0,1,0,0.011111111111111112,0,0,0,0.8333333333333334,32
2021-03-08,35,1,726,10,3,1,32.0,34.25,35.375,1,0,0.042857142857142864,1,0,0,0.7142857142857143,36
2021-03-15,35,1,680,11,3,1,36.0,35.25,35.375,1,0,0.06153846153846154,0,0,0,0.8461538461538461,31
2021-03-22,35,1,667,12,3,1,31.0,34.0,34.75,0,0,0.0,0,0,0,0.5,31
2021-03-29,35,1,744,13,3,1,31.0,32.5,34.25,1,0,0.025,0,0,0,0.875,32
2021-04-05,35,1,715,14,4,1,32.0,32.5,33.375,1,0,0.03076923076923077,1,0,0,0.46153846153846156,34
2021-04-12,35,1,790,15,4,1,34.0,32.0,33.625,1,0,0.03333333333333334,0,0,0,1.0,32
2021-04-19,35,1,813,16,4,1,32.0,32.25,33.125,1,0,0.02666666666666667,0,0,0,0.8,33
2021-04-26,35,1,753,17,4,1,33.0,32.75,32.625,1,0,0.011111111111111112,0,0,0,0.7222222222222222,33
2021-05-03,35,1,786,18,5,1,33.0,33.0,32.75,1,0,0.025,1,0,0,1.0,28
2021-05-10,35,1,980,19,5,1,28.0,31.5,31.75,0,0,0.0,0,0,0,0.9285714285714286,33
2021-05-17,35,1,598,20,5,1,33.0,31.75,32.0,1,0,0.018181818181818184,0,0,0,1.0,29
2021-05-24,35,1,786,21,5,1,29.0,30.75,31.75,0,0,0.0,0,0,0,1.0,31
2021-05-31,35,1,759,22,5,1,31.0,30.25,31.625,1,0,0.03076923076923077,0,0,0,0.6923076923076923,30
2021-06-07,35,1,771,23,6,1,30.0,30.75,31.125,1,0,0.013333333333333334,1,0,0,1.0,33
2021-06-14,35,1,803,24,6,1,33.0,30.75,31.25,1,0,0.015384615384615385,0,0,0,1.0,36
2021-06-21,35,1,803,25,6,1,36.0,32.5,31.625,1,0,0.04615384615384616,0,0,0,1.0,34
2021-06-28,35,1,758,26,6,1,34.0,33.25,31.75,0,0,0.0,0,0,0,1.0,33
2021-07-05,35,1,914,27,7,1,33.0,34.0,32.375,1,0,0.04000000000000001,1,0,0,1.0,35
2021-07-12,35,1,1073,28,7,1,35.0,34.5,32.625,1,0,0.06666666666666667,0,0,0,1.0,30
2021-07-19,35,1,1081,29,7,1,30.0,33.0,32.75,0,1,0.01717288271700562,0,0,0,0.7272727272727273,36
2021-07-26,35,1,1005,30,7,1,36.0,33.5,33.375,1,0,0.028571428571428574,0,0,0,0.8571428571428571,29
2021-08-02,35,1,1139,31,8,1,29.0,32.5,33.25,1,0,0.02666666666666667,1,0,0,1.0,32
2021-08-09,35,1,1204,32,8,1,32.0,31.75,33.125,1,0,0.015384615384615385,0,0,0,1.0,32
2021-08-16,35,1,1094,33,8,1,32.0,32.25,32.625,1,0,0.03636363636363637,0,0,0,1.0,35
2021-08-23,35,1,1032,34,8,1,35.0,32.0,32.75,0,0,0.0,0,0,0,1.0,34
2021-08-30,35,1,862,35,8,1,34.0,33.25,32.875,1,0,0.02666666666666667,0,0,0,1.0,30
2021-09-06,35,1,798,36,9,1,30.0,32.75,32.25,1,0,0.018181818181818184,1,0,0,0.7272727272727273,31
2021-09-13,35,1,796,37,9,1,31.0,32.5,32.375,1,0,0.047058823529411764,0,0,0,1.0,32
2021-09-20,35,1,694,38,9,1,32.0,31.75,31.875,1,0,0.04615384615384616,0,0,0,0.8461538461538461,33
2021-09-27,35,1,684,39,9,1,33.0,31.5,32.375,0,1,0.0496626231624022,0,0,0,1.0,33
2021-10-04,35,1,741,40,10,1,33.0,32.25,32.5,1,0,0.05000000000000001,1,0,0,1.0,35
2021-10-11,35,1,645,41,10,1,35.0,33.25,32.875,0,0,0.0,0,0,0,0.8461538461538461,32
2021-10-18,35,1,756,42,10,1,32.0,33.25,32.5,1,0,0.03076923076923077,0,0,0,0.15384615384615385,32
2021-10-25,35,1,844,43,10,1,32.0,33.0,32.25,1,0,0.014285714285714287,0,0,0,0.5,35
2021-11-01,35,1,775,44,11,1,35.0,33.5,32.875,0,0,0.0,0,0,0,0.7692307692307693,33
2021-11-08,35,1,672,45,11,1,33.0,33.0,33.125,1,0,0.0125,1,0,0,0.1875,33
2021-11-15,35,1,601,46,11,1,33.0,33.25,33.25,1,0,0.015384615384615385,0,0,0,0.07692307692307693,35
2021-11-22,35,1,613,47,11,1,35.0,34.0,33.5,1,0,0.02666666666666667,0,0,0,0.3333333333333333,33
2021-11-29,35,1,636,48,11,1,33.0,33.5,33.5,1,0,0.05333333333333334,0,0,0,0.0,36
2021-12-06,35,1,530,49,12,1,36.0,34.25,33.625,1,0,0.028571428571428574,1,0,0,0.0,36
2021-12-13,35,1,646,50,12,1,36.0,35.0,34.125,1,0,0.015384615384615385,0,0,0,0.38461538461538464,33
2021-12-20,35,1,708,51,12,1,33.0,34.5,34.25,1,0,0.047058823529411764,0,0,0,0.5882352941176471,36
2021-12-27,35,1,738,52,12,1,36.0,35.25,34.375,1,0,0.04615384615384616,0,0,0,0.3076923076923077,36
2022-01-03,35,1,575,1,1,1,36.0,35.25,34.75,1,0,0.03333333333333333,1,0,0,0.08333333333333333,34
2022-01-10,35,1,589,2,1,1,34.0,34.75,34.875,1,0,0.047058823529411764,0,0,0,0.5882352941176471,32
2022-01-17,35,1,618,3,1,1,32.0,34.5,34.5,0,0,0.0,0,0,0,0.3333333333333333,36
2022-01-24,35,1,632,4,1,0,36.0,34.5,34.875,0,0,0.0,0,0,0,1.0,39
2022-01-31,35,1,644,5,1,1,39.0,35.25,35.25,1,0,0.042857142857142864,0,0,0,0.6428571428571429,33
2022-02-07,35,1,661,6,2,1,33.0,35.0,34.875,1,0,0.018181818181818184,1,0,0,1.0,35
2022-02-14,35,1,730,7,2,1,35.0,35.75,35.125,1,1,0.03479030829044164,0,0,0,0.8333333333333334,34
2022-02-21,35,1,741,8,2,1,34.0,35.25,34.875,1,0,0.042857142857142864,0,0,0,0.35714285714285715,34
2022-02-28,35,1,737,9,2,1,34.0,34.0,34.625,1,0,0.03529411764705883,0,0,0,0.29411764705882354,32
2022-03-07,35,1,667,10,3,1,32.0,33.75,34.375,1,0,0.028571428571428574,1,0,0,0.35714285714285715,27
2022-03-14,35,1,670,11,3,1,27.0,31.75,33.75,0,0,0.0,0,0,0,0.5555555555555556,32
2022-03-21,35,1,694,12,3,1,32.0,31.25,33.25,0,0,0.0,0,0,0,1.0,34
2022-03-28,35,1,643,13,3,1,34.0,31.25,32.625,1,0,0.03529411764705883,0,0,0,0.8235294117647058,31
2022-04-04,35,1,645,14,4,1,31.0,31.0,32.375,1,0,0.05000000000000001,1,0,0,0.08333333333333333,34
2022-04-11,35,1,776,15,4,1,34.0,32.75,32.25,1,0,0.016666666666666666,0,0,0,0.75,34
2022-04-18,35,1,868,16,4,1,34.0,33.25,32.25,0,0,0.0,0,0,0,1.0,33
2022-04-25,35,1,761,17,4,1,33.0,33.0,32.125,1,0,0.02,0,0,0,1.0,32
2022-05-02,35,1,720,18,5,1,32.0,33.25,32.125,1,0,0.028571428571428574,1,0,0,0.35714285714285715,32
2022-05-09,35,1,731,19,5,1,32.0,32.75,32.75,1,0,0.03529411764705883,0,0,0,1.0,31
2022-05-16,35,1,743,20,5,1,31.0,32.0,32.625,1,0,0.011764705882352941,0,0,0,0.5882352941176471,34
2022-05-23,35,1,999,21,5,1,34.0,32.25,32.625,0,0,0.0,0,0,0,1.0,33
2022-05-30,35,1,810,22,5,1,33.0,32.5,32.875,1,0,0.03076923076923077,0,0,0,1.0,31
2022-06-06,35,1,823,23,6,1,31.0,32.25,32.5,1,0,0.014285714285714287,1,0,0,1.0,31
2022-06-13,35,1,793,24,6,1,31.0,32.25,32.125,1,0,0.02666666666666667,0,0,0,1.0,33
2022-06-20,35,1,785,25,6,1,33.0,32.0,32.125,1,0,0.03636363636363637,0,0,0,1.0,32
2022-06-27,35,1,803,26,6,1,32.0,31.75,32.125,1,0,0.02666666666666667,0,0,0,1.0,29
2022-07-04,35,1,853,27,7,1,29.0,31.25,31.75,0,0,0.0,1,0,0,1.0,32
2022-07-11,35,1,1185,28,7,1,32.0,31.5,31.875,0,0,0.0,0,0,0,1.0,31
2022-07-18,35,1,1067,29,7,1,31.0,31.0,31.5,1,0,0.013333333333333334,0,0,0,0.5333333333333333,30
2022-07-25,35,1,1109,30,7,1,30.0,30.5,31.125,1,0,0.028571428571428574,0,0,0,0.14285714285714285,31
2022-08-01,35,1,1132,31,8,1,31.0,31.0,31.125,1,0,0.015384615384615385,0,0,0,0.9230769230769231,29
2022-08-08,35,1,1222,32,8,1,29.0,30.25,30.875,1,0,0.015384615384615385,1,0,0,1.0,30
2022-08-15,35,1,1150,33,8,1,30.0,30.0,30.5,1,0,0.025,0,0,0,1.0,31
2022-08-22,35,1,985,34,8,1,31.0,30.25,30.375,1,0,0.0125,0,0,0,1.0,30
2022-08-29,35,1,740,35,8,1,30.0,30.0,30.5,1,0,0.02,0,0,0,0.6,30
2022-09-05,35,1,778,36,9,1,30.0,30.25,30.25,1,0,0.0125,1,0,0,0.5625,32
2022-09-12,35,1,722,37,9,1,32.0,30.75,30.375,1,0,0.015384615384615385,0,0,0,0.3076923076923077,34
2022-09-19,35,1,662,38,9,1,34.0,31.5,30.875,1,0,0.016666666666666666,0,0,0,0.75,35
2022-09-26,35,1,651,39,9,1,35.0,32.75,31.375,1,0,0.013333333333333334,0,0,0,0.7333333333333333,30
2022-10-03,35,1,500,40,10,1,30.0,32.75,31.5,1,0,0.03076923076923077,1,0,0,0.5384615384615384,31
2022-10-10,35,1,463,41,10,1,31.0,32.5,31.625,0,0,0.0,0,0,0,0.0,29
2022-10-17,35,1,488,42,10,1,29.0,31.25,31.375,1,0,0.04,0,0,0,0.4,34
2022-10-24,35,1,497,43,10,1,34.0,31.0,31.875,0,0,0.0,0,0,0,0.0,30
2022-10-31,35,1,520,44,10,1,30.0,31.0,31.875,1,0,0.04615384615384616,0,0,0,0.7692307692307693,33
2022-11-07,35,1,460,45,11,1,33.0,31.5,32.0,1,0,0.011764705882352941,1,0,0,0.8823529411764706,32
2022-11-14,35,1,451,46,11,1,32.0,32.25,31.75,1,0,0.014285714285714287,0,0,0,0.7142857142857143,32
2022-11-21,35,1,459,47,11,1,32.0,31.75,31.375,1,0,0.015384615384615385,0,0,0,0.7692307692307693,33
2022-11-28,35,1,451,48,11,1,33.0,32.5,31.75,0,0,0.0,0,0,0,0.8571428571428571,33
2022-12-05,35,1,411,49,12,1,33.0,32.5,32.0,1,0,0.042857142857142864,1,0,0,0.0,36
2022-12-12,35,1,469,50,12,1,36.0,33.5,32.875,1,0,0.02666666666666667,0,0,0,0.5333333333333333,34
2022-12-19,35,1,479,51,12,1,34.0,34.0,32.875,0,0,0.0,0,0,0,0.0,33
2022-12-26,35,1,465,52,12,1,33.0,34.0,33.25,1,0,0.016666666666666666,0,0,0,0.25,38
2020-12-28,36,1,288,53,12,1,0.0,0.0,0.0,0,0,0.0,0,0,0,0.0,9
2021-01-04,36,1,604,1,1,1,9.0,9.0,9.0,1,0,0.044444444444444446,1,0,0,0.2222222222222222,13
2021-01-11,36,1,625,2,1,1,13.0,11.0,11.0,1,1,0.0459634694281911,0,0,0,0.07692307692307693,18
2021-01-18,36,1,604,3,1,1,18.0,13.333333333333334,13.333333333333334,0,0,0.0,0,0,0,0.2222222222222222,17
2021-01-25,36,1,636,4,1,1,17.0,14.25,14.25,0,0,0.0,0,0,0,0.0,16
2021-02-01,36,1,605,5,2,1,16.0,16.0,14.6,1,0,0.022222222222222223,0,0,0,0.0,12
2021-02-08,36,1,650,6,2,1,12.0,15.75,14.166666666666666,1,0,0.03636363636363637,1,0,0,0.36363636363636365,19
2021-02-15,36,1,662,7,2,1,19.0,16.0,14.857142857142858,0,0,0.0,0,0,0,0.0,13
2021-02-22,36,1,838,8,2,1,13.0,15.0,14.625,1,0,0.03333333333333333,0,0,0,0.5833333333333334,18
2021-03-01,36,1,752,9,3,1,18.0,15.5,15.75,0,0,0.0,0,0,0,0.9166666666666666,17
2021-03-08,36,1,726,10,3,1,17.0,16.75,16.25,1,0,0.018181818181818184,1,0,0,0.6363636363636364,16
2021-03-15,36,1,680,11,3,1,16.0,16.0,16.0,0,0,0.0,0,0,0,0.7272727272727273,16
2021-03-22,36,1,667,12,3,1,16.0,16.75,15.875,1,0,0.03636363636363637,0,0,0,0.5454545454545454,16
2021-03-29,36,1,744,13,3,1,16.0,16.25,15.875,0,0,0.0,0,0,0,0.9,15
2021-04-05,36,1,715,14,4,1,15.0,15.75,16.25,1,0,0.018181818181818184,1,0,0,0.5454545454545454,14
2021-04-12,36,1,790,15,4,1,14.0,15.25,15.625,1,0,0.025,0,0,0,1.0,22
2021-04-19,36,1,813,16,4,1,22.0,16.75,16.75,1,0,0.03333333333333333,0,0,0,0.9166666666666666,16
2021-04-26,36,1,753,17,4,1,16.0,16.75,16.5,1,0,0.016666666666666666,0,0,0,0.75,19
2021-05-03,36,1,786,18,5,1,19.0,17.75,16.75,1,0,0.016666666666666666,1,0,0,1.0,20
2021-05-10,36,1,980,19,5,1,20.0,19.25,17.25,0,0,0.0,0,0,0,0.8333333333333334,18
2021-05-17,36,1,598,20,5,1,18.0,18.25,17.5,0,0,0.0,0,0,0,1.0,14
2021-05-24,36,1,786,21,5,1,14.0,17.75,17.25,1,0,0.05000000000000001,0,0,0,1.0,22
2021-05-31,36,1,759,22,5,1,22.0,18.5,18.125,0,0,0.0,0,0,0,0.5714285714285714,21
2021-06-07,36,1,771,23,6,1,21.0,18.75,19.0,0,0,0.0,1,0,0,1.0,18
2021-06-14,36,1,803,24,6,1,18.0,18.75,18.5,1,0,0.011764705882352941,0,0,0,1.0,27
2021-06-21,36,1,803,25,6,1,27.0,22.0,19.875,1,0,0.011764705882352941,0,0,0,1.0,27
2021-06-28,36,1,758,26,6,1,27.0,23.25,20.875,1,0,0.03636363636363637,0,0,0,1.0,16
2021-07-05,36,1,914,27,7,1,16.0,22.0,20.375,0,0,0.0,1,0,0,1.0,26
2021-07-12,36,1,1073,28,7,1,26.0,24.0,21.375,1,0,0.014285714285714287,0,0,0,1.0,26
2021-07-19,36,1,1081,29,7,1,26.0,23.75,22.875,0,0,0.0,0,0,0,0.7894736842105263,28
2021-07-26,36,1,1005,30,7,1,28.0,24.0,23.625,1,0,0.011764705882352941,0,0,0,0.7647058823529411,26
2021-08-02,36,1,1139,31,8,1,26.0,26.5,24.25,0,0,0.0,1,0,0,1.0,36
2021-08-09,36,1,1204,32,8,1,36.0,29.0,26.5,0,0,0.0,0,0,0,1.0,58
2021-08-16,36,1,1094,33,8,1,58.0,37.0,30.375,0,0,0.0,0,0,0,1.0,42
2021-08-23,36,1,1032,34,8,1,42.0,40.5,32.25,1,0,0.013333333333333334,0,0,0,1.0,38
2021-08-30,36,1,862,35,8,1,38.0,43.5,35.0,0,0,0.0,0,0,0,1.0,18
2021-09-06,36,1,798,36,9,1,18.0,39.0,34.0,1,0,0.02,1,0,0,0.9,12
2021-09-13,36,1,796,37,9,1,12.0,27.5,32.25,1,0,0.016666666666666666,0,0,0,1.0,22
2021-09-20,36,1,694,38,9,1,22.0,22.5,31.5,1,0,0.016666666666666666,0,0,0,0.75,19
2021-09-27,36,1,684,39,9,1,19.0,17.75,30.625,0,0,0.0,0,0,0,1.0,17
2021-10-04,36,1,741,40,10,1,17.0,17.5,28.25,1,0,0.021052631578947368,1,0,0,1.0,21
2021-10-11,36,1,645,41,10,1,21.0,19.75,23.625,1,0,0.018181818181818184,0,0,0,0.9090909090909091,16
2021-10-18,36,1,756,42,10,1,16.0,18.25,20.375,1,0,0.014285714285714287,0,0,0,0.21428571428571427,19
2021-10-25,36,1,844,43,10,1,19.0,18.25,18.0,1,0,0.03076923076923077,0,0,0,0.46153846153846156,23
2021-11-01,36,1,775,44,11,1,23.0,19.75,18.625,1,0,0.02666666666666667,0,0,0,0.8666666666666667,17
2021-11-08,36,1,672,45,11,1,17.0,18.75,19.25,0,0,0.0,1,0,0,0.25,15
2021-11-15,36,1,601,46,11,1,15.0,18.5,18.375,1,0,0.025,0,0,0,0.25,12
2021-11-22,36,1,613,47,11,1,12.0,16.75,17.5,1,0,0.018181818181818184,0,0,0,0.2727272727272727,16
2021-11-29,36,1,636,48,11,1,16.0,15.0,17.375,0,0,0.0,0,0,0,0.0,18
2021-12-06,36,1,530,49,12,1,18.0,15.25,17.0,0,0,0.0,1,0,0,0.0,16
2021-12-13,36,1,646,50,12,1,16.0,15.5,17.0,1,0,0.02,0,0,0,0.3,14
2021-12-20,36,1,708,51,12,1,14.0,16.0,16.375,1,0,0.02666666666666667,0,0,0,0.4666666666666667,25
2021-12-27,36,1,738,52,12,1,25.0,18.25,16.625,0,0,0.0,0,0,0,0.25,18
2022-01-03,36,1,575,1,1,1,18.0,18.25,16.75,0,0,0.0,1,0,0,0.18181818181818182,22
2022-01-10,36,1,589,2,1,1,22.0,19.75,17.625,1,0,0.018181818181818184,0,0,0,0.45454545454545453,14
2022-01-17,36,1,618,3,1,1,14.0,19.75,17.875,1,0,0.014285714285714287,0,0,0,0.42857142857142855,17
2022-01-24,36,1,632,4,1,0,17.0,17.75,18.0,1,0,0.015384615384615385,0,0,0,1.0,16
2022-01-31,36,1,644,5,1,1,16.0,17.25,17.75,1,0,0.015384615384615385,0,0,0,0.6153846153846154,21
2022-02-07,36,1,661,6,2,1,21.0,17.0,18.375,1,0,0.028571428571428574,1,0,0,1.0,20
2022-02-14,36,1,730,7,2,1,20.0,18.5,19.125,1,0,0.013333333333333334,0,0,0,0.9333333333333333,26
2022-02-21,36,1,741,8,2,1,26.0,20.75,19.25,1,0,0.02,0,0,0,0.4,19
2022-02-28,36,1,737,9,2,1,19.0,21.5,19.375,1,0,0.014285714285714287,0,0,0,0.21428571428571427,19
2022-03-07,36,1,667,10,3,1,19.0,21.0,19.0,1,0,0.014285714285714287,1,0,0,0.35714285714285715,19
2022-03-14,36,1,670,11,3,1,19.0,20.75,19.625,1,0,0.028571428571428574,0,0,0,0.42857142857142855,17
2022-03-21,36,1,694,12,3,1,17.0,18.5,19.625,1,0,0.03636363636363637,0,0,0,1.0,18
2022-03-28,36,1,643,13,3,1,18.0,18.25,19.875,0,0,0.0,0,0,0,0.8,17
2022-04-04,36,1,645,14,4,1,17.0,17.75,19.375,1,0,0.022222222222222223,1,0,0,0.1111111111111111,11
2022-04-11,36,1,776,15,4,1,11.0,15.75,18.25,1,0,0.02,0,0,0,0.7,16
2022-04-18,36,1,868,16,4,1,16.0,15.5,17.0,1,1,0.05722639903276431,0,0,0,1.0,29
2022-04-25,36,1,761,17,4,1,29.0,18.25,18.25,1,0,0.014285714285714287,0,0,0,1.0,16
2022-05-02,36,1,720,18,5,1,16.0,18.0,17.875,1,0,0.013333333333333334,1,0,0,0.4666666666666667,18
2022-05-09,36,1,731,19,5,1,18.0,19.75,17.75,0,0,0.0,0,0,0,1.0,23
2022-05-16,36,1,743,20,5,1,23.0,21.5,18.5,0,0,0.0,0,0,0,0.5714285714285714,21
2022-05-23,36,1,999,21,5,1,21.0,19.5,18.875,0,0,0.0,0,0,0,1.0,22
2022-05-30,36,1,810,22,5,1,22.0,21.0,19.5,0,0,0.0,0,0,0,1.0,16
2022-06-06,36,1,823,23,6,1,16.0,20.5,20.125,0,0,0.0,1,0,0,1.0,22
2022-06-13,36,1,793,24,6,1,22.0,20.25,20.875,1,0,0.028571428571428574,0,0,0,1.0,18
2022-06-20,36,1,785,25,6,1,18.0,19.5,19.5,1,0,0.016666666666666666,0,0,0,1.0,15
2022-06-27,36,1,803,26,6,1,15.0,17.75,19.375,1,0,0.02666666666666667,0,0,0,1.0,20
2022-07-04,36,1,853,27,7,1,20.0,18.75,19.625,1,0,0.016666666666666666,1,0,0,1.0,25
2022-07-11,36,1,1185,28,7,1,25.0,19.5,19.875,1,0,0.03333333333333333,0,0,0,1.0,35
2022-07-18,36,1,1067,29,7,1,35.0,23.75,21.625,1,0,0.023529411764705882,0,0,0,0.5882352941176471,43
2022-07-25,36,1,1109,30,7,1,43.0,30.75,24.25,1,0,0.011111111111111112,0,0,0,0.1111111111111111,25
2022-08-01,36,1,1132,31,8,1,25.0,32.0,25.375,1,0,0.023529411764705882,0,0,0,0.7647058823529411,32
2022-08-08,36,1,1222,32,8,1,32.0,33.75,26.625,1,0,0.02666666666666667,1,0,0,1.0,48
2022-08-15,36,1,1150,33,8,1,48.0,37.0,30.375,1,0,0.011111111111111112,0,0,0,1.0,56
2022-08-22,36,1,985,34,8,1,56.0,40.25,35.5,1,0,0.023529411764705882,0,0,0,1.0,31
2022-08-29,36,1,740,35,8,1,31.0,41.75,36.875,1,0,0.023529411764705882,0,0,0,0.5294117647058824,25
2022-09-05,36,1,778,36,9,1,25.0,40.0,36.875,1,0,0.018181818181818184,1,0,0,0.7272727272727273,15
2022-09-12,36,1,722,37,9,1,15.0,31.75,34.375,1,0,0.03636363636363637,0,0,0,0.5454545454545454,17
2022-09-19,36,1,662,38,9,1,17.0,22.0,31.125,1,0,0.044444444444444446,0,0,0,0.6666666666666666,15
2022-09-26,36,1,651,39,9,1,15.0,18.0,29.875,1,0,0.018181818181818184,0,0,0,0.7272727272727273,16
2022-10-03,36,1,500,40,10,1,16.0,15.75,27.875,1,0,0.03529411764705883,1,0,0,0.5882352941176471,25
2022-10-10,36,1,463,41,10,1,25.0,18.25,25.0,1,0,0.044444444444444446,0,0,0,0.0,13
2022-10-17,36,1,488,42,10,1,13.0,17.25,19.625,0,0,0.0,0,0,0,0.4166666666666667,17
2022-10-24,36,1,497,43,10,1,17.0,17.75,17.875,1,0,0.03076923076923077,0,0,0,0.0,26
2022-10-31,36,1,520,44,10,1,26.0,20.25,18.0,1,1,0.056364928567914786,0,0,0,0.7692307692307693,15
2022-11-07,36,1,460,45,11,1,15.0,17.75,18.0,1,0,0.03333333333333333,1,0,0,0.9166666666666666,16
2022-11-14,36,1,451,46,11,1,16.0,18.5,17.875,1,1,0.09406787565783087,0,0,0,0.7777777777777778,14
2022-11-21,36,1,459,47,11,1,14.0,17.75,17.75,1,0,0.04,0,0,0,0.9,13
2022-11-28,36,1,451,48,11,1,13.0,14.5,17.375,1,0,0.018181818181818184,0,0,0,0.7272727272727273,19
2022-12-05,36,1,411,49,12,1,19.0,15.5,16.625,1,0,0.016666666666666666,1,0,0,0.0,17
2022-12-12,36,1,469,50,12,1,17.0,15.75,17.125,0,0,0.0,0,0,0,0.5384615384615384,15
2022-12-19,36,1,479,51,12,1,15.0,16.0,16.875,1,0,0.058823529411764705,0,0,0,0.0,24
2022-12-26,36,1,465,52,12,1,24.0,18.75,16.625,1,0,0.03076923076923077,0,0,0,0.07692307692307693,17
2020-12-28,37,1,288,53,12,1,0.0,0.0,0.0,1,0,0.05,0,0,0,0.0,28
2021-01-04,37,1,604,1,1,1,28.0,28.0,28.0,1,0,0.03076923076923077,1,0,0,0.07692307692307693,35
2021-01-11,37,1,625,2,1,1,35.0,31.5,31.5,1,0,0.0125,0,0,0,0.1875,37
2021-01-18,37,1,604,3,1,1,37.0,33.333333333333336,33.333333333333336,1,0,0.037500000000000006,0,0,0,0.1875,31
2021-01-25,37,1,636,4,1,1,31.0,32.75,32.75,1,0,0.013333333333333334,0,0,0,0.0,41
2021-02-01,37,1,605,5,2,1,41.0,36.0,34.4,1,0,0.014285714285714287,0,0,0,0.0,40
2021-02-08,37,1,650,6,2,1,40.0,37.25,35.333333333333336,1,0,0.0125,1,0,0,0.25,41
2021-02-15,37,1,662,7,2,1,41.0,38.25,36.142857142857146,1,0,0.014285714285714287,0,0,0,0.0,40
2021-02-22,37,1,838,8,2,1,40.0,40.5,36.625,1,0,0.0125,0,0,0,0.5,90
2021-03-01,37,1,752,9,3,1,90.0,52.75,44.375,1,0,0.042857142857142864,0,0,0,0.8571428571428571,54
2021-03-08,37,1,726,10,3,1,54.0,56.25,46.75,1,0,0.022222222222222223,1,0,0,0.6111111111111112,64
2021-03-15,37,1,680,11,3,1,64.0,62.0,50.125,1,0,0.03636363636363637,0,0,0,0.8181818181818182,42
2021-03-22,37,1,667,12,3,1,42.0,62.5,51.5,1,0,0.013333333333333334,0,0,0,0.4666666666666667,46
2021-03-29,37,1,744,13,3,1,46.0,51.5,52.125,1,0,0.05000000000000001,0,0,0,0.8333333333333334,57
2021-04-05,37,1,715,14,4,1,57.0,52.25,54.25,0,0,0.0,1,0,0,0.375,42
2021-04-12,37,1,790,15,4,1,42.0,46.75,54.375,1,0,0.016666666666666666,0,0,0,1.0,59
2021-04-19,37,1,813,16,4,1,59.0,51.0,56.75,1,0,0.02,0,0,0,0.8,72
2021-04-26,37,1,753,17,4,1,72.0,57.5,54.5,0,0,0.0,0,0,0,0.8,58
2021-05-03,37,1,786,18,5,1,58.0,57.75,55.0,1,1,0.03853468358656102,1,0,0,1.0,69
2021-05-10,37,1,980,19,5,1,69.0,64.5,55.625,1,0,0.009523809523809525,0,0,0,0.8095238095238095,112
2021-05-17,37,1,598,20,5,1,112.0,77.75,64.375,1,0,0.018181818181818184,0,0,0,1.0,62
2021-05-24,37,1,786,21,5,1,62.0,75.25,66.375,1,1,0.03482936874148368,0,0,0,1.0,89
2021-05-31,37,1,759,22,5,1,89.0,83.0,70.375,1,0,0.013333333333333334,0,0,0,0.6666666666666666,73
2021-06-07,37,1,771,23,6,1,73.0,84.0,74.25,1,0,0.009523809523809525,1,0,0,1.0,67
2021-06-14,37,1,803,24,6,1,67.0,72.75,75.25,0,0,0.0,0,0,0,1.0,68
2021-06-21,37,1,803,25,6,1,68.0,74.25,74.75,1,0,0.023529411764705882,0,0,0,1.0,65
2021-06-28,37,1,758,26,6,1,65.0,68.25,75.625,0,0,0.0,0,0,0,1.0,65
2021-07-05,37,1,914,27,7,1,65.0,66.25,75.125,1,0,0.011764705882352941,1,0,0,1.0,87
2021-07-12,37,1,1073,28,7,1,87.0,71.25,72.0,1,0,0.03076923076923077,0,0,0,1.0,147
2021-07-19,37,1,1081,29,7,1,147.0,91.0,82.625,1,0,0.037500000000000006,0,0,0,0.75,158
2021-07-26,37,1,1005,30,7,1,158.0,114.25,91.25,1,0,0.0125,0,0,0,0.875,101
2021-08-02,37,1,1139,31,8,1,101.0,123.25,94.75,0,0,0.0,1,0,0,1.0,150
2021-08-09,37,1,1204,32,8,1,150.0,139.0,105.125,1,0,0.03529411764705883,0,0,0,1.0,153
2021-08-16,37,1,1094,33,8,1,153.0,140.5,115.75,1,0,0.01904761904761905,0,0,0,1.0,126
2021-08-23,37,1,1032,34,8,1,126.0,132.5,123.375,1,0,0.0125,0,0,0,1.0,102
2021-08-30,37,1,862,35,8,1,102.0,132.75,128.0,0,0,0.0,0,0,0,1.0,83
2021-09-06,37,1,798,36,9,1,83.0,116.0,127.5,0,0,0.0,1,0,0,0.7692307692307693,75
2021-09-13,37,1,796,37,9,1,75.0,96.5,118.5,0,0,0.0,0,0,0,1.0,58
2021-09-20,37,1,694,38,9,1,58.0,79.5,106.0,1,0,0.025,0,0,0,0.9375,59
2021-09-27,37,1,684,39,9,1,59.0,68.75,100.75,1,0,0.025,0,0,0,1.0,39
2021-10-04,37,1,741,40,10,1,39.0,57.75,86.875,0,0,0.0,1,0,0,1.0,50
2021-10-11,37,1,645,41,10,1,50.0,51.5,74.0,1,0,0.01904761904761905,0,0,0,0.8095238095238095,57
2021-10-18,37,1,756,42,10,1,57.0,51.25,65.375,0,0,0.0,0,0,0,0.25,51
2021-10-25,37,1,844,43,10,1,51.0,49.25,59.0,1,0,0.016666666666666666,0,0,0,0.5,67
2021-11-01,37,1,775,44,11,1,67.0,56.25,57.0,1,0,0.01,0,0,0,0.95,62
2021-11-08,37,1,672,45,11,1,62.0,59.25,55.375,1,0,0.022222222222222223,1,0,0,0.05555555555555555,47
2021-11-15,37,1,601,46,11,1,47.0,56.75,54.0,1,0,0.04000000000000001,0,0,0,0.06666666666666667,43
2021-11-22,37,1,613,47,11,1,43.0,54.75,52.0,0,0,0.0,0,0,0,0.25,40
2021-11-29,37,1,636,48,11,1,40.0,48.0,52.125,1,0,0.028571428571428574,0,0,0,0.0,39
2021-12-06,37,1,530,49,12,1,39.0,42.25,50.75,0,0,0.0,1,0,0,0.0,39
2021-12-13,37,1,646,50,12,1,39.0,40.25,48.5,0,0,0.0,0,0,0,0.14285714285714285,47
2021-12-20,37,1,708,51,12,1,47.0,41.25,48.0,1,0,0.0125,0,0,0,0.5,63
2021-12-27,37,1,738,52,12,1,63.0,47.0,47.5,1,0,0.030000000000000006,0,0,0,0.4,55
2022-01-03,37,1,575,1,1,1,55.0,51.0,46.625,0,0,0.0,1,0,0,0.1,32
2022-01-10,37,1,589,2,1,1,32.0,49.25,44.75,1,0,0.013333333333333334,0,0,0,0.6,39
2022-01-17,37,1,618,3,1,1,39.0,47.25,44.25,1,0,0.05555555555555555,0,0,0,0.4444444444444444,33
2022-01-24,37,1,632,4,1,0,33.0,39.75,43.375,1,0,0.05,0,0,0,1.0,36
2022-01-31,37,1,644,5,1,1,36.0,35.0,43.0,0,0,0.0,0,0,0,0.8461538461538461,36
2022-02-07,37,1,661,6,2,1,36.0,36.0,42.625,1,0,0.015384615384615385,1,0,0,1.0,40
2022-02-14,37,1,730,7,2,1,40.0,36.25,41.75,0,0,0.0,0,0,0,0.9166666666666666,52
2022-02-21,37,1,741,8,2,1,52.0,41.0,40.375,1,0,0.02,0,0,0,0.5,51
2022-02-28,37,1,737,9,2,1,51.0,44.75,39.875,0,0,0.0,0,0,0,0.3333333333333333,50
2022-03-07,37,1,667,10,3,1,50.0,48.25,42.125,0,0,0.0,1,0,0,0.2777777777777778,38
2022-03-14,37,1,670,11,3,1,38.0,47.75,42.0,1,0,0.016666666666666666,0,0,0,0.6666666666666666,49
2022-03-21,37,1,694,12,3,1,49.0,47.0,44.0,1,0,0.03529411764705883,0,0,0,1.0,53
2022-03-28,37,1,643,13,3,1,53.0,47.5,46.125,0,0,0.0,0,0,0,0.8461538461538461,44
2022-04-04,37,1,645,14,4,1,44.0,46.0,47.125,1,0,0.018181818181818184,1,0,0,0.09090909090909091,48
2022-04-11,37,1,776,15,4,1,48.0,48.5,48.125,1,0,0.011764705882352941,0,0,0,0.7058823529411765,70
2022-04-18,37,1,868,16,4,1,70.0,53.75,50.375,1,0,0.028571428571428574,0,0,0,1.0,81
2022-04-25,37,1,761,17,4,1,81.0,60.75,54.125,1,0,0.02666666666666667,0,0,0,1.0,64
2022-05-02,37,1,720,18,5,1,64.0,65.75,55.875,1,0,0.037500000000000006,1,0,0,0.4375,50
2022-05-09,37,1,731,19,5,1,50.0,66.25,57.375,1,0,0.013333333333333334,0,0,0,1.0,45
2022-05-16,37,1,743,20,5,1,45.0,60.0,56.875,1,0,0.07692307692307693,0,0,0,0.6153846153846154,61
2022-05-23,37,1,999,21,5,1,61.0,55.0,57.875,0,0,0.0,0,0,0,1.0,137
2022-05-30,37,1,810,22,5,1,137.0,73.25,69.5,0,0,0.0,0,0,0,1.0,72
2022-06-06,37,1,823,23,6,1,72.0,78.75,72.5,1,0,0.023529411764705882,1,0,0,1.0,74
2022-06-13,37,1,793,24,6,1,74.0,86.0,73.0,1,0,0.01,0,0,0,1.0,63
2022-06-20,37,1,785,25,6,1,63.0,86.5,70.75,1,0,0.014285714285714287,0,0,0,1.0,65
2022-06-27,37,1,803,26,6,1,65.0,68.5,70.875,1,0,0.022222222222222223,0,0,0,1.0,56
2022-07-04,37,1,853,27,7,1,56.0,64.5,71.625,0,0,0.0,1,0,0,1.0,74
2022-07-11,37,1,1185,28,7,1,74.0,64.5,75.25,1,0,0.010526315789473684,0,0,0,1.0,162
2022-07-18,37,1,1067,29,7,1,162.0,89.25,87.875,0,0,0.0,0,0,0,0.5384615384615384,131
2022-07-25,37,1,1109,30,7,1,131.0,105.75,87.125,1,0,0.025,0,0,0,0.0625,135
2022-08-01,37,1,1132,31,8,1,135.0,125.5,95.0,1,0,0.06315789473684212,0,0,0,0.8947368421052632,148
2022-08-08,37,1,1222,32,8,1,148.0,144.0,104.25,1,0,0.0380952380952381,1,0,0,1.0,228
2022-08-15,37,1,1150,33,8,1,228.0,160.5,124.875,1,0,0.016666666666666666,0,0,0,1.0,163
2022-08-22,37,1,985,34,8,1,163.0,168.5,137.125,1,0,0.011111111111111112,0,0,0,1.0,100
2022-08-29,37,1,740,35,8,1,100.0,159.75,142.625,1,0,0.037500000000000006,0,0,0,0.6875,70
2022-09-05,37,1,778,36,9,1,70.0,140.25,142.125,1,0,0.05454545454545456,1,0,0,0.5454545454545454,69
2022-09-12,37,1,722,37,9,1,69.0,100.5,130.5,1,0,0.013333333333333334,0,0,0,0.5333333333333333,56
2022-09-19,37,1,662,38,9,1,56.0,73.75,121.125,1,0,0.010526315789473684,0,0,0,0.7368421052631579,58
2022-09-26,37,1,651,39,9,1,58.0,63.25,111.5,1,0,0.05263157894736842,0,0,0,0.6842105263157895,41
2022-10-03,37,1,500,40,10,1,41.0,56.0,98.125,0,0,0.0,1,0,0,0.47368421052631576,44
2022-10-10,37,1,463,41,10,1,44.0,49.75,75.125,1,0,0.03333333333333334,0,0,0,0.0,55
2022-10-17,37,1,488,42,10,1,55.0,49.5,61.625,0,0,0.0,0,0,0,0.3,50
2022-10-24,37,1,497,43,10,1,50.0,47.5,55.375,1,0,0.037500000000000006,0,0,0,0.0,70
2022-10-31,37,1,520,44,10,1,70.0,54.75,55.375,1,1,0.0586656775076664,0,0,0,0.6956521739130435,66
2022-11-07,37,1,460,45,11,1,66.0,60.25,55.0,1,0,0.025,1,0,0,0.75,40
2022-11-14,37,1,451,46,11,1,40.0,56.5,53.0,0,1,0.015637762291692506,0,0,0,0.7142857142857143,42
2022-11-21,37,1,459,47,11,1,42.0,54.5,51.0,1,0,0.028571428571428574,0,0,0,0.8571428571428571,36
2022-11-28,37,1,451,48,11,1,36.0,46.0,50.375,0,0,0.0,0,0,0,0.6666666666666666,42
2022-12-05,37,1,411,49,12,1,42.0,40.0,50.125,1,0,0.02,1,0,0,0.0,43
2022-12-12,37,1,469,50,12,1,43.0,40.75,48.625,1,0,0.014285714285714287,0,0,0,0.5,50
2022-12-19,37,1,479,51,12,1,50.0,42.75,48.625,1,0,0.028571428571428574,0,0,0,0.0,60
2022-12-26,37,1,465,52,12,1,60.0,48.75,47.375,0,0,0.0,0,0,0,0.06666666666666667,51
2020-12-28,38,1,288,53,12,1,0.0,0.0,0.0,0,0,0.0,0,0,0,0.0,4
2021-01-04,38,1,604,1,1,1,4.0,4.0,4.0,1,0,0.03333333333333333,0,0,0,0.0,7
2021-01-11,38,1,625,2,1,1,7.0,5.5,5.5,0,0,0.0,0,0,0,0.25,8
2021-01-18,38,1,604,3,1,1,8.0,6.333333333333333,6.333333333333333,1,0,0.028571428571428574,0,0,0,0.14285714285714285,8
2021-01-25,38,1,636,4,1,1,8.0,6.75,6.75,1,0,0.05,0,0,0,0.0,8
2021-02-01,38,1,605,5,2,1,8.0,7.75,7.0,1,0,0.05714285714285715,0,0,0,0.0,7
2021-02-08,38,1,650,6,2,1,7.0,7.75,7.0,0,0,0.0,1,0,0,0.3333333333333333,8
2021-02-15,38,1,662,7,2,1,8.0,7.75,7.142857142857143,0,0,0.0,0,0,0,0.0,8
2021-02-22,38,1,838,8,2,1,8.0,7.75,7.25,1,0,0.05,0,0,0,0.75,10
2021-03-01,38,1,752,9,3,1,10.0,8.25,8.0,1,0,0.022222222222222223,0,0,0,0.6666666666666666,12
2021-03-08,38,1,726,10,3,1,12.0,9.5,8.625,1,0,0.022222222222222223,1,0,0,0.7777777777777778,10
2021-03-15,38,1,680,11,3,1,10.0,10.0,8.875,0,1,0.034977353529590374,0,0,0,0.7142857142857143,9
2021-03-22,38,1,667,12,3,1,9.0,10.25,9.0,1,0,0.044444444444444446,0,0,0,0.4444444444444444,10
2021-03-29,38,1,744,13,3,1,10.0,10.25,9.25,1,0,0.044444444444444446,0,0,0,0.8888888888888888,9
2021-04-05,38,1,715,14,4,1,9.0,9.5,9.5,1,0,0.028571428571428574,1,0,0,0.42857142857142855,7
2021-04-12,38,1,790,15,4,1,7.0,8.75,9.375,1,0,0.025,0,0,0,1.0,11
2021-04-19,38,1,813,16,4,1,11.0,9.25,9.75,0,0,0.0,0,0,0,0.875,11
2021-04-26,38,1,753,17,4,1,11.0,9.5,9.875,1,0,0.05714285714285715,0,0,0,0.7142857142857143,10
2021-05-03,38,1,786,18,5,1,10.0,9.75,9.625,1,0,0.025,1,0,0,1.0,10
2021-05-10,38,1,980,19,5,1,10.0,10.5,9.625,1,0,0.025,0,0,0,0.875,8
2021-05-17,38,1,598,20,5,1,8.0,9.75,9.5,0,0,0.0,0,0,0,1.0,8
2021-05-24,38,1,786,21,5,1,8.0,9.0,9.25,1,0,0.025,0,0,0,1.0,9
2021-05-31,38,1,759,22,5,1,9.0,8.75,9.25,1,0,0.03333333333333333,0,0,0,0.6666666666666666,6
2021-06-07,38,1,771,23,6,1,6.0,7.75,9.125,0,0,0.0,1,0,0,1.0,8
2021-06-14,38,1,803,24,6,1,8.0,7.75,8.75,0,0,0.0,0,0,0,1.0,10
2021-06-21,38,1,803,25,6,1,10.0,8.25,8.625,1,0,0.025,0,0,0,1.0,10
2021-06-28,38,1,758,26,6,1,10.0,8.5,8.625,1,0,0.022222222222222223,0,0,0,1.0,9
2021-07-05,38,1,914,27,7,1,9.0,9.25,8.5,0,0,0.0,1,0,0,1.0,8
2021-07-12,38,1,1073,28,7,1,8.0,9.25,8.5,1,0,0.028571428571428574,0,0,0,1.0,8
2021-07-19,38,1,1081,29,7,1,8.0,8.75,8.5,1,0,0.02,0,0,0,0.9,13
2021-07-26,38,1,1005,30,7,1,13.0,9.5,9.0,1,0,0.08571428571428573,0,0,0,0.8571428571428571,8
2021-08-02,38,1,1139,31,8,1,8.0,9.25,9.25,0,0,0.0,1,0,0,1.0,8
2021-08-09,38,1,1204,32,8,1,8.0,9.25,9.25,1,0,0.07500000000000001,0,0,0,1.0,8
2021-08-16,38,1,1094,33,8,1,8.0,9.25,9.0,1,0,0.05714285714285715,0,0,0,1.0,11
2021-08-23,38,1,1032,34,8,1,11.0,8.75,9.125,0,0,0.0,0,0,0,1.0,7
2021-08-30,38,1,862,35,8,1,7.0,8.5,8.875,1,0,0.025,0,0,0,1.0,10
2021-09-06,38,1,798,36,9,1,10.0,9.0,9.125,0,0,0.0,1,0,0,0.875,12
2021-09-13,38,1,796,37,9,1,12.0,10.0,9.625,1,0,0.03333333333333333,0,0,0,1.0,7
2021-09-20,38,1,694,38,9,1,7.0,9.0,8.875,0,0,0.0,0,0,0,0.875,8
2021-09-27,38,1,684,39,9,1,8.0,9.25,8.875,1,0,0.028571428571428574,0,0,0,1.0,8
2021-10-04,38,1,741,40,10,1,8.0,8.75,8.875,0,0,0.0,1,0,0,1.0,12
2021-10-11,38,1,645,41,10,1,12.0,8.75,9.375,0,0,0.0,0,0,0,0.875,8
2021-10-18,38,1,756,42,10,1,8.0,9.0,9.0,0,0,0.0,0,0,0,0.25,9
2021-10-25,38,1,844,43,10,1,9.0,9.25,9.25,1,0,0.025,0,0,0,0.625,10
2021-11-01,38,1,775,44,11,1,10.0,9.75,9.25,1,0,0.028571428571428574,0,0,0,0.9285714285714286,23
2021-11-08,38,1,672,45,11,1,23.0,12.5,10.625,1,1,0.05389910048045738,1,0,0,0.16666666666666666,6
2021-11-15,38,1,601,46,11,1,6.0,12.0,10.5,0,0,0.0,0,0,0,0.2,5
2021-11-22,38,1,613,47,11,1,5.0,11.0,10.125,1,0,0.025,0,0,0,0.375,8
2021-11-29,38,1,636,48,11,1,8.0,10.5,10.125,0,0,0.0,0,0,0,0.0,9
2021-12-06,38,1,530,49,12,1,9.0,7.0,9.75,0,0,0.0,1,0,0,0.0,6
2021-12-13,38,1,646,50,12,1,6.0,7.0,9.5,0,0,0.0,0,0,0,0.25,9
2021-12-20,38,1,708,51,12,1,9.0,8.0,9.5,1,0,0.025,0,0,0,0.625,10
2021-12-27,38,1,738,52,12,1,10.0,8.5,9.5,1,0,0.06000000000000001,0,0,0,0.5,11
2022-01-03,38,1,575,1,1,1,11.0,9.0,8.0,1,0,0.025,1,0,0,0.125,8
2022-01-10,38,1,589,2,1,1,8.0,9.5,8.25,0,0,0.0,0,0,0,0.75,4
2022-01-17,38,1,618,3,1,1,4.0,8.25,8.125,0,0,0.0,0,0,0,0.42857142857142855,9
2022-01-24,38,1,632,4,1,0,9.0,8.0,8.25,0,0,0.0,0,0,0,1.0,7
2022-01-31,38,1,644,5,1,1,7.0,7.0,8.0,0,0,0.0,0,0,0,0.8181818181818182,11
2022-02-07,38,1,661,6,2,1,11.0,7.75,8.625,1,0,0.028571428571428574,1,0,0,1.0,10
2022-02-14,38,1,730,7,2,1,10.0,9.25,8.75,1,0,0.028571428571428574,0,0,0,0.7857142857142857,23
2022-02-21,38,1,741,8,2,1,23.0,12.75,10.375,1,0,0.028571428571428574,0,0,0,0.42857142857142855,8
2022-02-28,38,1,737,9,2,1,8.0,13.0,10.0,1,0,0.044444444444444446,0,0,0,0.2222222222222222,9
2022-03-07,38,1,667,10,3,1,9.0,12.5,10.125,1,0,0.025,1,0,0,0.25,9
2022-03-14,38,1,670,11,3,1,9.0,12.25,10.75,1,0,0.05714285714285715,0,0,0,0.7142857142857143,7
2022-03-21,38,1,694,12,3,1,7.0,8.25,10.5,1,0,0.06666666666666667,0,0,0,1.0,6
2022-03-28,38,1,643,13,3,1,6.0,7.75,10.375,0,0,0.0,0,0,0,0.875,8
2022-04-04,38,1,645,14,4,1,8.0,7.5,10.0,1,0,0.05714285714285715,1,0,0,0.14285714285714285,7
2022-04-11,38,1,776,15,4,1,7.0,7.0,9.625,0,0,0.0,0,0,0,0.5714285714285714,8
2022-04-18,38,1,868,16,4,1,8.0,7.25,7.75,1,1,0.051152042454896275,0,0,0,1.0,9
2022-04-25,38,1,761,17,4,1,9.0,8.0,7.875,1,0,0.025,0,0,0,1.0,8
2022-05-02,38,1,720,18,5,1,8.0,8.0,7.75,1,1,0.07095836714353938,1,0,0,0.5,6
2022-05-09,38,1,731,19,5,1,6.0,7.75,7.375,0,0,0.0,0,0,0,1.0,7
2022-05-16,38,1,743,20,5,1,7.0,7.5,7.375,0,0,0.0,0,0,0,0.5714285714285714,8
2022-05-23,38,1,999,21,5,1,8.0,7.25,7.625,1,0,0.025,0,0,0,1.0,14
2022-05-30,38,1,810,22,5,1,14.0,8.75,8.375,1,0,0.028571428571428574,0,0,0,1.0,8
2022-06-06,38,1,823,23,6,1,8.0,9.25,8.5,1,0,0.05714285714285715,1,0,0,1.0,9
2022-06-13,38,1,793,24,6,1,9.0,9.75,8.625,0,0,0.0,0,0,0,1.0,8
2022-06-20,38,1,785,25,6,1,8.0,9.75,8.5,0,0,0.0,0,0,0,1.0,8
2022-06-27,38,1,803,26,6,1,8.0,8.25,8.5,0,0,0.0,0,0,0,1.0,6
2022-07-04,38,1,853,27,7,1,6.0,7.75,8.5,0,0,0.0,1,0,0,1.0,11
2022-07-11,38,1,1185,28,7,1,11.0,8.25,9.0,1,0,0.025,0,0,0,1.0,11
2022-07-18,38,1,1067,29,7,1,11.0,9.0,9.375,1,0,0.06666666666666668,0,0,0,0.5555555555555556,30
2022-07-25,38,1,1109,30,7,1,30.0,14.5,11.375,0,0,0.0,0,0,0,0.2222222222222222,10
2022-08-01,38,1,1132,31,8,1,10.0,15.5,11.625,1,0,0.04,0,0,0,0.8,14
2022-08-08,38,1,1222,32,8,1,14.0,16.25,12.25,0,0,0.0,1,0,0,1.0,13
2022-08-15,38,1,1150,33,8,1,13.0,16.75,12.875,1,0,0.022222222222222223,0,0,0,1.0,13
2022-08-22,38,1,985,34,8,1,13.0,12.5,13.5,0,0,0.0,0,0,0,1.0,10
2022-08-29,38,1,740,35,8,1,10.0,12.5,14.0,0,0,0.0,0,0,0,0.5,7
2022-09-05,38,1,778,36,9,1,7.0,10.75,13.5,1,0,0.028571428571428574,1,0,0,0.5714285714285714,8
2022-09-12,38,1,722,37,9,1,8.0,9.5,13.125,1,0,0.028571428571428574,0,0,0,0.42857142857142855,8
2022-09-19,38,1,662,38,9,1,8.0,8.25,10.375,1,0,0.025,0,0,0,0.625,8
2022-09-26,38,1,651,39,9,1,8.0,7.75,10.125,1,0,0.028571428571428574,0,0,0,0.7142857142857143,8
2022-10-03,38,1,500,40,10,1,8.0,8.0,9.375,0,0,0.0,1,0,0,0.42857142857142855,9
2022-10-10,38,1,463,41,10,1,9.0,8.25,8.875,0,0,0.0,0,0,0,0.0,6
2022-10-17,38,1,488,42,10,1,6.0,7.75,8.0,1,0,0.025,0,0,0,0.5,10
2022-10-24,38,1,497,43,10,1,10.0,8.25,8.0,1,0,0.028571428571428574,0,0,0,0.0,11
2022-10-31,38,1,520,44,10,1,11.0,9.0,8.5,1,0,0.03636363636363637,0,0,0,0.8181818181818182,23
2022-11-07,38,1,460,45,11,1,23.0,12.5,10.375,0,0,0.0,1,0,0,0.8333333333333334,6
2022-11-14,38,1,451,46,11,1,6.0,12.5,10.125,0,0,0.0,0,0,0,0.7142857142857143,7
2022-11-21,38,1,459,47,11,1,7.0,11.75,10.0,1,0,0.025,0,0,0,0.875,8
2022-11-28,38,1,451,48,11,1,8.0,11.0,10.0,0,0,0.0,0,0,0,0.8333333333333334,6
2022-12-05,38,1,411,49,12,1,6.0,6.75,9.625,0,0,0.0,0,0,0,0.0,7
2022-12-12,38,1,469,50,12,1,7.0,7.0,9.75,0,0,0.0,0,0,0,0.5714285714285714,7
2022-12-19,38,1,479,51,12,1,7.0,7.0,9.375,1,0,0.028571428571428574,0,0,0,0.0,10
2022-12-26,38,1,465,52,12,1,10.0,7.5,9.25,1,0,0.022222222222222223,0,0,0,0.1111111111111111,12
2020-12-28,39,1,288,53,12,1,0.0,0.0,0.0,1,0,0.1,0,0,0,0.0,2
2021-01-04,39,1,604,1,1,1,2.0,2.0,2.0,1,0,0.03333333333333333,1,0,0,0.16666666666666666,6
2021-01-11,39,1,625,2,1,1,6.0,4.0,4.0,1,0,0.05714285714285715,0,0,0,0.14285714285714285,7
2021-01-18,39,1,604,3,1,1,7.0,5.0,5.0,0,0,0.0,0,0,0,0.3333333333333333,6
2021-01-25,39,1,636,4,1,1,6.0,5.25,5.25,0,0,0.0,0,0,0,0.0,7
2021-02-01,39,1,605,5,2,1,7.0,6.5,5.6,0,0,0.0,0,0,0,0.0,7
2021-02-08,39,1,650,6,2,1,7.0,6.75,5.833333333333333,0,0,0.0,1,0,0,0.5,6
2021-02-15,39,1,662,7,2,1,6.0,6.5,5.857142857142857,0,0,0.0,0,0,0,0.0,8
2021-02-22,39,1,838,8,2,1,8.0,7.0,6.125,1,0,0.028571428571428574,0,0,0,0.5714285714285714,7
2021-03-01,39,1,752,9,3,1,7.0,7.0,6.75,0,0,0.0,0,0,0,0.8333333333333334,7
2021-03-08,39,1,726,10,3,1,7.0,7.0,6.875,0,0,0.0,1,0,0,0.6,7
2021-03-15,39,1,680,11,3,1,7.0,7.25,6.875,0,1,0.02431913808948967,0,0,0,0.7777777777777778,9
2021-03-22,39,1,667,12,3,1,9.0,7.5,7.25,1,0,0.025,0,0,0,0.5,8
2021-03-29,39,1,744,13,3,1,8.0,7.75,7.375,1,0,0.06000000000000001,0,0,0,0.9,11
2021-04-05,39,1,715,14,4,1,11.0,8.75,7.875,0,0,0.0,1,0,0,0.2,5
2021-04-12,39,1,790,15,4,1,5.0,8.25,7.75,1,0,0.03333333333333333,0,0,0,1.0,6
2021-04-19,39,1,813,16,4,1,6.0,7.5,7.5,0,0,0.0,0,0,0,0.875,8
2021-04-26,39,1,753,17,4,1,8.0,7.5,7.625,0,0,0.0,0,0,0,0.7142857142857143,11
2021-05-03,39,1,786,18,5,1,11.0,7.5,8.125,1,0,0.028571428571428574,1,0,0,1.0,10
2021-05-10,39,1,980,19,5,1,10.0,8.75,8.5,1,0,0.07500000000000001,0,0,0,0.875,8
2021-05-17,39,1,598,20,5,1,8.0,9.25,8.375,0,0,0.0,0,0,0,1.0,6
2021-05-24,39,1,786,21,5,1,6.0,8.75,8.125,1,0,0.028571428571428574,0,0,0,1.0,8
2021-05-31,39,1,759,22,5,1,8.0,8.0,7.75,1,0,0.02,0,0,0,0.8,14
2021-06-07,39,1,771,23,6,1,14.0,9.0,8.875,0,0,0.0,1,0,0,1.0,13
2021-06-14,39,1,803,24,6,1,13.0,10.25,9.75,0,0,0.0,0,0,0,1.0,11
2021-06-21,39,1,803,25,6,1,11.0,11.5,10.125,0,0,0.0,0,0,0,1.0,11
2021-06-28,39,1,758,26,6,1,11.0,12.25,10.125,0,0,0.0,0,0,0,1.0,11
2021-07-05,39,1,914,27,7,1,11.0,11.5,10.25,0,1,0.014683442433494034,1,0,0,1.0,9
2021-07-12,39,1,1073,28,7,1,9.0,10.5,10.375,1,0,0.044444444444444446,0,0,0,1.0,11
2021-07-19,39,1,1081,29,7,1,11.0,10.5,11.0,1,0,0.06000000000000001,0,0,0,0.9,10
2021-07-26,39,1,1005,30,7,1,10.0,10.25,11.25,0,0,0.0,0,0,0,0.8333333333333334,7
2021-08-02,39,1,1139,31,8,1,7.0,9.25,10.375,0,1,0.029309900214036882,1,0,0,1.0,5
2021-08-09,39,1,1204,32,8,1,5.0,8.25,9.375,0,0,0.0,0,0,0,1.0,9
2021-08-16,39,1,1094,33,8,1,9.0,7.75,9.125,0,0,0.0,0,0,0,1.0,9
2021-08-23,39,1,1032,34,8,1,9.0,7.5,8.875,1,0,0.028571428571428574,0,0,0,1.0,7
2021-08-30,39,1,862,35,8,1,7.0,7.5,8.375,1,0,0.05714285714285715,0,0,0,1.0,7
2021-09-06,39,1,798,36,9,1,7.0,8.0,8.125,0,0,0.0,1,0,0,0.8571428571428571,9
2021-09-13,39,1,796,37,9,1,9.0,8.0,7.875,1,0,0.025,0,0,0,1.0,9
2021-09-20,39,1,694,38,9,1,9.0,8.0,7.75,0,0,0.0,0,0,0,0.875,9
2021-09-27,39,1,684,39,9,1,9.0,8.5,8.0,0,0,0.0,0,0,0,1.0,7
2021-10-04,39,1,741,40,10,1,7.0,8.5,8.25,0,0,0.0,1,0,0,1.0,6
2021-10-11,39,1,645,41,10,1,6.0,7.75,7.875,1,0,0.044444444444444446,0,0,0,0.7777777777777778,10
2021-10-18,39,1,756,42,10,1,10.0,8.0,8.0,1,0,0.028571428571428574,0,0,0,0.2857142857142857,8
2021-10-25,39,1,844,43,10,1,8.0,7.75,8.125,0,0,0.0,0,0,0,0.42857142857142855,8
2021-11-01,39,1,775,44,11,1,8.0,8.0,8.25,0,0,0.0,0,0,0,0.8571428571428571,8
2021-11-08,39,1,672,45,11,1,8.0,8.5,8.125,0,0,0.0,1,0,0,0.2,5
2021-11-15,39,1,601,46,11,1,5.0,7.25,7.625,0,0,0.0,0,0,0,0.14285714285714285,7
2021-11-22,39,1,613,47,11,1,7.0,7.0,7.375,1,0,0.028571428571428574,0,0,0,0.2857142857142857,7
2021-11-29,39,1,636,48,11,1,7.0,6.75,7.375,1,0,0.028571428571428574,0,0,0,0.0,7
2021-12-06,39,1,530,49,12,1,7.0,6.5,7.5,0,0,0.0,1,0,0,0.0,7
2021-12-13,39,1,646,50,12,1,7.0,7.0,7.125,1,0,0.028571428571428574,0,0,0,0.2857142857142857,7
2021-12-20,39,1,708,51,12,1,7.0,7.0,7.0,0,0,0.0,0,0,0,0.6666666666666666,6
2021-12-27,39,1,738,52,12,1,6.0,6.75,6.75,0,0,0.0,0,0,0,0.2857142857142857,7
2022-01-03,39,1,575,1,1,1,7.0,6.75,6.625,0,0,0.0,1,0,0,0.16666666666666666,6
2022-01-10,39,1,589,2,1,1,6.0,6.5,6.75,1,0,0.04,0,0,0,0.6,5
2022-01-17,39,1,618,3,1,1,5.0,6.0,6.5,0,0,0.0,0,0,0,0.3333333333333333,6
2022-01-24,39,1,632,4,1,0,6.0,6.0,6.375,1,0,0.025,0,0,0,1.0,8
2022-01-31,39,1,644,5,1,1,8.0,6.25,6.5,0,0,0.0,0,0,0,0.625,8
2022-02-07,39,1,661,6,2,1,8.0,6.75,6.625,0,1,0.018148861545640344,1,0,0,1.0,7
2022-02-14,39,1,730,7,2,1,7.0,7.25,6.625,1,0,0.028571428571428574,0,0,0,0.8571428571428571,7
2022-02-21,39,1,741,8,2,1,7.0,7.5,6.75,1,0,0.028571428571428574,0,0,0,0.42857142857142855,8
2022-02-28,39,1,737,9,2,1,8.0,7.5,6.875,1,0,0.025,0,0,0,0.25,9
2022-03-07,39,1,667,10,3,1,9.0,7.75,7.25,1,0,0.028571428571428574,1,0,0,0.2857142857142857,8
2022-03-14,39,1,670,11,3,1,8.0,8.0,7.625,1,0,0.025,0,0,0,0.625,9
2022-03-21,39,1,694,12,3,1,9.0,8.5,8.0,1,0,0.044444444444444446,0,0,0,1.0,12
2022-03-28,39,1,643,13,3,1,12.0,9.5,8.5,0,0,0.0,0,0,0,0.8571428571428571,7
2022-04-04,39,1,645,14,4,1,7.0,9.0,8.375,1,0,0.06666666666666668,1,0,0,0.1111111111111111,9
2022-04-11,39,1,776,15,4,1,9.0,9.25,8.625,1,0,0.044444444444444446,0,0,0,0.5555555555555556,9
2022-04-18,39,1,868,16,4,1,9.0,9.25,8.875,0,0,0.0,0,0,0,1.0,6
2022-04-25,39,1,761,17,4,1,6.0,7.75,8.625,0,0,0.0,0,0,0,1.0,9
2022-05-02,39,1,720,18,5,1,9.0,8.25,8.625,0,0,0.0,1,0,0,0.42857142857142855,11
2022-05-09,39,1,731,19,5,1,11.0,8.75,9.0,0,0,0.0,0,0,0,1.0,7
2022-05-16,39,1,743,20,5,1,7.0,8.25,8.75,1,0,0.025,0,0,0,0.375,9
2022-05-23,39,1,999,21,5,1,9.0,9.0,8.375,1,0,0.025,0,0,0,1.0,10
2022-05-30,39,1,810,22,5,1,10.0,9.25,8.75,0,0,0.0,0,0,0,1.0,10
2022-06-06,39,1,823,23,6,1,10.0,9.0,8.875,0,0,0.0,1,0,0,1.0,9
2022-06-13,39,1,793,24,6,1,9.0,9.5,8.875,1,0,0.028571428571428574,0,0,0,1.0,8
2022-06-20,39,1,785,25,6,1,8.0,9.25,9.125,1,0,0.025,0,0,0,1.0,8
2022-06-27,39,1,803,26,6,1,8.0,8.75,9.0,1,0,0.016666666666666666,0,0,0,1.0,12
2022-07-04,39,1,853,27,7,1,12.0,9.25,9.125,0,0,0.0,1,0,0,1.0,8
2022-07-11,39,1,1185,28,7,1,8.0,9.0,9.25,1,0,0.044444444444444446,0,0,0,1.0,10
2022-07-18,39,1,1067,29,7,1,10.0,9.5,9.375,0,0,0.0,0,0,0,0.6666666666666666,6
2022-07-25,39,1,1109,30,7,1,6.0,9.0,8.875,0,0,0.0,0,0,0,0.1111111111111111,9
2022-08-01,39,1,1132,31,8,1,9.0,8.25,8.75,0,0,0.0,0,0,0,0.8888888888888888,10
2022-08-08,39,1,1222,32,8,1,10.0,8.75,8.875,0,0,0.0,1,0,0,1.0,10
2022-08-15,39,1,1150,33,8,1,10.0,8.75,9.125,0,0,0.0,0,0,0,1.0,7
2022-08-22,39,1,985,34,8,1,7.0,9.0,9.0,0,0,0.0,0,0,0,1.0,11
2022-08-29,39,1,740,35,8,1,11.0,9.5,8.875,1,0,0.028571428571428574,0,0,0,0.5714285714285714,8
2022-09-05,39,1,778,36,9,1,8.0,9.0,8.875,1,0,0.03333333333333333,1,0,0,0.6666666666666666,6
2022-09-12,39,1,722,37,9,1,6.0,8.0,8.375,1,0,0.028571428571428574,0,0,0,0.42857142857142855,7
2022-09-19,39,1,662,38,9,1,7.0,8.0,8.5,1,0,0.03333333333333333,0,0,0,0.6666666666666666,6
2022-09-26,39,1,651,39,9,1,6.0,6.75,8.125,0,0,0.0,0,0,0,0.6666666666666666,6
2022-10-03,39,1,500,40,10,1,6.0,6.25,7.625,0,0,0.0,1,0,0,0.42857142857142855,7
2022-10-10,39,1,463,41,10,1,7.0,6.5,7.25,0,0,0.0,0,0,0,0.0,7
2022-10-17,39,1,488,42,10,1,7.0,6.5,7.25,1,0,0.10000000000000002,0,0,0,0.3333333333333333,7
2022-10-24,39,1,497,43,10,1,7.0,6.75,6.75,0,0,0.0,0,0,0,0.0,7
2022-10-31,39,1,520,44,10,1,7.0,7.0,6.625,0,0,0.0,0,0,0,0.7142857142857143,8
2022-11-07,39,1,460,45,11,1,8.0,7.25,6.875,0,0,0.0,0,0,0,0.8333333333333334,6
2022-11-14,39,1,451,46,11,1,6.0,7.0,6.75,1,0,0.025,0,0,0,0.75,8
2022-11-21,39,1,459,47,11,1,8.0,7.25,7.0,1,0,0.06666666666666667,0,0,0,0.8333333333333334,6
2022-11-28,39,1,451,48,11,1,6.0,7.0,7.0,1,0,0.03333333333333333,0,0,0,0.8333333333333334,6
2022-12-05,39,1,411,49,12,1,6.0,6.5,6.875,1,0,0.04,0,0,0,0.0,5
2022-12-12,39,1,469,50,12,1,5.0,6.25,6.625,0,0,0.0,0,0,0,0.5714285714285714,7
2022-12-19,39,1,479,51,12,1,7.0,6.0,6.625,1,0,0.06666666666666667,0,0,0,0.0,6
2022-12-26,39,1,465,52,12,1,6.0,6.0,6.5,0,0,0.0,0,0,0,0.16666666666666666,6
2020-12-28,40,1,288,53,12,1,0.0,0.0,0.0,0,0,0.0,0,0,0,0.0,3
2021-01-04,40,1,604,1,1,1,3.0,3.0,3.0,1,0,0.05,0,0,0,0.0,4
2021-01-11,40,1,625,2,1,1,4.0,3.5,3.5,1,0,0.028571428571428574,0,0,0,0.14285714285714285,7
2021-01-18,40,1,604,3,1,1,7.0,4.666666666666667,4.666666666666667,0,0,0.0,0,0,0,0.2,6
2021-01-25,40,1,636,4,1,1,6.0,5.0,5.0,1,0,0.04,0,0,0,0.0,5
2021-02-01,40,1,605,5,2,1,5.0,5.5,5.0,0,0,0.0,0,0,0,0.0,5
2021-02-08,40,1,650,6,2,1,5.0,5.75,5.0,1,0,0.03333333333333333,1,0,0,0.3333333333333333,6
2021-02-15,40,1,662,7,2,1,6.0,5.5,5.142857142857143,0,0,0.0,0,0,0,0.0,7
2021-02-22,40,1,838,8,2,1,7.0,5.75,5.375,1,0,0.028571428571428574,0,0,0,0.42857142857142855,7
2021-03-01,40,1,752,9,3,1,7.0,6.25,5.875,0,0,0.0,0,0,0,0.8333333333333334,7
2021-03-08,40,1,726,10,3,1,7.0,6.75,6.25,0,0,0.0,1,0,0,0.6666666666666666,7
2021-03-15,40,1,680,11,3,1,7.0,7.0,6.25,1,0,0.05714285714285715,0,0,0,0.7142857142857143,7
2021-03-22,40,1,667,12,3,1,7.0,7.0,6.375,1,1,0.061956727191566904,0,0,0,0.5714285714285714,7
2021-03-29,40,1,744,13,3,1,7.0,7.0,6.625,1,0,0.025,0,0,0,0.875,9
2021-04-05,40,1,715,14,4,1,9.0,7.5,7.125,1,0,0.028571428571428574,1,0,0,0.42857142857142855,7
2021-04-12,40,1,790,15,4,1,7.0,7.5,7.25,1,0,0.028571428571428574,0,0,0,1.0,8
2021-04-19,40,1,813,16,4,1,8.0,7.75,7.375,1,0,0.028571428571428574,0,0,0,0.8571428571428571,7
2021-04-26,40,1,753,17,4,1,7.0,7.75,7.375,0,0,0.0,0,0,0,0.7142857142857143,7
2021-05-03,40,1,786,18,5,1,7.0,7.25,7.375,1,0,0.05714285714285715,1,0,0,1.0,8
2021-05-10,40,1,980,19,5,1,8.0,7.5,7.5,1,0,0.03333333333333333,0,0,0,0.8333333333333334,6
2021-05-17,40,1,598,20,5,1,6.0,7.0,7.375,0,0,0.0,0,0,0,1.0,6
2021-05-24,40,1,786,21,5,1,6.0,6.75,7.25,0,0,0.0,0,0,0,1.0,7
2021-05-31,40,1,759,22,5,1,7.0,6.75,7.0,0,0,0.0,0,0,0,0.6666666666666666,6
2021-06-07,40,1,771,23,6,1,6.0,6.25,6.875,1,0,0.03333333333333333,1,0,0,1.0,6
2021-06-14,40,1,803,24,6,1,6.0,6.25,6.625,1,0,0.028571428571428574,0,0,0,1.0,7
2021-06-21,40,1,803,25,6,1,7.0,6.5,6.625,0,0,0.0,0,0,0,1.0,8
2021-06-28,40,1,758,26,6,1,8.0,6.75,6.75,1,0,0.03333333333333333,0,0,0,1.0,6
2021-07-05,40,1,914,27,7,1,6.0,6.75,6.5,0,0,0.0,1,0,0,1.0,7
2021-07-12,40,1,1073,28,7,1,7.0,7.0,6.625,1,0,0.06666666666666667,0,0,0,1.0,7
2021-07-19,40,1,1081,29,7,1,7.0,7.0,6.75,1,0,0.028571428571428574,0,0,0,0.8571428571428571,7
2021-07-26,40,1,1005,30,7,1,7.0,6.75,6.75,1,0,0.028571428571428574,0,0,0,0.8571428571428571,7
2021-08-02,40,1,1139,31,8,1,7.0,7.0,6.875,1,0,0.03333333333333333,1,0,0,1.0,7
2021-08-09,40,1,1204,32,8,1,7.0,7.0,7.0,0,0,0.0,0,0,0,1.0,7
2021-08-16,40,1,1094,33,8,1,7.0,7.0,7.0,0,0,0.0,0,0,0,1.0,5
2021-08-23,40,1,1032,34,8,1,5.0,6.5,6.625,1,0,0.028571428571428574,0,0,0,1.0,7
2021-08-30,40,1,862,35,8,1,7.0,6.5,6.75,1,0,0.04,0,0,0,1.0,5
2021-09-06,40,1,798,36,9,1,5.0,6.0,6.5,1,0,0.028571428571428574,1,0,0,0.8571428571428571,7
2021-09-13,40,1,796,37,9,1,7.0,6.0,6.5,0,0,0.0,0,0,0,1.0,7
2021-09-20,40,1,694,38,9,1,7.0,6.5,6.5,0,0,0.0,0,0,0,0.8,5
2021-09-27,40,1,684,39,9,1,5.0,6.0,6.25,0,0,0.0,0,0,0,1.0,4
2021-10-04,40,1,741,40,10,1,4.0,5.75,5.875,1,0,0.028571428571428574,1,0,0,1.0,7
2021-10-11,40,1,645,41,10,1,7.0,5.75,5.875,1,0,0.03333333333333333,0,0,0,0.8333333333333334,6
2021-10-18,40,1,756,42,10,1,6.0,5.5,6.0,1,0,0.028571428571428574,0,0,0,0.2857142857142857,7
2021-10-25,40,1,844,43,10,1,7.0,6.0,6.0,1,0,0.028571428571428574,0,0,0,0.5714285714285714,8
2021-11-01,40,1,775,44,11,1,8.0,7.0,6.375,1,0,0.03076923076923077,0,0,0,0.9230769230769231,16
2021-11-08,40,1,672,45,11,1,16.0,9.25,7.5,1,0,0.06666666666666667,1,0,0,0.16666666666666666,6
2021-11-15,40,1,601,46,11,1,6.0,9.25,7.375,0,0,0.0,0,0,0,0.14285714285714285,7
2021-11-22,40,1,613,47,11,1,7.0,9.25,7.625,0,0,0.0,0,0,0,0.2857142857142857,7
2021-11-29,40,1,636,48,11,1,7.0,9.0,8.0,1,0,0.03333333333333333,0,0,0,0.0,6
2021-12-06,40,1,530,49,12,1,6.0,6.5,7.875,0,0,0.0,1,0,0,0.0,6
2021-12-13,40,1,646,50,12,1,6.0,6.5,7.875,0,0,0.0,0,0,0,0.16666666666666666,6
2021-12-20,40,1,708,51,12,1,6.0,6.25,7.75,1,0,0.04,0,0,0,0.8,5
2021-12-27,40,1,738,52,12,1,5.0,5.75,7.375,1,0,0.028571428571428574,0,0,0,0.2857142857142857,8
2022-01-03,40,1,575,1,1,1,8.0,6.25,6.375,1,0,0.03333333333333333,1,0,0,0.16666666666666666,6
2022-01-10,40,1,589,2,1,1,6.0,6.25,6.375,0,0,0.0,0,0,0,0.75,4
2022-01-17,40,1,618,3,1,1,4.0,5.75,6.0,0,0,0.0,0,0,0,0.5,7
2022-01-24,40,1,632,4,1,0,7.0,6.25,6.0,1,0,0.028571428571428574,0,0,0,1.0,7
2022-01-31,40,1,644,5,1,1,7.0,6.0,6.125,0,0,0.0,0,0,0,0.7142857142857143,8
2022-02-07,40,1,661,6,2,1,8.0,6.5,6.375,1,0,0.028571428571428574,1,0,0,1.0,7
2022-02-14,40,1,730,7,2,1,7.0,7.25,6.5,0,0,0.0,0,0,0,0.7777777777777778,16
2022-02-21,40,1,741,8,2,1,16.0,9.5,7.875,0,1,0.03535412878550257,0,0,0,0.3333333333333333,6
2022-02-28,40,1,737,9,2,1,6.0,9.25,7.625,0,0,0.0,0,0,0,0.25,5
2022-03-07,40,1,667,10,3,1,5.0,8.5,7.5,0,0,0.0,1,0,0,0.3333333333333333,6
2022-03-14,40,1,670,11,3,1,6.0,8.25,7.75,0,0,0.0,0,0,0,0.6666666666666666,6
2022-03-21,40,1,694,12,3,1,6.0,5.75,7.625,1,0,0.05714285714285715,0,0,0,1.0,7
2022-03-28,40,1,643,13,3,1,7.0,6.0,7.625,1,0,0.03333333333333333,0,0,0,0.8333333333333334,6
2022-04-04,40,1,645,14,4,1,6.0,6.25,7.375,0,1,0.03362479073003795,1,0,0,0.16666666666666666,6
2022-04-11,40,1,776,15,4,1,6.0,6.25,7.25,1,0,0.028571428571428574,0,0,0,0.5714285714285714,7
2022-04-18,40,1,868,16,4,1,7.0,6.5,6.125,0,0,0.0,0,0,0,1.0,7
2022-04-25,40,1,761,17,4,1,7.0,6.5,6.25,1,0,0.04,0,0,0,1.0,5
2022-05-02,40,1,720,18,5,1,5.0,6.25,6.25,0,0,0.0,1,0,0,0.42857142857142855,7
2022-05-09,40,1,731,19,5,1,7.0,6.5,6.375,1,0,0.03333333333333333,0,0,0,1.0,6
2022-05-16,40,1,743,20,5,1,6.0,6.25,6.375,1,0,0.028571428571428574,0,0,0,0.5714285714285714,8
2022-05-23,40,1,999,21,5,1,8.0,6.5,6.5,1,0,0.025,0,0,0,1.0,10
2022-05-30,40,1,810,22,5,1,10.0,7.75,7.0,0,0,0.0,0,0,0,1.0,8
2022-06-06,40,1,823,23,6,1,8.0,8.0,7.25,1,0,0.03333333333333333,1,0,0,1.0,6
2022-06-13,40,1,793,24,6,1,6.0,8.0,7.125,1,0,0.12000000000000002,0,0,0,1.0,5
2022-06-20,40,1,785,25,6,1,5.0,7.25,6.875,0,0,0.0,0,0,0,1.0,7
2022-06-27,40,1,803,26,6,1,7.0,6.5,7.125,1,0,0.05714285714285715,0,0,0,1.0,7
2022-07-04,40,1,853,27,7,1,7.0,6.25,7.125,1,0,0.04,1,0,0,1.0,5
2022-07-11,40,1,1185,28,7,1,5.0,6.0,7.0,1,0,0.05714285714285715,0,0,0,1.0,8
2022-07-18,40,1,1067,29,7,1,8.0,6.75,7.0,0,0,0.0,0,0,0,0.4444444444444444,22
2022-07-25,40,1,1109,30,7,1,22.0,10.5,8.5,1,0,0.05,0,0,0,0.125,9
2022-08-01,40,1,1132,31,8,1,9.0,11.0,8.625,1,0,0.025,0,0,0,0.625,10
2022-08-08,40,1,1222,32,8,1,10.0,12.25,9.125,1,0,0.025,1,0,0,1.0,10
2022-08-15,40,1,1150,33,8,1,10.0,12.75,9.75,1,0,0.025,0,0,0,1.0,9
2022-08-22,40,1,985,34,8,1,9.0,9.5,10.0,1,0,0.03333333333333333,0,0,0,1.0,6
2022-08-29,40,1,740,35,8,1,6.0,8.75,9.875,1,0,0.06666666666666667,0,0,0,0.5,6
2022-09-05,40,1,778,36,9,1,6.0,7.75,10.0,0,0,0.0,1,0,0,0.6666666666666666,6
2022-09-12,40,1,722,37,9,1,6.0,6.75,9.75,1,0,0.03333333333333333,0,0,0,0.5,6
2022-09-19,40,1,662,38,9,1,6.0,6.0,7.75,1,0,0.03333333333333333,0,0,0,0.8333333333333334,6
2022-09-26,40,1,651,39,9,1,6.0,6.0,7.375,1,0,0.04,0,0,0,0.8,5
2022-10-03,40,1,500,40,10,1,5.0,5.75,6.75,1,0,0.028571428571428574,1,0,0,0.42857142857142855,7
2022-10-10,40,1,463,41,10,1,7.0,6.0,6.375,0,0,0.0,0,0,0,0.0,7
2022-10-17,40,1,488,42,10,1,7.0,6.25,6.125,1,0,0.08571428571428573,0,0,0,0.42857142857142855,8
2022-10-24,40,1,497,43,10,1,8.0,6.75,6.375,1,0,0.025,0,0,0,0.0,8
2022-10-31,40,1,520,44,10,1,8.0,7.5,6.625,0,0,0.0,0,0,0,0.8181818181818182,18
2022-11-07,40,1,460,45,11,1,18.0,10.25,8.125,0,0,0.0,1,0,0,0.8333333333333334,6
2022-11-14,40,1,451,46,11,1,6.0,10.0,8.125,0,0,0.0,0,0,0,0.6,5
2022-11-21,40,1,459,47,11,1,5.0,9.25,8.0,0,0,0.0,0,0,0,1.0,5
2022-11-28,40,1,451,48,11,1,5.0,8.5,8.0,0,0,0.0,0,0,0,0.7142857142857143,7
2022-12-05,40,1,411,49,12,1,7.0,5.75,8.0,0,0,0.0,1,0,0,0.0,6
2022-12-12,40,1,469,50,12,1,6.0,5.75,7.875,0,0,0.0,0,0,0,0.5,6
2022-12-19,40,1,479,51,12,1,6.0,6.0,7.625,1,0,0.028571428571428574,0,0,0,0.0,7
2022-12-26,40,1,465,52,12,1,7.0,6.5,7.5,0,0,0.0,0,0,0,0.14285714285714285,8
2020-12-28,41,1,288,53,12,1,0.0,0.0,0.0,0,0,0.0,0,0,0,0.0,3
2021-01-04,41,1,604,1,1,1,3.0,3.0,3.0,1,0,0.12000000000000002,0,0,0,0.0,5
2021-01-11,41,1,625,2,1,1,5.0,4.0,4.0,1,0,0.028571428571428574,0,0,0,0.14285714285714285,7
2021-01-18,41,1,604,3,1,1,7.0,5.0,5.0,0,0,0.0,0,0,0,0.4,5
2021-01-25,41,1,636,4,1,1,5.0,5.0,5.0,0,0,0.0,0,0,0,0.0,4
2021-02-01,41,1,605,5,2,1,4.0,5.25,4.8,1,0,0.04,0,0,0,0.0,5
2021-02-08,41,1,650,6,2,1,5.0,5.25,4.833333333333333,0,0,0.0,1,0,0,0.25,4
2021-02-15,41,1,662,7,2,1,4.0,4.5,4.714285714285714,1,0,0.028571428571428574,0,0,0,0.0,7
2021-02-22,41,1,838,8,2,1,7.0,5.0,5.0,1,0,0.06666666666666667,0,0,0,0.6666666666666666,6
2021-03-01,41,1,752,9,3,1,6.0,5.5,5.375,1,0,0.028571428571428574,0,0,0,0.8571428571428571,7
2021-03-08,41,1,726,10,3,1,7.0,6.0,5.625,1,0,0.028571428571428574,1,0,0,0.7142857142857143,7
2021-03-15,41,1,680,11,3,1,7.0,6.75,5.625,0,0,0.0,0,0,0,0.8,5
2021-03-22,41,1,667,12,3,1,5.0,6.25,5.625,1,0,0.05,0,0,0,0.25,4
2021-03-29,41,1,744,13,3,1,4.0,5.75,5.625,1,0,0.03333333333333333,0,0,0,0.8333333333333334,6
2021-04-05,41,1,715,14,4,1,6.0,5.5,5.75,0,0,0.0,0,0,0,0.2,5
2021-04-12,41,1,790,15,4,1,5.0,5.0,5.875,0,0,0.0,0,0,0,1.0,6
2021-04-19,41,1,813,16,4,1,6.0,5.25,5.75,1,0,0.03333333333333333,0,0,0,0.8333333333333334,6
2021-04-26,41,1,753,17,4,1,6.0,5.75,5.75,0,0,0.0,0,0,0,0.8333333333333334,6
2021-05-03,41,1,786,18,5,1,6.0,5.75,5.625,1,0,0.05714285714285715,1,0,0,1.0,7
2021-05-10,41,1,980,19,5,1,7.0,6.25,5.625,0,0,0.0,0,0,0,0.875,9
2021-05-17,41,1,598,20,5,1,9.0,7.0,6.125,0,1,0.032845655694840596,0,0,0,1.0,6
2021-05-24,41,1,786,21,5,1,6.0,7.0,6.375,0,0,0.0,0,0,0,1.0,5
2021-05-31,41,1,759,22,5,1,5.0,6.75,6.25,0,0,0.0,0,0,0,0.6,5
2021-06-07,41,1,771,23,6,1,5.0,6.25,6.25,1,0,0.04,1,0,0,1.0,5
2021-06-14,41,1,803,24,6,1,5.0,5.25,6.125,1,0,0.03333333333333333,0,0,0,1.0,6
2021-06-21,41,1,803,25,6,1,6.0,5.25,6.125,0,0,0.0,0,0,0,1.0,6
2021-06-28,41,1,758,26,6,1,6.0,5.5,6.125,1,0,0.03333333333333333,0,0,0,1.0,6
2021-07-05,41,1,914,27,7,1,6.0,5.75,6.0,1,0,0.03333333333333333,0,0,0,1.0,6
2021-07-12,41,1,1073,28,7,1,6.0,6.0,5.625,0,0,0.0,0,0,0,1.0,8
2021-07-19,41,1,1081,29,7,1,8.0,6.5,5.875,1,0,0.03333333333333333,0,0,0,0.8333333333333334,8
2021-07-26,41,1,1005,30,7,1,8.0,7.0,6.25,0,0,0.0,0,0,0,0.8888888888888888,9
2021-08-02,41,1,1139,31,8,1,9.0,7.75,6.75,1,0,0.03333333333333333,1,0,0,1.0,9
2021-08-09,41,1,1204,32,8,1,9.0,8.5,7.25,0,0,0.0,0,0,0,1.0,9
2021-08-16,41,1,1094,33,8,1,9.0,8.75,7.625,1,0,0.05,0,0,0,1.0,8
2021-08-23,41,1,1032,34,8,1,8.0,8.75,7.875,0,0,0.0,0,0,0,1.0,5
2021-08-30,41,1,862,35,8,1,5.0,7.75,7.75,1,0,0.04,0,0,0,1.0,5
2021-09-06,41,1,798,36,9,1,5.0,6.75,7.625,1,0,0.03333333333333333,1,0,0,0.8333333333333334,6
2021-09-13,41,1,796,37,9,1,6.0,6.0,7.375,0,0,0.0,0,0,0,1.0,5
2021-09-20,41,1,694,38,9,1,5.0,5.25,7.0,0,0,0.0,0,0,0,0.8571428571428571,7
2021-09-27,41,1,684,39,9,1,7.0,5.75,6.75,0,0,0.0,0,0,0,1.0,5
2021-10-04,41,1,741,40,10,1,5.0,5.75,6.25,0,0,0.0,1,0,0,1.0,6
2021-10-11,41,1,645,41,10,1,6.0,5.75,5.875,0,0,0.0,0,0,0,0.8,5
2021-10-18,41,1,756,42,10,1,5.0,5.75,5.5,0,0,0.0,0,0,0,0.4,5
2021-10-25,41,1,844,43,10,1,5.0,5.25,5.5,1,0,0.03333333333333333,0,0,0,0.5,6
2021-11-01,41,1,775,44,11,1,6.0,5.5,5.625,1,0,0.05714285714285715,0,0,0,0.8571428571428571,7
2021-11-08,41,1,672,45,11,1,7.0,5.75,5.75,0,0,0.0,0,0,0,0.2,5
2021-11-15,41,1,601,46,11,1,5.0,5.75,5.75,0,0,0.0,0,0,0,0.2,5
2021-11-22,41,1,613,47,11,1,5.0,5.75,5.5,0,0,0.0,0,0,0,0.3333333333333333,6
2021-11-29,41,1,636,48,11,1,6.0,5.75,5.625,0,0,0.0,0,0,0,0.0,5
2021-12-06,41,1,530,49,12,1,5.0,5.25,5.5,1,0,0.028571428571428574,1,0,0,0.0,7
2021-12-13,41,1,646,50,12,1,7.0,5.75,5.75,0,0,0.0,0,0,0,0.3333333333333333,6
2021-12-20,41,1,708,51,12,1,6.0,6.0,5.875,1,0,0.06666666666666667,0,0,0,0.5,6
2021-12-27,41,1,738,52,12,1,6.0,6.0,5.875,0,0,0.0,0,0,0,0.16666666666666666,6
2022-01-03,41,1,575,1,1,1,6.0,6.25,5.75,1,0,0.028571428571428574,1,0,0,0.14285714285714285,7
2022-01-10,41,1,589,2,1,1,7.0,6.25,6.0,0,0,0.0,0,0,0,0.8,5
2022-01-17,41,1,618,3,1,1,5.0,6.0,6.0,0,0,0.0,0,0,0,0.3333333333333333,3
2022-01-24,41,1,632,4,1,0,3.0,5.25,5.625,0,0,0.0,0,0,0,1.0,4
2022-01-31,41,1,644,5,1,1,4.0,4.75,5.5,0,0,0.0,0,0,0,0.6666666666666666,6
2022-02-07,41,1,661,6,2,1,6.0,4.5,5.375,0,0,0.0,1,0,0,1.0,6
2022-02-14,41,1,730,7,2,1,6.0,4.75,5.375,0,0,0.0,0,0,0,0.8333333333333334,6
2022-02-21,41,1,741,8,2,1,6.0,5.5,5.375,0,0,0.0,0,0,0,0.4,5
2022-02-28,41,1,737,9,2,1,5.0,5.75,5.25,1,0,0.05,0,0,0,0.25,4
2022-03-07,41,1,667,10,3,1,4.0,5.25,4.875,1,0,0.05714285714285715,1,0,0,0.2857142857142857,7
2022-03-14,41,1,670,11,3,1,7.0,5.5,5.125,1,0,0.04,0,0,0,0.4,5
2022-03-21,41,1,694,12,3,1,5.0,5.25,5.375,0,0,0.0,0,0,0,1.0,4
2022-03-28,41,1,643,13,3,1,4.0,5.0,5.375,0,0,0.0,0,0,0,0.75,4
2022-04-04,41,1,645,14,4,1,4.0,5.0,5.125,0,0,0.0,1,0,0,0.14285714285714285,7
2022-04-11,41,1,776,15,4,1,7.0,5.0,5.25,0,0,0.0,0,0,0,0.6666666666666666,6
2022-04-18,41,1,868,16,4,1,6.0,5.25,5.25,0,0,0.0,0,0,0,1.0,7
2022-04-25,41,1,761,17,4,1,7.0,6.0,5.5,0,0,0.0,0,0,0,1.0,5
2022-05-02,41,1,720,18,5,1,5.0,6.25,5.625,0,0,0.0,1,0,0,0.5,6
2022-05-09,41,1,731,19,5,1,6.0,6.0,5.5,1,0,0.04,0,0,0,1.0,5
2022-05-16,41,1,743,20,5,1,5.0,5.75,5.5,0,0,0.0,0,0,0,0.6666666666666666,6
2022-05-23,41,1,999,21,5,1,6.0,5.5,5.75,0,1,0.04291380605442568,0,0,0,1.0,8
2022-05-30,41,1,810,22,5,1,8.0,6.25,6.25,0,0,0.0,0,0,0,1.0,4
2022-06-06,41,1,823,23,6,1,4.0,5.75,5.875,1,0,0.03333333333333333,1,0,0,1.0,6
2022-06-13,41,1,793,24,6,1,6.0,6.0,5.875,1,0,0.03333333333333333,0,0,0,1.0,6
2022-06-20,41,1,785,25,6,1,6.0,6.0,5.75,1,0,0.03333333333333333,0,0,0,1.0,6
2022-06-27,41,1,803,26,6,1,6.0,5.5,5.875,0,0,0.0,0,0,0,1.0,6
2022-07-04,41,1,853,27,7,1,6.0,6.0,5.875,0,0,0.0,1,0,0,1.0,6
2022-07-11,41,1,1185,28,7,1,6.0,6.0,6.0,0,0,0.0,0,0,0,1.0,9
2022-07-18,41,1,1067,29,7,1,9.0,6.75,6.375,0,0,0.0,0,0,0,0.6,6
2022-07-25,41,1,1109,30,7,1,6.0,6.75,6.125,0,0,0.0,0,0,0,0.14285714285714285,7
2022-08-01,41,1,1132,31,8,1,7.0,7.0,6.5,0,0,0.0,0,0,0,0.875,10
2022-08-08,41,1,1222,32,8,1,10.0,8.0,7.0,1,0,0.025,1,0,0,1.0,8
2022-08-15,41,1,1150,33,8,1,8.0,7.75,7.25,1,0,0.03333333333333333,0,0,0,1.0,6
2022-08-22,41,1,985,34,8,1,6.0,7.75,7.25,0,0,0.0,0,0,0,1.0,7
2022-08-29,41,1,740,35,8,1,7.0,7.75,7.375,1,0,0.08,0,0,0,0.6,5
2022-09-05,41,1,778,36,9,1,5.0,6.5,7.25,1,0,0.04,1,0,0,0.4,5
2022-09-12,41,1,722,37,9,1,5.0,5.75,6.75,1,0,0.028571428571428574,0,0,0,0.42857142857142855,7
2022-09-19,41,1,662,38,9,1,7.0,6.0,6.875,0,0,0.0,0,0,0,0.8,5
2022-09-26,41,1,651,39,9,1,5.0,5.5,6.625,0,0,0.0,0,0,0,0.6,5
2022-10-03,41,1,500,40,10,1,5.0,5.5,6.0,0,0,0.0,1,0,0,0.42857142857142855,7
2022-10-10,41,1,463,41,10,1,7.0,6.0,5.875,1,0,0.028571428571428574,0,0,0,0.0,7
2022-10-17,41,1,488,42,10,1,7.0,6.0,6.0,0,0,0.0,0,0,0,0.4,5
2022-10-24,41,1,497,43,10,1,5.0,6.0,5.75,0,0,0.0,0,0,0,0.0,5
2022-10-31,41,1,520,44,10,1,5.0,6.0,5.75,1,0,0.03333333333333333,0,0,0,0.6666666666666666,6
2022-11-07,41,1,460,45,11,1,6.0,5.75,5.875,1,0,0.03333333333333333,1,0,0,0.8333333333333334,6
2022-11-14,41,1,451,46,11,1,6.0,5.5,5.75,0,0,0.0,0,0,0,0.75,4
2022-11-21,41,1,459,47,11,1,4.0,5.25,5.625,0,1,0.017820944629484,0,0,0,0.8571428571428571,7
2022-11-28,41,1,451,48,11,1,7.0,5.75,5.875,0,0,0.0,0,0,0,0.8,5
2022-12-05,41,1,411,49,12,1,5.0,5.5,5.625,0,0,0.0,1,0,0,0.0,3
2022-12-12,41,1,469,50,12,1,3.0,4.75,5.125,0,0,0.0,0,0,0,0.75,4
2022-12-19,41,1,479,51,12,1,4.0,4.75,5.0,0,0,0.0,0,0,0,0.0,5
2022-12-26,41,1,465,52,12,1,5.0,4.25,5.0,1,0,0.028571428571428574,0,0,0,0.14285714285714285,7
2020-12-28,42,1,288,53,12,1,0.0,0.0,0.0,1,0,0.03333333333333333,0,0,0,0.0,7
2021-01-04,42,1,604,1,1,1,7.0,7.0,7.0,1,0,0.04,1,0,0,0.1,11
2021-01-11,42,1,625,2,1,1,11.0,9.0,9.0,0,0,0.0,0,0,0,0.18181818181818182,14
2021-01-18,42,1,604,3,1,1,14.0,10.666666666666666,10.666666666666666,1,0,0.02,0,0,0,0.4,10
2021-01-25,42,1,636,4,1,1,10.0,10.5,10.5,0,0,0.0,0,0,0,0.0,15
2021-02-01,42,1,605,5,2,1,15.0,12.5,11.4,1,0,0.025,0,0,0,0.0,10
2021-02-08,42,1,650,6,2,1,10.0,12.25,11.166666666666666,0,0,0.0,1,0,0,0.4,11
2021-02-15,42,1,662,7,2,1,11.0,11.5,11.142857142857142,1,0,0.02,0,0,0,0.0,15
2021-02-22,42,1,838,8,2,1,15.0,12.75,11.625,1,0,0.05000000000000001,0,0,0,0.4166666666666667,23
2021-03-01,42,1,752,9,3,1,23.0,14.75,13.625,0,0,0.0,0,0,0,0.8333333333333334,19
2021-03-08,42,1,726,10,3,1,19.0,17.0,14.625,0,0,0.0,1,0,0,0.6,11
2021-03-15,42,1,680,11,3,1,11.0,17.0,14.25,1,0,0.03076923076923077,0,0,0,0.7692307692307693,18
2021-03-22,42,1,667,12,3,1,18.0,17.75,15.25,1,0,0.022222222222222223,0,0,0,0.5555555555555556,11
2021-03-29,42,1,744,13,3,1,11.0,14.75,14.75,1,0,0.016666666666666666,0,0,0,0.9166666666666666,18
2021-04-05,42,1,715,14,4,1,18.0,14.5,15.75,1,0,0.03636363636363637,1,0,0,0.36363636363636365,15
2021-04-12,42,1,790,15,4,1,15.0,15.5,16.25,1,0,0.0125,0,0,0,1.0,23
2021-04-19,42,1,813,16,4,1,23.0,16.75,17.25,1,0,0.015384615384615385,0,0,0,0.9230769230769231,19
2021-04-26,42,1,753,17,4,1,19.0,18.75,16.75,0,0,0.0,0,0,0,0.7777777777777778,17
2021-05-03,42,1,786,18,5,1,17.0,18.5,16.5,0,0,0.0,1,0,0,1.0,15
2021-05-10,42,1,980,19,5,1,15.0,18.5,17.0,1,0,0.018181818181818184,0,0,0,0.9090909090909091,20
2021-05-17,42,1,598,20,5,1,20.0,17.75,17.25,1,0,0.05000000000000001,0,0,0,1.0,18
2021-05-24,42,1,786,21,5,1,18.0,17.5,18.125,1,0,0.016666666666666666,0,0,0,1.0,22
2021-05-31,42,1,759,22,5,1,22.0,18.75,18.625,0,0,0.0,0,0,0,0.6363636363636364,13
2021-06-07,42,1,771,23,6,1,13.0,18.25,18.375,1,0,0.044444444444444446,1,0,0,1.0,15
2021-06-14,42,1,803,24,6,1,15.0,17.0,17.375,1,0,0.016666666666666666,0,0,0,1.0,14
2021-06-21,42,1,803,25,6,1,14.0,16.0,16.75,1,0,0.028571428571428574,0,0,0,1.0,15
2021-06-28,42,1,758,26,6,1,15.0,14.25,16.5,1,0,0.014285714285714287,0,0,0,1.0,22
2021-07-05,42,1,914,27,7,1,22.0,16.5,17.375,1,0,0.015384615384615385,1,0,0,1.0,22
2021-07-12,42,1,1073,28,7,1,22.0,18.25,17.625,1,0,0.04000000000000001,0,0,0,1.0,31
2021-07-19,42,1,1081,29,7,1,31.0,22.5,19.25,1,1,0.0415234593955805,0,0,0,0.8947368421052632,33
2021-07-26,42,1,1005,30,7,1,33.0,27.0,20.625,1,1,0.04555255782802565,0,0,0,0.8888888888888888,27
2021-08-02,42,1,1139,31,8,1,27.0,28.25,22.375,1,0,0.014285714285714287,1,0,0,1.0,33
2021-08-09,42,1,1204,32,8,1,33.0,31.0,24.625,1,0,0.047058823529411764,0,0,0,1.0,30
2021-08-16,42,1,1094,33,8,1,30.0,30.75,26.625,1,0,0.014285714285714287,0,0,0,1.0,30
2021-08-23,42,1,1032,34,8,1,30.0,30.0,28.5,1,0,0.011764705882352941,0,0,0,1.0,27
2021-08-30,42,1,862,35,8,1,27.0,30.0,29.125,1,0,0.03636363636363637,0,0,0,1.0,21
2021-09-06,42,1,798,36,9,1,21.0,27.0,29.0,1,0,0.014285714285714287,1,0,0,0.7857142857142857,20
2021-09-13,42,1,796,37,9,1,20.0,24.5,27.625,0,0,0.0,0,0,0,1.0,16
2021-09-20,42,1,694,38,9,1,16.0,21.0,25.5,1,0,0.03636363636363637,0,0,0,0.8181818181818182,17
2021-09-27,42,1,684,39,9,1,17.0,18.5,24.25,1,0,0.02,0,0,0,1.0,11
2021-10-04,42,1,741,40,10,1,11.0,16.0,21.5,1,0,0.016666666666666666,1,0,0,1.0,14
2021-10-11,42,1,645,41,10,1,14.0,14.5,19.5,1,0,0.02,0,0,0,0.9,15
2021-10-18,42,1,756,42,10,1,15.0,14.25,17.625,0,0,0.0,0,0,0,0.2,13
2021-10-25,42,1,844,43,10,1,13.0,13.25,15.875,1,0,0.016666666666666666,0,0,0,0.5,18
2021-11-01,42,1,775,44,11,1,18.0,15.0,15.5,1,0,0.022222222222222223,0,0,0,0.7777777777777778,15
2021-11-08,42,1,672,45,11,1,15.0,15.25,14.875,1,0,0.014285714285714287,1,0,0,0.14285714285714285,23
2021-11-15,42,1,601,46,11,1,23.0,17.25,15.75,1,0,0.025,0,0,0,0.125,12
2021-11-22,42,1,613,47,11,1,12.0,17.0,15.125,0,0,0.0,0,0,0,0.4,14
2021-11-29,42,1,636,48,11,1,14.0,16.0,15.5,1,0,0.022222222222222223,0,0,0,0.0,13
2021-12-06,42,1,530,49,12,1,13.0,15.5,15.375,0,0,0.0,1,0,0,0.0,10
2021-12-13,42,1,646,50,12,1,10.0,12.25,14.75,0,0,0.0,0,0,0,0.2222222222222222,9
2021-12-20,42,1,708,51,12,1,9.0,11.5,14.25,1,0,0.028571428571428574,0,0,0,0.6428571428571429,19
2021-12-27,42,1,738,52,12,1,19.0,12.75,14.375,0,0,0.0,0,0,0,0.3076923076923077,20
2022-01-03,42,1,575,1,1,1,20.0,14.5,15.0,1,0,0.08888888888888889,1,0,0,0.1111111111111111,15
2022-01-10,42,1,589,2,1,1,15.0,15.75,14.0,0,0,0.0,0,0,0,0.5555555555555556,16
2022-01-17,42,1,618,3,1,1,16.0,17.5,14.5,1,0,0.03333333333333333,0,0,0,0.5,14
2022-01-24,42,1,632,4,1,0,14.0,16.25,14.5,0,0,0.0,0,0,0,1.0,14
2022-01-31,42,1,644,5,1,1,14.0,14.75,14.625,1,0,0.044444444444444446,0,0,0,0.6666666666666666,14
2022-02-07,42,1,661,6,2,1,14.0,14.5,15.125,1,0,0.02,1,0,0,1.0,13
2022-02-14,42,1,730,7,2,1,13.0,13.75,15.625,0,0,0.0,0,0,0,0.8333333333333334,12
2022-02-21,42,1,741,8,2,1,12.0,13.25,14.75,1,0,0.042857142857142864,0,0,0,0.5714285714285714,19
2022-02-28,42,1,737,9,2,1,19.0,14.5,14.625,1,0,0.016666666666666666,0,0,0,0.25,17
2022-03-07,42,1,667,10,3,1,17.0,15.25,14.875,1,0,0.02,1,0,0,0.3,12
2022-03-14,42,1,670,11,3,1,12.0,15.0,14.375,1,0,0.022222222222222223,0,0,0,0.6666666666666666,11
2022-03-21,42,1,694,12,3,1,11.0,14.75,14.0,1,0,0.02,0,0,0,1.0,14
2022-03-28,42,1,643,13,3,1,14.0,13.5,14.0,0,0,0.0,0,0,0,0.875,11
2022-04-04,42,1,645,14,4,1,11.0,12.0,13.625,0,0,0.0,1,0,0,0.1,16
2022-04-11,42,1,776,15,4,1,16.0,13.0,14.0,0,1,0.027273348148856968,0,0,0,0.5833333333333334,20
2022-04-18,42,1,868,16,4,1,20.0,15.25,15.0,1,0,0.011111111111111112,0,0,0,1.0,20
2022-04-25,42,1,761,17,4,1,20.0,16.75,15.125,1,0,0.04,0,0,0,1.0,15
2022-05-02,42,1,720,18,5,1,15.0,17.75,14.875,1,0,0.02,1,0,0,0.6,15
2022-05-09,42,1,731,19,5,1,15.0,17.5,15.25,1,0,0.022222222222222223,0,0,0,1.0,12
2022-05-16,42,1,743,20,5,1,12.0,15.5,15.375,0,0,0.0,0,0,0,0.5384615384615384,15
2022-05-23,42,1,999,21,5,1,15.0,14.25,15.5,1,0,0.014285714285714287,0,0,0,1.0,17
2022-05-30,42,1,810,22,5,1,17.0,14.75,16.25,0,0,0.0,0,0,0,1.0,16
2022-06-06,42,1,823,23,6,1,16.0,15.0,16.25,1,0,0.05000000000000001,1,0,0,1.0,15
2022-06-13,42,1,793,24,6,1,15.0,15.75,15.625,1,0,0.015384615384615385,0,0,0,1.0,18
2022-06-20,42,1,785,25,6,1,18.0,16.5,15.375,0,0,0.0,0,0,0,1.0,13
2022-06-27,42,1,803,26,6,1,13.0,15.5,15.125,0,0,0.0,0,0,0,1.0,14
2022-07-04,42,1,853,27,7,1,14.0,15.0,15.0,1,0,0.02,1,0,0,1.0,16
2022-07-11,42,1,1185,28,7,1,16.0,15.25,15.5,1,0,0.013333333333333334,0,0,0,1.0,29
2022-07-18,42,1,1067,29,7,1,29.0,18.0,17.25,1,0,0.047058823529411764,0,0,0,0.5882352941176471,22
2022-07-25,42,1,1109,30,7,1,22.0,20.25,17.875,1,0,0.023529411764705882,0,0,0,0.17647058823529413,28
2022-08-01,42,1,1132,31,8,1,28.0,23.75,19.375,1,0,0.011764705882352941,0,0,0,0.7647058823529411,26
2022-08-08,42,1,1222,32,8,1,26.0,26.25,20.75,1,0,0.01,1,0,0,1.0,31
2022-08-15,42,1,1150,33,8,1,31.0,26.75,22.375,1,0,0.022222222222222223,0,0,0,1.0,39
2022-08-22,42,1,985,34,8,1,39.0,31.0,25.625,1,0,0.018181818181818184,0,0,0,1.0,19
2022-08-29,42,1,740,35,8,1,19.0,28.75,26.25,1,0,0.016666666666666666,0,0,0,0.4166666666666667,13
2022-09-05,42,1,778,36,9,1,13.0,25.5,25.875,1,0,0.014285714285714287,1,0,0,0.6428571428571429,14
2022-09-12,42,1,722,37,9,1,14.0,21.25,24.0,1,0,0.02,0,0,0,0.4,14
2022-09-19,42,1,662,38,9,1,14.0,15.0,23.0,0,0,0.0,0,0,0,0.6666666666666666,13
2022-09-26,42,1,651,39,9,1,13.0,13.5,21.125,1,0,0.03636363636363637,0,0,0,0.7272727272727273,19
2022-10-03,42,1,500,40,10,1,19.0,15.0,20.25,1,0,0.016666666666666666,1,0,0,0.3333333333333333,13
2022-10-10,42,1,463,41,10,1,13.0,14.75,18.0,0,0,0.0,0,0,0,0.0,15
2022-10-17,42,1,488,42,10,1,15.0,15.0,15.0,0,0,0.0,0,0,0,0.4444444444444444,14
2022-10-24,42,1,497,43,10,1,14.0,15.25,14.375,0,0,0.0,0,0,0,0.0,22
2022-10-31,42,1,520,44,10,1,22.0,16.0,15.5,0,0,0.0,0,0,0,0.6923076923076923,16
2022-11-07,42,1,460,45,11,1,16.0,16.75,15.75,1,0,0.016666666666666666,1,0,0,0.8333333333333334,20
2022-11-14,42,1,451,46,11,1,20.0,18.0,16.5,0,0,0.0,0,0,0,0.7777777777777778,13
2022-11-21,42,1,459,47,11,1,13.0,17.75,16.5,0,0,0.0,0,0,0,0.875,14
2022-11-28,42,1,451,48,11,1,14.0,15.75,15.875,0,0,0.0,0,0,0,0.6666666666666666,13
2022-12-05,42,1,411,49,12,1,13.0,15.0,15.875,1,0,0.025,1,0,0,0.0,12
2022-12-12,42,1,469,50,12,1,12.0,13.0,15.5,0,1,0.014181712794100234,0,0,0,0.5555555555555556,12
2022-12-19,42,1,479,51,12,1,12.0,12.75,15.25,0,0,0.0,0,0,0,0.0,16
2022-12-26,42,1,465,52,12,1,16.0,13.25,14.5,1,0,0.016666666666666666,0,0,0,0.08333333333333333,17
2020-12-28,43,1,288,53,12,1,0.0,0.0,0.0,0,0,0.0,0,0,0,0.0,8
2021-01-04,43,1,604,1,1,1,8.0,8.0,8.0,0,0,0.0,1,0,0,0.1111111111111111,17
2021-01-11,43,1,625,2,1,1,17.0,12.5,12.5,0,0,0.0,0,0,0,0.125,10
2021-01-18,43,1,604,3,1,1,10.0,11.666666666666666,11.666666666666666,0,0,0.0,0,0,0,0.2727272727272727,15
2021-01-25,43,1,636,4,1,1,15.0,12.5,12.5,1,0,0.02,0,0,0,0.0,16
2021-02-01,43,1,605,5,2,1,16.0,14.5,13.2,1,0,0.016666666666666666,0,0,0,0.0,14
2021-02-08,43,1,650,6,2,1,14.0,13.75,13.333333333333334,1,0,0.04,1,0,0,0.3,16
2021-02-15,43,1,662,7,2,1,16.0,15.25,13.714285714285714,0,0,0.0,0,0,0,0.0,18
2021-02-22,43,1,838,8,2,1,18.0,16.0,14.25,1,0,0.03333333333333333,0,0,0,0.75,19
2021-03-01,43,1,752,9,3,1,19.0,16.75,15.625,1,0,0.04,0,0,0,0.9,17
2021-03-08,43,1,726,10,3,1,17.0,17.5,15.625,1,0,0.016666666666666666,1,0,0,0.6666666666666666,18
2021-03-15,43,1,680,11,3,1,18.0,18.0,16.625,1,0,0.04,0,0,0,0.6,15
2021-03-22,43,1,667,12,3,1,15.0,17.25,16.625,0,0,0.0,0,0,0,0.6666666666666666,16
2021-03-29,43,1,744,13,3,1,16.0,16.5,16.625,0,0,0.0,0,0,0,0.9166666666666666,17
2021-04-05,43,1,715,14,4,1,17.0,16.5,17.0,1,0,0.025,1,0,0,0.4375,18
2021-04-12,43,1,790,15,4,1,18.0,16.5,17.25,0,0,0.0,0,0,0,1.0,13
2021-04-19,43,1,813,16,4,1,13.0,16.0,16.625,1,0,0.025,0,0,0,0.9375,22
2021-04-26,43,1,753,17,4,1,22.0,17.5,17.0,1,0,0.013333333333333334,0,0,0,0.7333333333333333,22
2021-05-03,43,1,786,18,5,1,22.0,18.75,17.625,1,0,0.013333333333333334,1,0,0,1.0,27
2021-05-10,43,1,980,19,5,1,27.0,21.0,18.75,1,0,0.0125,0,0,0,0.875,33
2021-05-17,43,1,598,20,5,1,33.0,26.0,21.0,0,0,0.0,0,0,0,1.0,16
2021-05-24,43,1,786,21,5,1,16.0,24.5,21.0,1,0,0.042857142857142864,0,0,0,1.0,21
2021-05-31,43,1,759,22,5,1,21.0,24.25,21.5,1,1,0.05442192597312258,0,0,0,0.6875,20
2021-06-07,43,1,771,23,6,1,20.0,22.5,21.75,1,0,0.0125,1,0,0,1.0,25
2021-06-14,43,1,803,24,6,1,25.0,20.5,23.25,1,0,0.025,0,0,0,1.0,32
2021-06-21,43,1,803,25,6,1,32.0,24.5,24.5,1,0,0.03076923076923077,0,0,0,1.0,28
2021-06-28,43,1,758,26,6,1,28.0,26.25,25.25,1,0,0.04000000000000001,0,0,0,1.0,29
2021-07-05,43,1,914,27,7,1,29.0,28.5,25.5,1,0,0.014285714285714287,1,0,0,1.0,20
2021-07-12,43,1,1073,28,7,1,20.0,27.25,23.875,1,0,0.022222222222222223,0,0,0,1.0,48
2021-07-19,43,1,1081,29,7,1,48.0,31.25,27.875,1,0,0.011764705882352941,0,0,0,0.8235294117647058,47
2021-07-26,43,1,1005,30,7,1,47.0,36.0,31.125,1,0,0.028571428571428574,0,0,0,0.9285714285714286,38
2021-08-02,43,1,1139,31,8,1,38.0,38.25,33.375,1,0,0.023529411764705882,1,0,0,1.0,55
2021-08-09,43,1,1204,32,8,1,55.0,47.0,37.125,1,0,0.03157894736842106,0,0,0,1.0,63
2021-08-16,43,1,1094,33,8,1,63.0,50.75,41.0,0,0,0.0,0,0,0,1.0,54
2021-08-23,43,1,1032,34,8,1,54.0,52.5,44.25,1,0,0.02727272727272728,0,0,0,1.0,44
2021-08-30,43,1,862,35,8,1,44.0,54.0,46.125,0,0,0.0,0,0,0,1.0,29
2021-09-06,43,1,798,36,9,1,29.0,47.5,47.25,1,0,0.02666666666666667,1,0,0,0.8666666666666667,33
2021-09-13,43,1,796,37,9,1,33.0,40.0,45.375,1,0,0.021052631578947368,0,0,0,1.0,26
2021-09-20,43,1,694,38,9,1,26.0,33.0,42.75,1,0,0.037500000000000006,0,0,0,0.8125,20
2021-09-27,43,1,684,39,9,1,20.0,27.0,40.5,1,0,0.06000000000000001,0,0,0,1.0,12
2021-10-04,43,1,741,40,10,1,12.0,22.75,35.125,0,0,0.0,1,0,0,1.0,19
2021-10-11,43,1,645,41,10,1,19.0,19.25,29.625,1,0,0.03076923076923077,0,0,0,0.8461538461538461,16
2021-10-18,43,1,756,42,10,1,16.0,16.75,24.875,1,0,0.042857142857142864,0,0,0,0.21428571428571427,16
2021-10-25,43,1,844,43,10,1,16.0,15.75,21.375,0,0,0.0,0,0,0,0.46153846153846156,16
2021-11-01,43,1,775,44,11,1,16.0,16.75,19.75,1,0,0.013333333333333334,0,0,0,0.8,16
2021-11-08,43,1,672,45,11,1,16.0,16.0,17.625,0,0,0.0,1,0,0,0.1,14
2021-11-15,43,1,601,46,11,1,14.0,15.5,16.125,1,0,0.022222222222222223,0,0,0,0.2222222222222222,14
2021-11-22,43,1,613,47,11,1,14.0,15.0,15.375,0,0,0.0,0,0,0,0.2222222222222222,14
2021-11-29,43,1,636,48,11,1,14.0,14.5,15.625,1,0,0.016666666666666666,0,0,0,0.0,13
2021-12-06,43,1,530,49,12,1,13.0,13.75,14.875,1,0,0.022222222222222223,1,0,0,0.0,16
2021-12-13,43,1,646,50,12,1,16.0,14.25,14.875,1,0,0.06000000000000001,0,0,0,0.2,14
2021-12-20,43,1,708,51,12,1,14.0,14.25,14.625,1,0,0.06666666666666667,0,0,0,0.5,19
2021-12-27,43,1,738,52,12,1,19.0,15.5,15.0,0,0,0.0,0,0,0,0.2727272727272727,18
2022-01-03,43,1,575,1,1,1,18.0,16.75,15.25,1,0,0.015384615384615385,1,0,0,0.23076923076923078,13
2022-01-10,43,1,589,2,1,1,13.0,16.0,15.125,1,0,0.03636363636363637,0,0,0,0.45454545454545453,13
2022-01-17,43,1,618,3,1,1,13.0,15.75,15.0,0,0,0.0,0,0,0,0.36363636363636365,14
2022-01-24,43,1,632,4,1,0,14.0,14.5,15.0,0,0,0.0,0,0,0,1.0,19
2022-01-31,43,1,644,5,1,1,19.0,14.75,15.75,1,0,0.018181818181818184,0,0,0,0.7272727272727273,15
2022-02-07,43,1,661,6,2,1,15.0,15.25,15.625,0,0,0.0,1,0,0,1.0,13
2022-02-14,43,1,730,7,2,1,13.0,15.25,15.5,0,0,0.0,0,0,0,0.7272727272727273,15
2022-02-21,43,1,741,8,2,1,15.0,15.5,15.0,1,0,0.016666666666666666,0,0,0,0.3333333333333333,18
2022-02-28,43,1,737,9,2,1,18.0,15.25,15.0,0,0,0.0,0,0,0,0.3333333333333333,11
2022-03-07,43,1,667,10,3,1,11.0,14.25,14.75,0,0,0.0,1,0,0,0.3,16
2022-03-14,43,1,670,11,3,1,16.0,15.0,15.125,1,0,0.02,0,0,0,0.5,14
2022-03-21,43,1,694,12,3,1,14.0,14.75,15.125,1,0,0.02,0,0,0,1.0,13
2022-03-28,43,1,643,13,3,1,13.0,13.5,14.375,1,0,0.016666666666666666,0,0,0,0.8333333333333334,15
2022-04-04,43,1,645,14,4,1,15.0,14.5,14.375,0,0,0.0,1,0,0,0.1111111111111111,12
2022-04-11,43,1,776,15,4,1,12.0,13.5,14.25,1,0,0.018181818181818184,0,0,0,0.6363636363636364,17
2022-04-18,43,1,868,16,4,1,17.0,14.25,14.5,0,0,0.0,0,0,0,1.0,22
2022-04-25,43,1,761,17,4,1,22.0,16.5,15.0,1,0,0.016666666666666666,0,0,0,1.0,15
2022-05-02,43,1,720,18,5,1,15.0,16.5,15.5,0,1,0.012994289625673967,1,0,0,0.5555555555555556,23
2022-05-09,43,1,731,19,5,1,23.0,19.25,16.375,1,0,0.02666666666666667,0,0,0,1.0,19
2022-05-16,43,1,743,20,5,1,19.0,19.75,17.0,1,0,0.04615384615384616,0,0,0,0.6923076923076923,18
2022-05-23,43,1,999,21,5,1,18.0,18.75,17.625,0,0,0.0,0,0,0,1.0,19
2022-05-30,43,1,810,22,5,1,19.0,19.75,18.125,1,0,0.014285714285714287,0,0,0,1.0,25
2022-06-06,43,1,823,23,6,1,25.0,20.25,19.75,1,0,0.013333333333333334,1,0,0,1.0,27
2022-06-13,43,1,793,24,6,1,27.0,22.25,21.0,1,0,0.05000000000000001,0,0,0,1.0,15
2022-06-20,43,1,785,25,6,1,15.0,21.5,20.125,0,0,0.0,0,0,0,1.0,16
2022-06-27,43,1,803,26,6,1,16.0,20.75,20.25,1,0,0.04,0,0,0,1.0,22
2022-07-04,43,1,853,27,7,1,22.0,20.0,20.125,1,0,0.011764705882352941,1,0,0,1.0,29
2022-07-11,43,1,1185,28,7,1,29.0,20.5,21.375,1,0,0.047058823529411764,0,0,0,1.0,39
2022-07-18,43,1,1067,29,7,1,39.0,26.5,24.0,1,0,0.043478260869565216,0,0,0,0.5217391304347826,35
2022-07-25,43,1,1109,30,7,1,35.0,31.25,26.0,0,0,0.0,0,0,0,0.06666666666666667,31
2022-08-01,43,1,1132,31,8,1,31.0,33.5,26.75,0,0,0.0,0,0,0,0.8695652173913043,36
2022-08-08,43,1,1222,32,8,1,36.0,35.25,27.875,1,0,0.009090909090909092,1,0,0,1.0,41
2022-08-15,43,1,1150,33,8,1,41.0,35.75,31.125,1,0,0.011111111111111112,0,0,0,1.0,42
2022-08-22,43,1,985,34,8,1,42.0,37.5,34.375,0,0,0.0,0,0,0,1.0,32
2022-08-29,43,1,740,35,8,1,32.0,37.75,35.625,0,0,0.0,0,0,0,0.4666666666666667,15
2022-09-05,43,1,778,36,9,1,15.0,32.5,33.875,0,0,0.0,1,0,0,0.5333333333333333,22
2022-09-12,43,1,722,37,9,1,22.0,27.75,31.75,1,0,0.03333333333333333,0,0,0,0.5833333333333334,17
2022-09-19,43,1,662,38,9,1,17.0,21.5,29.5,0,0,0.0,0,0,0,0.7692307692307693,18
2022-09-26,43,1,651,39,9,1,18.0,18.0,27.875,1,0,0.022222222222222223,0,0,0,0.7777777777777778,19
2022-10-03,43,1,500,40,10,1,19.0,19.0,25.75,0,0,0.0,1,0,0,0.3,13
2022-10-10,43,1,463,41,10,1,13.0,16.75,22.25,0,0,0.0,0,0,0,0.0,18
2022-10-17,43,1,488,42,10,1,18.0,17.0,19.25,1,0,0.016666666666666666,0,0,0,0.5,17
2022-10-24,43,1,497,43,10,1,17.0,16.75,17.375,1,0,0.018181818181818184,0,0,0,0.0,14
2022-10-31,43,1,520,44,10,1,14.0,15.5,17.25,0,0,0.0,0,0,0,0.75,13
2022-11-07,43,1,460,45,11,1,13.0,15.5,16.125,1,0,0.044444444444444446,1,0,0,0.8888888888888888,13
2022-11-14,43,1,451,46,11,1,13.0,14.25,15.625,1,0,0.018181818181818184,0,0,0,0.6363636363636364,16
2022-11-21,43,1,459,47,11,1,16.0,14.0,15.375,0,0,0.0,0,0,0,0.8461538461538461,19
2022-11-28,43,1,451,48,11,1,19.0,15.25,15.375,1,0,0.016666666666666666,0,0,0,0.6666666666666666,17
2022-12-05,43,1,411,49,12,1,17.0,16.25,15.875,1,0,0.03636363636363637,1,0,0,0.0,16
2022-12-12,43,1,469,50,12,1,16.0,17.0,15.625,1,0,0.02,0,0,0,0.4,14
2022-12-19,43,1,479,51,12,1,14.0,16.5,15.25,0,0,0.0,0,0,0,0.0,19
2022-12-26,43,1,465,52,12,1,19.0,16.5,15.875,1,0,0.02,0,0,0,0.1,22
2020-12-28,44,1,288,53,12,1,0.0,0.0,0.0,1,0,0.06666666666666667,0,0,0,0.0,3
2021-01-04,44,1,604,1,1,1,3.0,3.0,3.0,0,0,0.0,1,0,0,0.16666666666666666,6
2021-01-11,44,1,625,2,1,1,6.0,4.5,4.5,0,0,0.0,0,0,0,0.2,5
2021-01-18,44,1,604,3,1,1,5.0,4.666666666666667,4.666666666666667,0,0,0.0,0,0,0,0.16666666666666666,6
2021-01-25,44,1,636,4,1,1,6.0,5.0,5.0,0,0,0.0,0,0,0,0.0,7
2021-02-01,44,1,605,5,2,1,7.0,6.0,5.4,0,0,0.0,0,0,0,0.0,6
2021-02-08,44,1,650,6,2,1,6.0,6.0,5.5,0,0,0.0,1,0,0,0.6,5
2021-02-15,44,1,662,7,2,1,5.0,6.0,5.428571428571429,0,0,0.0,0,0,0,0.0,4
2021-02-22,44,1,838,8,2,1,4.0,5.5,5.25,1,0,0.03333333333333333,0,0,0,0.5,6
2021-03-01,44,1,752,9,3,1,6.0,5.25,5.625,0,0,0.0,0,0,0,1.0,5
2021-03-08,44,1,726,10,3,1,5.0,5.0,5.5,0,0,0.0,1,0,0,0.7142857142857143,7
2021-03-15,44,1,680,11,3,1,7.0,5.5,5.75,1,0,0.04,0,0,0,0.8,5
2021-03-22,44,1,667,12,3,1,5.0,5.75,5.625,0,0,0.0,0,0,0,0.5714285714285714,7
2021-03-29,44,1,744,13,3,1,7.0,6.0,5.625,0,0,0.0,0,0,0,1.0,4
2021-04-05,44,1,715,14,4,1,4.0,5.75,5.375,0,0,0.0,1,0,0,0.25,4
2021-04-12,44,1,790,15,4,1,4.0,5.0,5.25,0,0,0.0,0,0,0,1.0,5
2021-04-19,44,1,813,16,4,1,5.0,5.0,5.375,1,0,0.05714285714285715,0,0,0,0.8571428571428571,7
2021-04-26,44,1,753,17,4,1,7.0,5.0,5.5,0,0,0.0,0,0,0,0.6,5
2021-05-03,44,1,786,18,5,1,5.0,5.25,5.5,0,0,0.0,1,0,0,1.0,7
2021-05-10,44,1,980,19,5,1,7.0,6.0,5.5,0,0,0.0,0,0,0,0.8333333333333334,6
2021-05-17,44,1,598,20,5,1,6.0,6.25,5.625,0,0,0.0,0,0,0,1.0,5
2021-05-24,44,1,786,21,5,1,5.0,5.75,5.375,1,0,0.03333333333333333,0,0,0,1.0,6
2021-05-31,44,1,759,22,5,1,6.0,6.0,5.625,1,0,0.08,0,0,0,0.6,5
2021-06-07,44,1,771,23,6,1,5.0,5.5,5.75,0,0,0.0,1,0,0,1.0,6
2021-06-14,44,1,803,24,6,1,6.0,5.5,5.875,0,0,0.0,0,0,0,1.0,5
2021-06-21,44,1,803,25,6,1,5.0,5.5,5.625,1,0,0.06666666666666667,0,0,0,1.0,6
2021-06-28,44,1,758,26,6,1,6.0,5.5,5.75,1,0,0.04,0,0,0,1.0,5
2021-07-05,44,1,914,27,7,1,5.0,5.5,5.5,0,0,0.0,1,0,0,1.0,4
2021-07-12,44,1,1073,28,7,1,4.0,5.0,5.25,1,0,0.05714285714285715,0,0,0,1.0,7
2021-07-19,44,1,1081,29,7,1,7.0,5.5,5.5,0,0,0.0,0,0,0,1.0,6
2021-07-26,44,1,1005,30,7,1,6.0,5.5,5.5,0,0,0.0,0,0,0,0.8,5
2021-08-02,44,1,1139,31,8,1,5.0,5.5,5.5,0,0,0.0,1,0,0,1.0,5
2021-08-09,44,1,1204,32,8,1,5.0,5.75,5.375,0,0,0.0,0,0,0,1.0,6
2021-08-16,44,1,1094,33,8,1,6.0,5.5,5.5,0,0,0.0,0,0,0,1.0,6
2021-08-23,44,1,1032,34,8,1,6.0,5.5,5.5,0,0,0.0,0,0,0,1.0,7
2021-08-30,44,1,862,35,8,1,7.0,6.0,5.75,1,0,0.08,0,0,0,1.0,5
2021-09-06,44,1,798,36,9,1,5.0,6.0,5.875,1,0,0.028571428571428574,1,0,0,0.8571428571428571,7
2021-09-13,44,1,796,37,9,1,7.0,6.25,5.875,0,0,0.0,0,0,0,1.0,6
2021-09-20,44,1,694,38,9,1,6.0,6.25,5.875,0,0,0.0,0,0,0,0.8,5
2021-09-27,44,1,684,39,9,1,5.0,5.75,5.875,0,0,0.0,0,0,0,1.0,7
2021-10-04,44,1,741,40,10,1,7.0,6.25,6.125,1,0,0.05714285714285715,1,0,0,1.0,7
2021-10-11,44,1,645,41,10,1,7.0,6.25,6.25,1,0,0.03333333333333333,0,0,0,0.8333333333333334,6
2021-10-18,44,1,756,42,10,1,6.0,6.25,6.25,1,0,0.06666666666666667,0,0,0,0.3333333333333333,6
2021-10-25,44,1,844,43,10,1,6.0,6.5,6.125,1,0,0.08,0,0,0,0.4,5
2021-11-01,44,1,775,44,11,1,5.0,6.0,6.125,1,0,0.05,0,0,0,0.875,10
2021-11-08,44,1,672,45,11,1,10.0,6.75,6.5,0,0,0.0,0,0,0,0.0,2
2021-11-15,44,1,601,46,11,1,2.0,5.75,6.0,0,0,0.0,0,0,0,0.25,4
2021-11-22,44,1,613,47,11,1,4.0,5.25,5.875,1,0,0.05,0,0,0,0.25,4
2021-11-29,44,1,636,48,11,1,4.0,5.0,5.5,1,0,0.06666666666666667,0,0,0,0.0,6
2021-12-06,44,1,530,49,12,1,6.0,4.0,5.375,0,0,0.0,1,0,0,0.0,4
2021-12-13,44,1,646,50,12,1,4.0,4.5,5.125,0,0,0.0,0,0,0,0.16666666666666666,6
2021-12-20,44,1,708,51,12,1,6.0,5.0,5.125,1,0,0.03333333333333333,0,0,0,0.5,6
2021-12-27,44,1,738,52,12,1,6.0,5.5,5.25,1,0,0.04,0,0,0,0.2,5
2022-01-03,44,1,575,1,1,1,5.0,5.25,4.625,1,0,0.03333333333333333,1,0,0,0.16666666666666666,6
2022-01-10,44,1,589,2,1,1,6.0,5.75,5.125,0,0,0.0,0,0,0,0.4,5
2022-01-17,44,1,618,3,1,1,5.0,5.5,5.25,0,0,0.0,0,0,0,0.3333333333333333,3
2022-01-24,44,1,632,4,1,0,3.0,4.75,5.125,1,0,0.028571428571428574,0,0,0,1.0,7
2022-01-31,44,1,644,5,1,1,7.0,5.25,5.25,1,0,0.04,0,0,0,0.6,5
2022-02-07,44,1,661,6,2,1,5.0,5.0,5.375,1,0,0.03333333333333333,1,0,0,1.0,6
2022-02-14,44,1,730,7,2,1,6.0,5.25,5.375,1,0,0.022222222222222223,0,0,0,0.6666666666666666,10
2022-02-21,44,1,741,8,2,1,10.0,7.0,5.875,1,0,0.03333333333333333,0,0,0,0.5,6
2022-02-28,44,1,737,9,2,1,6.0,6.75,6.0,0,0,0.0,0,0,0,0.2,5
2022-03-07,44,1,667,10,3,1,5.0,6.75,5.875,1,0,0.03333333333333333,1,0,0,0.3333333333333333,6
2022-03-14,44,1,670,11,3,1,6.0,6.75,6.0,0,0,0.0,0,0,0,0.5,6
2022-03-21,44,1,694,12,3,1,6.0,5.75,6.375,0,0,0.0,0,0,0,1.0,6
2022-03-28,44,1,643,13,3,1,6.0,5.75,6.25,0,0,0.0,0,0,0,0.75,4
2022-04-04,44,1,645,14,4,1,4.0,5.5,6.125,0,0,0.0,1,0,0,0.0,6
2022-04-11,44,1,776,15,4,1,6.0,5.5,6.125,0,0,0.0,0,0,0,0.5,6
2022-04-18,44,1,868,16,4,1,6.0,5.5,5.625,0,0,0.0,0,0,0,1.0,6
2022-04-25,44,1,761,17,4,1,6.0,5.5,5.625,0,0,0.0,0,0,0,1.0,6
2022-05-02,44,1,720,18,5,1,6.0,6.0,5.75,0,0,0.0,1,0,0,0.75,4
2022-05-09,44,1,731,19,5,1,4.0,5.5,5.5,0,0,0.0,0,0,0,1.0,5
2022-05-16,44,1,743,20,5,1,5.0,5.25,5.375,0,0,0.0,0,0,0,0.6666666666666666,6
2022-05-23,44,1,999,21,5,1,6.0,5.25,5.375,0,0,0.0,0,0,0,1.0,7
2022-05-30,44,1,810,22,5,1,7.0,5.5,5.75,0,0,0.0,0,0,0,1.0,7
2022-06-06,44,1,823,23,6,1,7.0,6.25,5.875,1,0,0.03333333333333333,0,0,0,1.0,6
2022-06-13,44,1,793,24,6,1,6.0,6.5,5.875,0,0,0.0,0,0,0,1.0,2
2022-06-20,44,1,785,25,6,1,2.0,5.5,5.375,0,0,0.0,0,0,0,1.0,7
2022-06-27,44,1,803,26,6,1,7.0,5.5,5.5,0,0,0.0,0,0,0,1.0,6
2022-07-04,44,1,853,27,7,1,6.0,5.25,5.75,1,0,0.03333333333333333,1,0,0,1.0,6
2022-07-11,44,1,1185,28,7,1,6.0,5.25,5.875,0,0,0.0,0,0,0,1.0,6
2022-07-18,44,1,1067,29,7,1,6.0,6.25,5.875,0,0,0.0,0,0,0,0.5,15
2022-07-25,44,1,1109,30,7,1,15.0,8.25,6.875,0,0,0.0,0,0,0,0.16666666666666666,6
2022-08-01,44,1,1132,31,8,1,6.0,8.25,6.75,1,0,0.028571428571428574,0,0,0,0.8571428571428571,7
2022-08-08,44,1,1222,32,8,1,7.0,8.5,6.875,0,0,0.0,1,0,0,1.0,5
2022-08-15,44,1,1150,33,8,1,5.0,8.25,7.25,0,0,0.0,0,0,0,1.0,6
2022-08-22,44,1,985,34,8,1,6.0,6.0,7.125,0,0,0.0,0,0,0,1.0,7
2022-08-29,44,1,740,35,8,1,7.0,6.25,7.25,1,0,0.05714285714285715,0,0,0,0.5714285714285714,7
2022-09-05,44,1,778,36,9,1,7.0,6.25,7.375,0,0,0.0,0,0,0,0.6,5
2022-09-12,44,1,722,37,9,1,5.0,6.25,7.25,1,0,0.03333333333333333,0,0,0,0.5,6
2022-09-19,44,1,662,38,9,1,6.0,6.25,6.125,1,0,0.04,0,0,0,0.6,5
2022-09-26,44,1,651,39,9,1,5.0,5.75,6.0,1,0,0.03333333333333333,0,0,0,0.6666666666666666,6
2022-10-03,44,1,500,40,10,1,6.0,5.5,5.875,0,0,0.0,1,0,0,0.0,4
2022-10-10,44,1,463,41,10,1,4.0,5.25,5.75,0,0,0.0,0,0,0,0.0,7
2022-10-17,44,1,488,42,10,1,7.0,5.5,5.875,1,0,0.028571428571428574,0,0,0,0.42857142857142855,7
2022-10-24,44,1,497,43,10,1,7.0,6.0,5.875,1,0,0.08,0,0,0,0.0,5
2022-10-31,44,1,520,44,10,1,5.0,5.75,5.625,0,0,0.0,0,0,0,0.8,10
2022-11-07,44,1,460,45,11,1,10.0,7.25,6.25,1,0,0.03333333333333333,1,0,0,1.0,6
2022-11-14,44,1,451,46,11,1,6.0,7.0,6.25,1,0,0.03333333333333333,0,0,0,0.6666666666666666,6
2022-11-21,44,1,459,47,11,1,6.0,6.75,6.375,0,0,0.0,0,0,0,0.8,5
2022-11-28,44,1,451,48,11,1,5.0,6.75,6.25,0,0,0.0,0,0,0,0.6666666666666666,6
2022-12-05,44,1,411,49,12,1,6.0,5.75,6.5,0,0,0.0,0,0,0,0.0,3
2022-12-12,44,1,469,50,12,1,3.0,5.0,6.0,1,0,0.1,0,0,0,0.75,4
2022-12-19,44,1,479,51,12,1,4.0,4.5,5.625,1,0,0.03333333333333333,0,0,0,0.0,6
2022-12-26,44,1,465,52,12,1,6.0,4.75,5.75,1,0,0.04,0,0,0,0.2,5
